[04Oct2025 00:00:52.801] [main/INFO] [cpw.mods.modlauncher.Launcher/MODLAUNCHER]: ModLauncher running: args [--launchTarget, forgeserver, --fml.forgeVersion, 47.4.0, --fml.mcVersion, 1.20.1, --fml.forgeGroup, net.minecraftforge, --fml.mcpVersion, 20230612.114412, nogui]
[04Oct2025 00:00:52.809] [main/INFO] [cpw.mods.modlauncher.Launcher/MODLAUNCHER]: ModLauncher 10.0.9+10.0.9+main.dcd20f30 starting: java version 21 by Oracle Corporation; OS Linux arch amd64 version 6.1.0-32-cloud-amd64
[04Oct2025 00:00:54.733] [main/INFO] [net.minecraftforge.fml.loading.ImmediateWindowHandler/]: ImmediateWindowProvider not loading because launch target is forgeserver
[04Oct2025 00:00:54.857] [main/INFO] [mixin/]: SpongePowered MIXIN Subsystem Version=0.8.5 Source=union:/home/debian/minecraft/server/libraries/org/spongepowered/mixin/0.8.5/mixin-0.8.5.jar%2365!/ Service=ModLauncher Env=SERVER
[04Oct2025 00:00:55.723] [main/WARN] [net.minecraftforge.fml.loading.moddiscovery.ModDiscoverer/SCAN]: Locator {mods folder locator at /home/debian/minecraft/server/mods} returned 1 files which are client-side-only mods, but we're on a dedicated server. They will be skipped!
[04Oct2025 00:00:55.858] [main/WARN] [net.minecraftforge.fml.loading.moddiscovery.ModFileParser/LOADING]: Mod file /home/debian/minecraft/server/libraries/net/minecraftforge/fmlcore/1.20.1-47.4.0/fmlcore-1.20.1-47.4.0.jar is missing mods.toml file
[04Oct2025 00:00:55.861] [main/WARN] [net.minecraftforge.fml.loading.moddiscovery.ModFileParser/LOADING]: Mod file /home/debian/minecraft/server/libraries/net/minecraftforge/javafmllanguage/1.20.1-47.4.0/javafmllanguage-1.20.1-47.4.0.jar is missing mods.toml file
[04Oct2025 00:00:55.864] [main/WARN] [net.minecraftforge.fml.loading.moddiscovery.ModFileParser/LOADING]: Mod file /home/debian/minecraft/server/libraries/net/minecraftforge/lowcodelanguage/1.20.1-47.4.0/lowcodelanguage-1.20.1-47.4.0.jar is missing mods.toml file
[04Oct2025 00:00:55.865] [main/WARN] [net.minecraftforge.fml.loading.moddiscovery.ModFileParser/LOADING]: Mod file /home/debian/minecraft/server/libraries/net/minecraftforge/mclanguage/1.20.1-47.4.0/mclanguage-1.20.1-47.4.0.jar is missing mods.toml file
[04Oct2025 00:00:56.630] [main/INFO] [net.minecraftforge.fml.loading.moddiscovery.JarInJarDependencyLocator/]: Found 15 dependencies adding them to mods collection
[04Oct2025 00:01:04.690] [main/INFO] [mixin/]: Compatibility level set to JAVA_17
[04Oct2025 00:01:05.179] [main/INFO] [cpw.mods.modlauncher.LaunchServiceHandler/MODLAUNCHER]: Launching target 'forgeserver' with arguments [nogui]
[04Oct2025 00:01:05.563] [main/INFO] [ModernFix/]: Loaded configuration file for ModernFix 5.24.4+mc1.20.1: 96 options available, 0 override(s) found
[04Oct2025 00:01:05.570] [main/INFO] [ModernFix/]: Applying Nashorn fix
[04Oct2025 00:01:05.628] [main/INFO] [ModernFix/]: Applied Forge config corruption patch
[04Oct2025 00:01:05.925] [main/INFO] [Embeddium/]: Loaded configuration file for Embeddium: 174 options available, 0 override(s) found
[04Oct2025 00:01:05.956] [main/WARN] [mixin/]: Reference map 'tconstruct_js.refmap.json' for tconstruct_js.mixins.json could not be read. If this is a development environment you can ignore this message
[04Oct2025 00:01:06.497] [main/INFO] [net.minecraftforge.coremod.CoreMod.placebo/COREMODLOG]: Patching IForgeItemStack#getEnchantmentLevel
[04Oct2025 00:01:06.594] [main/INFO] [net.minecraftforge.coremod.CoreMod.placebo/COREMODLOG]: Patching IForgeItemStack#getEnchantmentLevel
[04Oct2025 00:01:08.019] [main/WARN] [mixin/]: Error loading class: com/copycatsplus/copycats/content/copycat/slab/CopycatSlabBlock (java.lang.ClassNotFoundException: com.copycatsplus.copycats.content.copycat.slab.CopycatSlabBlock)
[04Oct2025 00:01:08.027] [main/WARN] [mixin/]: @Mixin target com.copycatsplus.copycats.content.copycat.slab.CopycatSlabBlock was not found create_connected.mixins.json:compat.CopycatBlockMixin
[04Oct2025 00:01:08.029] [main/WARN] [mixin/]: Error loading class: com/copycatsplus/copycats/content/copycat/board/CopycatBoardBlock (java.lang.ClassNotFoundException: com.copycatsplus.copycats.content.copycat.board.CopycatBoardBlock)
[04Oct2025 00:01:08.029] [main/WARN] [mixin/]: @Mixin target com.copycatsplus.copycats.content.copycat.board.CopycatBoardBlock was not found create_connected.mixins.json:compat.CopycatBlockMixin
[04Oct2025 00:01:08.083] [main/WARN] [mixin/]: Error loading class: me/jellysquid/mods/lithium/common/ai/pathing/PathNodeDefaults (java.lang.ClassNotFoundException: me.jellysquid.mods.lithium.common.ai.pathing.PathNodeDefaults)
[04Oct2025 00:01:08.398] [main/WARN] [mixin/]: Error loading class: net/minecraft/client/renderer/entity/PhantomRenderer (java.lang.ClassNotFoundException: net.minecraft.client.renderer.entity.PhantomRenderer)
[04Oct2025 00:01:08.398] [main/WARN] [mixin/]: @Mixin target net.minecraft.client.renderer.entity.PhantomRenderer was not found mixins.deeperdarker.json:PhantomRendererMixin
[04Oct2025 00:01:08.780] [main/ERROR] [net.minecraftforge.fml.loading.RuntimeDistCleaner/DISTXFORM]: Attempted to load class net/minecraft/client/multiplayer/MultiPlayerGameMode for invalid dist DEDICATED_SERVER
[04Oct2025 00:01:08.781] [main/WARN] [mixin/]: Error loading class: net/minecraft/client/multiplayer/MultiPlayerGameMode (java.lang.RuntimeException: Attempted to load class net/minecraft/client/multiplayer/MultiPlayerGameMode for invalid dist DEDICATED_SERVER)
[04Oct2025 00:01:08.783] [main/WARN] [mixin/]: @Mixin target net.minecraft.client.multiplayer.MultiPlayerGameMode was not found mixins.cofhcore.json:MultiPlayerGameModeMixin
[04Oct2025 00:01:08.800] [main/WARN] [mixin/]: Error loading class: vazkii/quark/addons/oddities/inventory/BackpackMenu (java.lang.ClassNotFoundException: vazkii.quark.addons.oddities.inventory.BackpackMenu)
[04Oct2025 00:01:08.803] [main/WARN] [mixin/]: Error loading class: net/minecraft/client/gui/screens/inventory/CraftingScreen (java.lang.ClassNotFoundException: net.minecraft.client.gui.screens.inventory.CraftingScreen)
[04Oct2025 00:01:08.804] [main/WARN] [mixin/]: @Mixin target net.minecraft.client.gui.screens.inventory.CraftingScreen was not found fastbench.mixins.json:MixinCraftingScreen
[04Oct2025 00:01:09.463] [main/ERROR] [net.minecraftforge.fml.loading.RuntimeDistCleaner/DISTXFORM]: Attempted to load class net/minecraft/client/resources/model/ModelBakery for invalid dist DEDICATED_SERVER
[04Oct2025 00:01:09.464] [main/WARN] [mixin/]: Error loading class: net/minecraft/client/resources/model/ModelBakery (java.lang.RuntimeException: Attempted to load class net/minecraft/client/resources/model/ModelBakery for invalid dist DEDICATED_SERVER)
[04Oct2025 00:01:09.465] [main/WARN] [mixin/]: @Mixin target net.minecraft.client.resources.model.ModelBakery was not found mixins.aae.json:client.ModelBakeryMixin
[04Oct2025 00:01:09.574] [main/WARN] [mixin/]: Error loading class: com/drmangotea/tfmg/blocks/machines/metal_processing/blast_furnace/BlastFurnaceOutputBlockEntity (java.lang.ClassNotFoundException: com.drmangotea.tfmg.blocks.machines.metal_processing.blast_furnace.BlastFurnaceOutputBlockEntity)
[04Oct2025 00:01:10.074] [main/INFO] [MixinExtras|Service/]: Initializing MixinExtras via com.llamalad7.mixinextras.service.MixinExtrasServiceImpl(version=0.4.1).
[04Oct2025 00:01:11.452] [main/WARN] [mixin/]: Static binding violation: PRIVATE @Overwrite method m_216202_ in modernfix-forge.mixins.json:perf.tag_id_caching.TagOrElementLocationMixin cannot reduce visibiliy of PUBLIC target method, visibility will be upgraded.
[04Oct2025 00:01:12.453] [main/INFO] [net.minecraft.server.Bootstrap/]: ModernFix reached bootstrap stage (25.72 s after launch)
[04Oct2025 00:01:12.879] [main/WARN] [mixin/]: @Final field delegatesByName:Ljava/util/Map; in modernfix-forge.mixins.json:perf.forge_registry_alloc.ForgeRegistryMixin should be final
[04Oct2025 00:01:12.881] [main/WARN] [mixin/]: @Final field delegatesByValue:Ljava/util/Map; in modernfix-forge.mixins.json:perf.forge_registry_alloc.ForgeRegistryMixin should be final
[04Oct2025 00:01:12.965] [main/INFO] [net.minecraftforge.coremod.CoreMod.placebo/COREMODLOG]: Patching IForgeItemStack#getEnchantmentLevel
[04Oct2025 00:01:12.967] [main/INFO] [net.minecraftforge.coremod.CoreMod.placebo/COREMODLOG]: Patching IForgeItemStack#getEnchantmentLevel
[04Oct2025 00:01:16.810] [main/INFO] [net.minecraft.server.Bootstrap/]: Vanilla bootstrap took 4351 milliseconds
[04Oct2025 00:01:17.802] [main/INFO] [net.minecraftforge.coremod.CoreMod.placebo/COREMODLOG]: Patching IForgeItemStack#getEnchantmentLevel
[04Oct2025 00:01:17.804] [main/INFO] [net.minecraftforge.coremod.CoreMod.placebo/COREMODLOG]: Patching IForgeItemStack#getEnchantmentLevel
[04Oct2025 00:01:22.514] [main/WARN] [mixin/]: Static binding violation: PRIVATE @Overwrite method m_47505_ in modernfix-common.mixins.json:perf.remove_biome_temperature_cache.BiomeMixin cannot reduce visibiliy of PUBLIC target method, visibility will be upgraded.
[04Oct2025 00:01:23.953] [modloading-worker-0/INFO] [STDOUT/]: [com.example.treechop.TreeChopMod:<init>:8]: [TreeChop] Mod loaded!
[04Oct2025 00:01:24.229] [modloading-worker-0/WARN] [net.minecraftforge.common.ForgeConfigSpec/CORE]: Configuration file /home/debian/minecraft/server/config/extendedcrafting-common.toml is not correct. Correcting
[04Oct2025 00:01:24.231] [modloading-worker-0/WARN] [net.minecraftforge.common.ForgeConfigSpec/CORE]: Incorrect key General was corrected from null to its default, SimpleCommentedConfig:{}. 
[04Oct2025 00:01:24.231] [modloading-worker-0/WARN] [net.minecraftforge.common.ForgeConfigSpec/CORE]: Incorrect key General.handheldWorkbench was corrected from null to its default, true. 
[04Oct2025 00:01:24.233] [modloading-worker-0/WARN] [net.minecraftforge.common.ForgeConfigSpec/CORE]: Incorrect key Combination Crafting was corrected from null to its default, SimpleCommentedConfig:{}. 
[04Oct2025 00:01:24.243] [modloading-worker-0/WARN] [net.minecraftforge.common.ForgeConfigSpec/CORE]: Incorrect key Combination Crafting.enabled was corrected from null to its default, true. 
[04Oct2025 00:01:24.244] [modloading-worker-0/WARN] [net.minecraftforge.common.ForgeConfigSpec/CORE]: Incorrect key Combination Crafting.powerCapacity was corrected from null to its default, 5000000. 
[04Oct2025 00:01:24.245] [modloading-worker-0/WARN] [net.minecraftforge.common.ForgeConfigSpec/CORE]: Incorrect key Combination Crafting.powerRate was corrected from null to its default, 500. 
[04Oct2025 00:01:24.246] [modloading-worker-0/WARN] [net.minecraftforge.common.ForgeConfigSpec/CORE]: Incorrect key Table Crafting was corrected from null to its default, SimpleCommentedConfig:{}. 
[04Oct2025 00:01:24.247] [modloading-worker-0/WARN] [net.minecraftforge.common.ForgeConfigSpec/CORE]: Incorrect key Table Crafting.enabled was corrected from null to its default, true. 
[04Oct2025 00:01:24.247] [modloading-worker-0/WARN] [net.minecraftforge.common.ForgeConfigSpec/CORE]: Incorrect key Table Crafting.autoTablesEnabled was corrected from null to its default, true. 
[04Oct2025 00:01:24.248] [modloading-worker-0/WARN] [net.minecraftforge.common.ForgeConfigSpec/CORE]: Incorrect key Table Crafting.useVanillaRecipes was corrected from null to its default, true. 
[04Oct2025 00:01:24.248] [modloading-worker-0/WARN] [net.minecraftforge.common.ForgeConfigSpec/CORE]: Incorrect key Table Crafting.autoTablePowerCapacity was corrected from null to its default, 500000. 
[04Oct2025 00:01:24.249] [modloading-worker-0/WARN] [net.minecraftforge.common.ForgeConfigSpec/CORE]: Incorrect key Table Crafting.autoTablePowerRate was corrected from null to its default, 500. 
[04Oct2025 00:01:24.249] [modloading-worker-0/WARN] [net.minecraftforge.common.ForgeConfigSpec/CORE]: Incorrect key Table Crafting.autoTableInsertPowerRate was corrected from null to its default, 100. 
[04Oct2025 00:01:24.251] [modloading-worker-0/WARN] [net.minecraftforge.common.ForgeConfigSpec/CORE]: Incorrect key Quantum Compression was corrected from null to its default, SimpleCommentedConfig:{}. 
[04Oct2025 00:01:24.252] [modloading-worker-0/WARN] [net.minecraftforge.common.ForgeConfigSpec/CORE]: Incorrect key Quantum Compression.enabled was corrected from null to its default, true. 
[04Oct2025 00:01:24.252] [modloading-worker-0/WARN] [net.minecraftforge.common.ForgeConfigSpec/CORE]: Incorrect key Quantum Compression.powerCapacity was corrected from null to its default, 10000000. 
[04Oct2025 00:01:24.253] [modloading-worker-0/WARN] [net.minecraftforge.common.ForgeConfigSpec/CORE]: Incorrect key Quantum Compression.powerRate was corrected from null to its default, 5000. 
[04Oct2025 00:01:24.254] [modloading-worker-0/WARN] [net.minecraftforge.common.ForgeConfigSpec/CORE]: Incorrect key Ender Crafting was corrected from null to its default, SimpleCommentedConfig:{}. 
[04Oct2025 00:01:24.255] [modloading-worker-0/WARN] [net.minecraftforge.common.ForgeConfigSpec/CORE]: Incorrect key Ender Crafting.enabled was corrected from null to its default, true. 
[04Oct2025 00:01:24.255] [modloading-worker-0/WARN] [net.minecraftforge.common.ForgeConfigSpec/CORE]: Incorrect key Ender Crafting.autoCrafterEnabled was corrected from null to its default, true. 
[04Oct2025 00:01:24.255] [modloading-worker-0/WARN] [net.minecraftforge.common.ForgeConfigSpec/CORE]: Incorrect key Ender Crafting.defaultTimeRequired was corrected from null to its default, 60. 
[04Oct2025 00:01:24.256] [modloading-worker-0/WARN] [net.minecraftforge.common.ForgeConfigSpec/CORE]: Incorrect key Ender Crafting.alternatorEffectiveness was corrected from null to its default, 0.01. 
[04Oct2025 00:01:24.262] [modloading-worker-0/WARN] [net.minecraftforge.common.ForgeConfigSpec/CORE]: Incorrect key Ender Crafting.autoCrafterPowerCapacity was corrected from null to its default, 500000. 
[04Oct2025 00:01:24.263] [modloading-worker-0/WARN] [net.minecraftforge.common.ForgeConfigSpec/CORE]: Incorrect key Ender Crafting.autoCrafterInsertPowerRate was corrected from null to its default, 100. 
[04Oct2025 00:01:24.265] [modloading-worker-0/WARN] [net.minecraftforge.common.ForgeConfigSpec/CORE]: Incorrect key Flux Crafting was corrected from null to its default, SimpleCommentedConfig:{}. 
[04Oct2025 00:01:24.265] [modloading-worker-0/WARN] [net.minecraftforge.common.ForgeConfigSpec/CORE]: Incorrect key Flux Crafting.enabled was corrected from null to its default, true. 
[04Oct2025 00:01:24.266] [modloading-worker-0/WARN] [net.minecraftforge.common.ForgeConfigSpec/CORE]: Incorrect key Flux Crafting.autoCrafterEnabled was corrected from null to its default, true. 
[04Oct2025 00:01:24.266] [modloading-worker-0/WARN] [net.minecraftforge.common.ForgeConfigSpec/CORE]: Incorrect key Flux Crafting.defaultPowerRate was corrected from null to its default, 400. 
[04Oct2025 00:01:24.267] [modloading-worker-0/WARN] [net.minecraftforge.common.ForgeConfigSpec/CORE]: Incorrect key Flux Crafting.powerCapacity was corrected from null to its default, 80000. 
[04Oct2025 00:01:24.267] [modloading-worker-0/WARN] [net.minecraftforge.common.ForgeConfigSpec/CORE]: Incorrect key Flux Crafting.autoCrafterPowerCapacity was corrected from null to its default, 500000. 
[04Oct2025 00:01:24.268] [modloading-worker-0/WARN] [net.minecraftforge.common.ForgeConfigSpec/CORE]: Incorrect key Flux Crafting.autoCrafterInsertPowerRate was corrected from null to its default, 100. 
[04Oct2025 00:01:24.270] [modloading-worker-0/WARN] [net.minecraftforge.common.ForgeConfigSpec/CORE]: Incorrect key Singularities was corrected from null to its default, SimpleCommentedConfig:{}. 
[04Oct2025 00:01:24.270] [modloading-worker-0/WARN] [net.minecraftforge.common.ForgeConfigSpec/CORE]: Incorrect key Singularities.enabled was corrected from null to its default, true. 
[04Oct2025 00:01:24.271] [modloading-worker-0/WARN] [net.minecraftforge.common.ForgeConfigSpec/CORE]: Incorrect key Singularities.defaultMaterialsRequired was corrected from null to its default, 10000. 
[04Oct2025 00:01:24.272] [modloading-worker-0/WARN] [net.minecraftforge.common.ForgeConfigSpec/CORE]: Incorrect key Singularities.defaultPowerRequired was corrected from null to its default, 5000000. 
[04Oct2025 00:01:24.272] [modloading-worker-0/WARN] [net.minecraftforge.common.ForgeConfigSpec/CORE]: Incorrect key Singularities.defaultRecipes was corrected from null to its default, true. 
[04Oct2025 00:01:24.273] [modloading-worker-0/WARN] [net.minecraftforge.common.ForgeConfigSpec/CORE]: Incorrect key Singularities.defaultCatalyst was corrected from null to its default, extendedcrafting:ultimate_catalyst. 
[04Oct2025 00:01:24.273] [modloading-worker-0/WARN] [net.minecraftforge.common.ForgeConfigSpec/CORE]: Incorrect key Singularities.ultimateSingularityRecipe was corrected from null to its default, true. 
[04Oct2025 00:01:24.275] [modloading-worker-0/WARN] [net.minecraftforge.common.ForgeConfigSpec/CORE]: Incorrect key Recipe Maker was corrected from null to its default, SimpleCommentedConfig:{}. 
[04Oct2025 00:01:24.276] [modloading-worker-0/WARN] [net.minecraftforge.common.ForgeConfigSpec/CORE]: Incorrect key Recipe Maker.enabled was corrected from null to its default, true. 
[04Oct2025 00:01:24.276] [modloading-worker-0/WARN] [net.minecraftforge.common.ForgeConfigSpec/CORE]: Incorrect key Recipe Maker.useTags was corrected from null to its default, false. 
[04Oct2025 00:01:24.276] [modloading-worker-0/WARN] [net.minecraftforge.common.ForgeConfigSpec/CORE]: Incorrect key Recipe Maker.useNBT was corrected from null to its default, true. 
[04Oct2025 00:01:24.797] [modloading-worker-0/INFO] [Bookshelf/]: Fixing MC-151457. Crafting remainder for minecraft:pufferfish_bucket is now minecraft:bucket.
[04Oct2025 00:01:24.799] [modloading-worker-0/INFO] [Bookshelf/]: Fixing MC-151457. Crafting remainder for minecraft:salmon_bucket is now minecraft:bucket.
[04Oct2025 00:01:24.799] [modloading-worker-0/INFO] [Bookshelf/]: Fixing MC-151457. Crafting remainder for minecraft:cod_bucket is now minecraft:bucket.
[04Oct2025 00:01:24.799] [modloading-worker-0/INFO] [Bookshelf/]: Fixing MC-151457. Crafting remainder for minecraft:tropical_fish_bucket is now minecraft:bucket.
[04Oct2025 00:01:24.800] [modloading-worker-0/INFO] [Bookshelf/]: Fixing MC-151457. Crafting remainder for minecraft:axolotl_bucket is now minecraft:bucket.
[04Oct2025 00:01:24.800] [modloading-worker-0/INFO] [Bookshelf/]: Fixing MC-151457. Crafting remainder for minecraft:powder_snow_bucket is now minecraft:bucket.
[04Oct2025 00:01:24.801] [modloading-worker-0/INFO] [Bookshelf/]: Fixing MC-151457. Crafting remainder for minecraft:tadpole_bucket is now minecraft:bucket.
[04Oct2025 00:01:25.879] [modloading-worker-0/INFO] [de.keksuccino.konkrete.Konkrete/]: [KONKRETE] Successfully initialized!
[04Oct2025 00:01:25.880] [modloading-worker-0/INFO] [de.keksuccino.konkrete.Konkrete/]: [KONKRETE] Server-side libs ready to use!
[04Oct2025 00:01:27.537] [modloading-worker-0/WARN] [mixin/]: Static binding violation: PRIVATE @Overwrite method m_215924_ in modernfix-forge.mixins.json:perf.tag_id_caching.TagEntryMixin cannot reduce visibiliy of PUBLIC target method, visibility will be upgraded.
[04Oct2025 00:01:27.927] [modloading-worker-0/INFO] [dev.architectury.networking.forge.NetworkManagerImpl/]: Registering C2S receiver with id architectury:sync_ids
[04Oct2025 00:01:28.137] [modloading-worker-0/INFO] [dev.architectury.networking.forge.NetworkManagerImpl/]: Registering C2S receiver with id polylib:container_packet_server
[04Oct2025 00:01:28.138] [modloading-worker-0/INFO] [dev.architectury.networking.forge.NetworkManagerImpl/]: Registering C2S receiver with id polylib:tile_data_server
[04Oct2025 00:01:28.138] [modloading-worker-0/INFO] [dev.architectury.networking.forge.NetworkManagerImpl/]: Registering C2S receiver with id polylib:tile_packet_server
[04Oct2025 00:01:28.326] [modloading-worker-0/INFO] [dev.architectury.networking.forge.NetworkManagerImpl/]: Registering C2S receiver with id ftblibrary:edit_nbt_response
[04Oct2025 00:01:28.388] [modloading-worker-0/INFO] [dev.architectury.networking.forge.NetworkManagerImpl/]: Registering C2S receiver with id ftbteams:open_gui
[04Oct2025 00:01:28.393] [modloading-worker-0/INFO] [dev.architectury.networking.forge.NetworkManagerImpl/]: Registering C2S receiver with id ftbteams:update_settings
[04Oct2025 00:01:28.400] [modloading-worker-0/INFO] [dev.architectury.networking.forge.NetworkManagerImpl/]: Registering C2S receiver with id ftbteams:send_message
[04Oct2025 00:01:28.414] [modloading-worker-0/INFO] [dev.architectury.networking.forge.NetworkManagerImpl/]: Registering C2S receiver with id ftbteams:create_party
[04Oct2025 00:01:28.418] [modloading-worker-0/INFO] [dev.architectury.networking.forge.NetworkManagerImpl/]: Registering C2S receiver with id ftbteams:player_gui_operation
[04Oct2025 00:01:29.067] [modloading-worker-0/ERROR] [net.creeperhost.ftbbackups.FTBBackups/]: backup_cron is invalid, restoring default value
[04Oct2025 00:01:29.092] [modloading-worker-0/INFO] [net.minecraftforge.common.ForgeMod/FORGEMOD]: Forge mod loading, version 47.4.0, for MC 1.20.1 with MCP 20230612.114412
[04Oct2025 00:01:29.092] [modloading-worker-0/INFO] [net.minecraftforge.common.MinecraftForge/FORGE]: MinecraftForge v47.4.0 Initialized
[04Oct2025 00:01:29.349] [modloading-worker-0/INFO] [net.creeperhost.ftbbackups.repack.org.quartz.impl.StdSchedulerFactory/]: Using default implementation for ThreadExecutor
[04Oct2025 00:01:29.429] [modloading-worker-0/WARN] [bigreactors/reprocessor]: The mod rubidium was detected: disabling morphing animation to avoid crashing while rendering.
[04Oct2025 00:01:29.445] [modloading-worker-0/INFO] [net.creeperhost.ftbbackups.repack.org.quartz.core.SchedulerSignalerImpl/]: Initialized Scheduler Signaller of type: class net.creeperhost.ftbbackups.repack.org.quartz.core.SchedulerSignalerImpl
[04Oct2025 00:01:29.454] [modloading-worker-0/INFO] [net.creeperhost.ftbbackups.repack.org.quartz.core.QuartzScheduler/]: Quartz Scheduler v.2.0.2 created.
[04Oct2025 00:01:29.457] [modloading-worker-0/INFO] [net.creeperhost.ftbbackups.repack.org.quartz.simpl.RAMJobStore/]: RAMJobStore initialized.
[04Oct2025 00:01:29.460] [modloading-worker-0/INFO] [net.creeperhost.ftbbackups.repack.org.quartz.core.QuartzScheduler/]: Scheduler meta-data: Quartz Scheduler (v2.0.2) 'ftbbackups2' with instanceId 'NON_CLUSTERED'
  Scheduler class: 'net.creeperhost.ftbbackups.repack.org.quartz.core.QuartzScheduler' - running locally.
  NOT STARTED.
  Currently in standby mode.
  Number of jobs executed: 0
  Using thread pool 'net.creeperhost.ftbbackups.repack.org.quartz.simpl.SimpleThreadPool' - with 1 threads.
  Using job-store 'net.creeperhost.ftbbackups.repack.org.quartz.simpl.RAMJobStore' - which does not support persistence. and is not clustered.

[04Oct2025 00:01:29.462] [modloading-worker-0/INFO] [net.creeperhost.ftbbackups.repack.org.quartz.impl.StdSchedulerFactory/]: Quartz scheduler 'ftbbackups2' initialized from an externally provided properties instance.
[04Oct2025 00:01:29.464] [modloading-worker-0/INFO] [net.creeperhost.ftbbackups.repack.org.quartz.impl.StdSchedulerFactory/]: Quartz scheduler version: 2.0.2
[04Oct2025 00:01:29.483] [modloading-worker-0/INFO] [net.creeperhost.ftbbackups.repack.org.quartz.core.QuartzScheduler/]: Scheduler ftbbackups2_$_NON_CLUSTERED started.
[04Oct2025 00:01:30.779] [modloading-worker-0/INFO] [dev.architectury.networking.forge.NetworkManagerImpl/]: Registering C2S receiver with id ftbquests:submit_task
[04Oct2025 00:01:30.780] [modloading-worker-0/INFO] [dev.architectury.networking.forge.NetworkManagerImpl/]: Registering C2S receiver with id ftbquests:claim_reward
[04Oct2025 00:01:30.783] [modloading-worker-0/INFO] [dev.architectury.networking.forge.NetworkManagerImpl/]: Registering C2S receiver with id ftbquests:get_emergency_items
[04Oct2025 00:01:30.785] [modloading-worker-0/INFO] [dev.architectury.networking.forge.NetworkManagerImpl/]: Registering C2S receiver with id ftbquests:claim_all_rewards
[04Oct2025 00:01:30.786] [modloading-worker-0/INFO] [dev.architectury.networking.forge.NetworkManagerImpl/]: Registering C2S receiver with id ftbquests:claim_choice_reward
[04Oct2025 00:01:30.797] [modloading-worker-0/INFO] [dev.architectury.networking.forge.NetworkManagerImpl/]: Registering C2S receiver with id ftbquests:toggle_pinned
[04Oct2025 00:01:30.798] [modloading-worker-0/INFO] [dev.architectury.networking.forge.NetworkManagerImpl/]: Registering C2S receiver with id ftbquests:toggle_chapter_pinned
[04Oct2025 00:01:30.800] [modloading-worker-0/INFO] [dev.architectury.networking.forge.NetworkManagerImpl/]: Registering C2S receiver with id ftbquests:toggle_editing_mode
[04Oct2025 00:01:30.801] [modloading-worker-0/INFO] [dev.architectury.networking.forge.NetworkManagerImpl/]: Registering C2S receiver with id ftbquests:force_save
[04Oct2025 00:01:30.803] [modloading-worker-0/INFO] [dev.architectury.networking.forge.NetworkManagerImpl/]: Registering C2S receiver with id ftbquests:set_custom_image
[04Oct2025 00:01:30.813] [modloading-worker-0/INFO] [dev.architectury.networking.forge.NetworkManagerImpl/]: Registering C2S receiver with id ftbquests:task_screen_config_resp
[04Oct2025 00:01:30.814] [modloading-worker-0/INFO] [dev.architectury.networking.forge.NetworkManagerImpl/]: Registering C2S receiver with id ftbquests:change_progress
[04Oct2025 00:01:30.816] [modloading-worker-0/INFO] [dev.architectury.networking.forge.NetworkManagerImpl/]: Registering C2S receiver with id ftbquests:create_object
[04Oct2025 00:01:30.818] [modloading-worker-0/INFO] [dev.architectury.networking.forge.NetworkManagerImpl/]: Registering C2S receiver with id ftbquests:create_task_at
[04Oct2025 00:01:30.819] [modloading-worker-0/INFO] [dev.architectury.networking.forge.NetworkManagerImpl/]: Registering C2S receiver with id ftbquests:delete_object
[04Oct2025 00:01:30.820] [modloading-worker-0/INFO] [dev.architectury.networking.forge.NetworkManagerImpl/]: Registering C2S receiver with id ftbquests:edit_object
[04Oct2025 00:01:30.822] [modloading-worker-0/INFO] [dev.architectury.networking.forge.NetworkManagerImpl/]: Registering C2S receiver with id ftbquests:move_chapter
[04Oct2025 00:01:30.824] [modloading-worker-0/INFO] [dev.architectury.networking.forge.NetworkManagerImpl/]: Registering C2S receiver with id ftbquests:move_quest
[04Oct2025 00:01:30.825] [modloading-worker-0/INFO] [dev.architectury.networking.forge.NetworkManagerImpl/]: Registering C2S receiver with id ftbquests:change_chapter_group
[04Oct2025 00:01:30.827] [modloading-worker-0/INFO] [dev.architectury.networking.forge.NetworkManagerImpl/]: Registering C2S receiver with id ftbquests:move_chapter_group
[04Oct2025 00:01:30.831] [modloading-worker-0/INFO] [dev.architectury.networking.forge.NetworkManagerImpl/]: Registering C2S receiver with id ftbquests:copy_quest
[04Oct2025 00:01:30.835] [modloading-worker-0/INFO] [dev.architectury.networking.forge.NetworkManagerImpl/]: Registering C2S receiver with id ftbquests:copy_chapter_image
[04Oct2025 00:01:30.836] [modloading-worker-0/INFO] [dev.architectury.networking.forge.NetworkManagerImpl/]: Registering C2S receiver with id ftbquests:sync_structures_request
[04Oct2025 00:01:30.838] [modloading-worker-0/INFO] [dev.architectury.networking.forge.NetworkManagerImpl/]: Registering C2S receiver with id ftbquests:request_team_data
[04Oct2025 00:01:31.892] [modloading-worker-0/INFO] [com.simibubi.create.Create/]: Create 6.0.6 initializing! Commit hash: 338bfa0aec952fa51656e8f61bd621ca9b3b2e00
[04Oct2025 00:01:32.209] [modloading-worker-0/INFO] [STDOUT/]: [com.enderio.core.EnderCore:onConstruct:25]: ================ Core construct ==================
[04Oct2025 00:01:32.219] [modloading-worker-0/INFO] [STDOUT/]: [com.enderio.conduits.EIOConduits:onConstruct:30]: ================ Conduits construct ==================
[04Oct2025 00:01:32.311] [modloading-worker-0/INFO] [com.oierbravo.create_mechanical_chicken.CreateMechanicalChicken/]: Registering blocks for Create Mechanical Chicken
[04Oct2025 00:01:32.786] [modloading-worker-0/INFO] [KubeJS/]: Loaded common.properties
[04Oct2025 00:01:32.791] [modloading-worker-0/INFO] [KubeJS/]: Loaded dev.properties
[04Oct2025 00:01:32.799] [modloading-worker-0/INFO] [KubeJS/]: Looking for KubeJS plugins...
[04Oct2025 00:01:32.817] [modloading-worker-0/INFO] [KubeJS/]: Found plugin source kubejs
[04Oct2025 00:01:32.833] [modloading-worker-0/WARN] [KubeJS/]: Plugin dev.latvian.mods.kubejs.forge.BuiltinKubeJSForgeClientPlugin does not load on server side, skipping
[04Oct2025 00:01:32.834] [modloading-worker-0/WARN] [KubeJS/]: Plugin dev.latvian.mods.kubejs.integration.forge.gamestages.GameStagesIntegration does not have required mod gamestages loaded, skipping
[04Oct2025 00:01:32.835] [modloading-worker-0/INFO] [KubeJS/]: Found plugin source kubejs_mekanism
[04Oct2025 00:01:32.928] [modloading-worker-0/INFO] [KubeJS/]: Found plugin source kubejs_enderio
[04Oct2025 00:01:32.930] [modloading-worker-0/INFO] [KubeJS/]: Found plugin source createdieselgenerators
[04Oct2025 00:01:32.961] [modloading-worker-0/INFO] [KubeJS/]: Found plugin source ftbxmodcompat
[04Oct2025 00:01:32.964] [modloading-worker-0/WARN] [KubeJS/]: Plugin dev.ftb.mods.ftbxmodcompat.ftbchunks.kubejs.FTBChunksKubeJSPlugin does not have required mod ftbchunks loaded, skipping
[04Oct2025 00:01:32.965] [modloading-worker-0/WARN] [KubeJS/]: Plugin dev.ftb.mods.ftbxmodcompat.ftbfiltersystem.kubejs.FFSKubeJSPlugin does not have required mod ftbfiltersystem loaded, skipping
[04Oct2025 00:01:32.965] [modloading-worker-0/INFO] [KubeJS/]: Found plugin source tconstruct_js
[04Oct2025 00:01:32.967] [modloading-worker-0/INFO] [KubeJS/]: Found plugin source cucumber
[04Oct2025 00:01:32.969] [modloading-worker-0/INFO] [KubeJS/]: Found plugin source createsifter
[04Oct2025 00:01:33.008] [modloading-worker-0/INFO] [KubeJS/]: Found plugin source createoreexcavation
[04Oct2025 00:01:33.011] [modloading-worker-0/INFO] [KubeJS/]: Found plugin source kubejs_create
[04Oct2025 00:01:33.093] [modloading-worker-0/INFO] [KubeJS/]: Done in 288.1 ms
[04Oct2025 00:01:33.195] [modloading-worker-0/INFO] [FTB XMod Compat/]: [FTB Quests] Enabled KubeJS integration
[04Oct2025 00:01:33.310] [modloading-worker-0/INFO] [Rhino Script Remapper/]: Loading Rhino Minecraft remapper...
[04Oct2025 00:01:33.315] [modloading-worker-0/INFO] [dev.latvian.mods.rhino.mod.util.RhinoProperties/]: Rhino properties loaded.
[04Oct2025 00:01:33.320] [modloading-worker-0/INFO] [Rhino Script Remapper/]: Loading mappings for 1.20.1
[04Oct2025 00:01:33.662] [modloading-worker-0/INFO] [Rhino Script Remapper/]: Done in 0.347 s
[04Oct2025 00:01:34.288] [modloading-worker-0/INFO] [KubeJS/]: Added bindings for script type STARTUP from mod 'almostunified': [AlmostUnified]
[04Oct2025 00:01:34.393] [modloading-worker-0/INFO] [KubeJS Startup/]: Loaded script startup_scripts:infuse_types/fluorite.js in 0.101 s
[04Oct2025 00:01:34.399] [modloading-worker-0/INFO] [KubeJS Startup/]: Loaded script startup_scripts:blocks/raw_aerolyte_block.js in 0.006 s
[04Oct2025 00:01:34.403] [modloading-worker-0/INFO] [KubeJS Startup/]: Loaded script startup_scripts:blocks/aerolyte_block.js in 0.003 s
[04Oct2025 00:01:34.411] [modloading-worker-0/INFO] [KubeJS Startup/]: Loaded script startup_scripts:blocks/infinity_block.js in 0.008 s
[04Oct2025 00:01:34.412] [modloading-worker-0/INFO] [KubeJS Startup/]: Loaded script startup_scripts:blocks/osmium_casing.js in 0.001 s
[04Oct2025 00:01:34.414] [modloading-worker-0/INFO] [KubeJS Startup/]: Loaded script startup_scripts:blocks/mercury_aerolyte_ore.js in 0.001 s
[04Oct2025 00:01:34.415] [modloading-worker-0/INFO] [KubeJS Startup/]: Loaded script startup_scripts:blocks/crushed_netherrack.js in 0.001 s
[04Oct2025 00:01:34.418] [modloading-worker-0/INFO] [KubeJS Startup/]: Loaded script startup_scripts:constants.js in 0.003 s
[04Oct2025 00:01:34.427] [modloading-worker-0/INFO] [KubeJS Startup/]: Loaded script startup_scripts:slurries/aerolyte.js in 0.009 s
[04Oct2025 00:01:34.429] [modloading-worker-0/INFO] [KubeJS Startup/]: Loaded script startup_scripts:slurries/platinum.js in 0.001 s
[04Oct2025 00:01:34.439] [modloading-worker-0/INFO] [KubeJS Startup/]: Loaded script startup_scripts:slurries/desh.js in 0.001 s
[04Oct2025 00:01:34.440] [modloading-worker-0/INFO] [KubeJS Startup/]: Loaded script startup_scripts:slurries/nickel.js in 0.001 s
[04Oct2025 00:01:34.441] [modloading-worker-0/INFO] [KubeJS Startup/]: Loaded script startup_scripts:slurries/zinc.js in 0.001 s
[04Oct2025 00:01:34.442] [modloading-worker-0/INFO] [KubeJS Startup/]: Loaded script startup_scripts:slurries/calorite.js in 0.001 s
[04Oct2025 00:01:34.443] [modloading-worker-0/INFO] [KubeJS Startup/]: Loaded script startup_scripts:slurries/aluminum.js in 0.001 s
[04Oct2025 00:01:34.458] [modloading-worker-0/INFO] [KubeJS Startup/]: Loaded script startup_scripts:slurries/ostrum.js in 0.003 s
[04Oct2025 00:01:34.459] [modloading-worker-0/INFO] [KubeJS Startup/]: Loaded script startup_scripts:slurries/silver.js in 0.001 s
[04Oct2025 00:01:34.460] [modloading-worker-0/INFO] [KubeJS Startup/]: Loaded script startup_scripts:slurries/cobalt.js in 0.001 s
[04Oct2025 00:01:34.476] [modloading-worker-0/INFO] [KubeJS Startup/]: Loaded script startup_scripts:functions.js in 0.015 s
[04Oct2025 00:01:34.477] [modloading-worker-0/INFO] [KubeJS Startup/]: Loaded script startup_scripts:fluids/liquid_sculk.js in 0.001 s
[04Oct2025 00:01:34.477] [modloading-worker-0/INFO] [KubeJS Startup/]: Loaded script startup_scripts:fluids/molten_redstone_alloy.js in 0.0 s
[04Oct2025 00:01:34.478] [modloading-worker-0/INFO] [KubeJS Startup/]: Loaded script startup_scripts:fluids/liquid_infinity.js in 0.0 s
[04Oct2025 00:01:34.479] [modloading-worker-0/INFO] [KubeJS Startup/]: Loaded script startup_scripts:fluids/molten_necrotic_bone.js in 0.0 s
[04Oct2025 00:01:34.483] [modloading-worker-0/INFO] [KubeJS Startup/]: Loaded script startup_scripts:fluids/molten_pulsating_alloy.js in 0.001 s
[04Oct2025 00:01:34.486] [modloading-worker-0/INFO] [KubeJS Startup/]: Loaded script startup_scripts:fluids/molten_soularium.js in 0.003 s
[04Oct2025 00:01:34.487] [modloading-worker-0/INFO] [KubeJS Startup/]: Loaded script startup_scripts:fluids/molten_vibrant_alloy.js in 0.0 s
[04Oct2025 00:01:34.490] [modloading-worker-0/INFO] [KubeJS Startup/]: Loaded script startup_scripts:fluids/molten_fluix.js in 0.0 s
[04Oct2025 00:01:34.492] [modloading-worker-0/INFO] [KubeJS Startup/]: Loaded script startup_scripts:fluids/molten_calorite.js in 0.0 s
[04Oct2025 00:01:34.493] [modloading-worker-0/INFO] [KubeJS Startup/]: Loaded script startup_scripts:fluids/molten_copper_alloy.js in 0.0 s
[04Oct2025 00:01:34.494] [modloading-worker-0/INFO] [KubeJS Startup/]: Loaded script startup_scripts:fluids/molten_dark_steel.js in 0.001 s
[04Oct2025 00:01:34.496] [modloading-worker-0/INFO] [KubeJS Startup/]: Loaded script startup_scripts:fluids/molten_energetic_alloy.js in 0.0 s
[04Oct2025 00:01:34.498] [modloading-worker-0/INFO] [KubeJS Startup/]: Loaded script startup_scripts:fluids/molten_desh.js in 0.001 s
[04Oct2025 00:01:34.506] [modloading-worker-0/INFO] [KubeJS Startup/]: Loaded script startup_scripts:fluids/molten_ostrum.js in 0.0 s
[04Oct2025 00:01:34.508] [modloading-worker-0/INFO] [KubeJS Startup/]: Loaded script startup_scripts:fluids/molten_etrium.js in 0.0 s
[04Oct2025 00:01:34.509] [modloading-worker-0/INFO] [KubeJS Startup/]: Loaded script startup_scripts:fluids/molten_end_steel.js in 0.0 s
[04Oct2025 00:01:34.510] [modloading-worker-0/INFO] [KubeJS Startup/]: Loaded script startup_scripts:fluids/molten_conductive_alloy.js in 0.0 s
[04Oct2025 00:01:34.510] [modloading-worker-0/INFO] [KubeJS Startup/]: Loaded script startup_scripts:fluids/molten_aerolyte.js in 0.0 s
[04Oct2025 00:01:34.511] [modloading-worker-0/INFO] [KubeJS Startup/]: Loaded script startup_scripts:items/dirty_dust_cobalt.js in 0.0 s
[04Oct2025 00:01:34.512] [modloading-worker-0/INFO] [KubeJS Startup/]: Loaded script startup_scripts:items/clump_cobalt.js in 0.0 s
[04Oct2025 00:01:34.513] [modloading-worker-0/INFO] [KubeJS Startup/]: Loaded script startup_scripts:items/crystal_ostrum.js in 0.0 s
[04Oct2025 00:01:34.520] [modloading-worker-0/INFO] [KubeJS Startup/]: Loaded script startup_scripts:items/crystal_nickel.js in 0.001 s
[04Oct2025 00:01:34.521] [modloading-worker-0/INFO] [KubeJS Startup/]: Loaded script startup_scripts:items/clump_aerolyte.js in 0.0 s
[04Oct2025 00:01:34.522] [modloading-worker-0/INFO] [KubeJS Startup/]: Loaded script startup_scripts:items/crystal_aluminum.js in 0.0 s
[04Oct2025 00:01:34.523] [modloading-worker-0/INFO] [KubeJS Startup/]: Loaded script startup_scripts:items/crystal_silver.js in 0.0 s
[04Oct2025 00:01:34.524] [modloading-worker-0/INFO] [KubeJS Startup/]: Loaded script startup_scripts:items/aerolyte_nugget.js in 0.0 s
[04Oct2025 00:01:34.532] [modloading-worker-0/INFO] [KubeJS Startup/]: Loaded script startup_scripts:items/shulker_scute.js in 0.001 s
[04Oct2025 00:01:34.533] [modloading-worker-0/INFO] [KubeJS Startup/]: Loaded script startup_scripts:items/infinity_ingot.js in 0.001 s
[04Oct2025 00:01:34.534] [modloading-worker-0/INFO] [KubeJS Startup/]: Loaded script startup_scripts:items/shard_nickel.js in 0.0 s
[04Oct2025 00:01:34.535] [modloading-worker-0/INFO] [KubeJS Startup/]: Loaded script startup_scripts:items/dirty_dust_aerolyte.js in 0.0 s
[04Oct2025 00:01:34.536] [modloading-worker-0/INFO] [KubeJS Startup/]: Loaded script startup_scripts:items/clump_desh.js in 0.0 s
[04Oct2025 00:01:34.537] [modloading-worker-0/INFO] [KubeJS Startup/]: Loaded script startup_scripts:items/jelly_ingot.js in 0.0 s
[04Oct2025 00:01:34.548] [modloading-worker-0/INFO] [KubeJS Startup/]: Loaded script startup_scripts:items/dirty_dust_calorite.js in 0.001 s
[04Oct2025 00:01:34.549] [modloading-worker-0/INFO] [KubeJS Startup/]: Loaded script startup_scripts:items/shard_aluminum.js in 0.0 s
[04Oct2025 00:01:34.550] [modloading-worker-0/INFO] [KubeJS Startup/]: Loaded script startup_scripts:items/shard_zinc.js in 0.0 s
[04Oct2025 00:01:34.551] [modloading-worker-0/INFO] [KubeJS Startup/]: Loaded script startup_scripts:items/aerolyte_plate.js in 0.0 s
[04Oct2025 00:01:34.552] [modloading-worker-0/INFO] [KubeJS Startup/]: Loaded script startup_scripts:items/clump_silver.js in 0.0 s
[04Oct2025 00:01:34.553] [modloading-worker-0/INFO] [KubeJS Startup/]: Loaded script startup_scripts:items/dirty_dust_desh.js in 0.0 s
[04Oct2025 00:01:34.554] [modloading-worker-0/INFO] [KubeJS Startup/]: Loaded script startup_scripts:items/clump_aluminum.js in 0.0 s
[04Oct2025 00:01:34.555] [modloading-worker-0/INFO] [KubeJS Startup/]: Loaded script startup_scripts:items/shard_platinum.js in 0.0 s
[04Oct2025 00:01:34.558] [modloading-worker-0/INFO] [KubeJS Startup/]: Loaded script startup_scripts:items/create_mechanism.js in 0.002 s
[04Oct2025 00:01:34.559] [modloading-worker-0/INFO] [KubeJS Startup/]: Loaded script startup_scripts:items/raw_quartz.js in 0.001 s
[04Oct2025 00:01:34.568] [modloading-worker-0/INFO] [KubeJS Startup/]: Loaded script startup_scripts:items/dirty_dust_platinum.js in 0.001 s
[04Oct2025 00:01:34.569] [modloading-worker-0/INFO] [KubeJS Startup/]: Loaded script startup_scripts:items/platinum_nugget.js in 0.0 s
[04Oct2025 00:01:34.570] [modloading-worker-0/INFO] [KubeJS Startup/]: Loaded script startup_scripts:items/shard_aerolyte.js in 0.001 s
[04Oct2025 00:01:34.571] [modloading-worker-0/INFO] [KubeJS Startup/]: Loaded script startup_scripts:items/ingot_aerolyte.js in 0.001 s
[04Oct2025 00:01:34.572] [modloading-worker-0/INFO] [KubeJS Startup/]: Loaded script startup_scripts:items/shard_cobalt.js in 0.001 s
[04Oct2025 00:01:34.572] [modloading-worker-0/INFO] [KubeJS Startup/]: Loaded script startup_scripts:items/crushed_raw_cobalt.js in 0.0 s
[04Oct2025 00:01:34.573] [modloading-worker-0/INFO] [KubeJS Startup/]: Loaded script startup_scripts:items/crystal_desh.js in 0.0 s
[04Oct2025 00:01:34.574] [modloading-worker-0/INFO] [KubeJS Startup/]: Loaded script startup_scripts:items/crushed_raw_aerolyte.js in 0.0 s
[04Oct2025 00:01:34.575] [modloading-worker-0/INFO] [KubeJS Startup/]: Loaded script startup_scripts:items/clump_platinum.js in 0.0 s
[04Oct2025 00:01:34.576] [modloading-worker-0/INFO] [KubeJS Startup/]: Loaded script startup_scripts:items/mold.js in 0.0 s
[04Oct2025 00:01:34.576] [modloading-worker-0/INFO] [KubeJS Startup/]: Loaded script startup_scripts:items/raw_aerolyte.js in 0.0 s
[04Oct2025 00:01:34.577] [modloading-worker-0/INFO] [KubeJS Startup/]: Loaded script startup_scripts:items/crystal_calorite.js in 0.0 s
[04Oct2025 00:01:34.578] [modloading-worker-0/INFO] [KubeJS Startup/]: Loaded script startup_scripts:items/shard_desh.js in 0.0 s
[04Oct2025 00:01:34.580] [modloading-worker-0/INFO] [KubeJS Startup/]: Loaded script startup_scripts:items/dirty_dust_zinc.js in 0.001 s
[04Oct2025 00:01:34.581] [modloading-worker-0/INFO] [KubeJS Startup/]: Loaded script startup_scripts:items/clump_ostrum.js in 0.0 s
[04Oct2025 00:01:34.592] [modloading-worker-0/INFO] [KubeJS Startup/]: Loaded script startup_scripts:items/crystal_cobalt.js in 0.001 s
[04Oct2025 00:01:34.593] [modloading-worker-0/INFO] [KubeJS Startup/]: Loaded script startup_scripts:items/shard_silver.js in 0.0 s
[04Oct2025 00:01:34.594] [modloading-worker-0/INFO] [KubeJS Startup/]: Loaded script startup_scripts:items/dirty_dust_silver.js in 0.0 s
[04Oct2025 00:01:34.595] [modloading-worker-0/INFO] [KubeJS Startup/]: Loaded script startup_scripts:items/clump_calorite.js in 0.0 s
[04Oct2025 00:01:34.596] [modloading-worker-0/INFO] [KubeJS Startup/]: Loaded script startup_scripts:items/clump_zinc.js in 0.0 s
[04Oct2025 00:01:34.597] [modloading-worker-0/INFO] [KubeJS Startup/]: Loaded script startup_scripts:items/dirty_dust_nickel.js in 0.0 s
[04Oct2025 00:01:34.598] [modloading-worker-0/INFO] [KubeJS Startup/]: Loaded script startup_scripts:items/crystal_platinum.js in 0.001 s
[04Oct2025 00:01:34.599] [modloading-worker-0/INFO] [KubeJS Startup/]: Loaded script startup_scripts:items/shard_calorite.js in 0.001 s
[04Oct2025 00:01:34.600] [modloading-worker-0/INFO] [KubeJS Startup/]: Loaded script startup_scripts:items/dirty_dust_aluminum.js in 0.001 s
[04Oct2025 00:01:34.601] [modloading-worker-0/INFO] [KubeJS Startup/]: Loaded script startup_scripts:items/crystal_zinc.js in 0.001 s
[04Oct2025 00:01:34.602] [modloading-worker-0/INFO] [KubeJS Startup/]: Loaded script startup_scripts:items/raw_lapis_lazuli.js in 0.0 s
[04Oct2025 00:01:34.603] [modloading-worker-0/INFO] [KubeJS Startup/]: Loaded script startup_scripts:items/crystal_aerolyte.js in 0.001 s
[04Oct2025 00:01:34.604] [modloading-worker-0/INFO] [KubeJS Startup/]: Loaded script startup_scripts:items/shard_ostrum.js in 0.001 s
[04Oct2025 00:01:34.608] [modloading-worker-0/INFO] [KubeJS Startup/]: Loaded script startup_scripts:items/dust.js in 0.001 s
[04Oct2025 00:01:34.616] [modloading-worker-0/INFO] [KubeJS Startup/]: Loaded script startup_scripts:items/dirty_dust_ostrum.js in 0.001 s
[04Oct2025 00:01:34.617] [modloading-worker-0/INFO] [KubeJS Startup/]: Loaded script startup_scripts:items/clump_nickel.js in 0.0 s
[04Oct2025 00:01:34.618] [modloading-worker-0/INFO] [KubeJS Startup/]: Loaded script startup_scripts:items/andesite_nugget.js in 0.0 s
[04Oct2025 00:01:34.623] [modloading-worker-0/INFO] [KubeJS Startup/]: Loaded 93/93 KubeJS startup scripts in 0.956 s with 0 errors and 0 warnings
[04Oct2025 00:01:34.855] [modloading-worker-0/INFO] [dev.architectury.networking.forge.NetworkManagerImpl/]: Registering C2S receiver with id kubejs:send_data_from_client
[04Oct2025 00:01:34.859] [modloading-worker-0/INFO] [dev.architectury.networking.forge.NetworkManagerImpl/]: Registering C2S receiver with id kubejs:first_click
[04Oct2025 00:01:34.872] [modloading-worker-0/INFO] [com.almostreliable.kubeio.ModInitializer/]: Loading EnderIO integration for KubeJS
[04Oct2025 00:01:36.183] [modloading-worker-0/INFO] [MEGA Cells/]: Initialised items.
[04Oct2025 00:01:36.218] [modloading-worker-0/INFO] [MEGA Cells/]: Initialised blocks.
[04Oct2025 00:01:36.231] [modloading-worker-0/INFO] [MEGA Cells/]: Initialised block entities.
[04Oct2025 00:01:36.244] [modloading-worker-0/INFO] [MEGA Cells/]: Initialised Applied Mekanistics integration.
[04Oct2025 00:01:37.477] [modloading-worker-0/INFO] [com.liberty.mekanism.addon.adastra.ForgeMod/]: Registered 16 items from the mod
[04Oct2025 00:01:38.922] [FTB Backups Config Watcher 0/INFO] [net.creeperhost.ftbbackups.FTBBackups/]: Config at /home/debian/minecraft/server/config/ftbbackups2.json has changed, reloaded!
[04Oct2025 00:01:45.221] [main/INFO] [dev.architectury.networking.forge.NetworkManagerImpl/]: Registering C2S receiver with id ae2wtlib:cycle_terminal
[04Oct2025 00:01:46.547] [main/INFO] [ModernFix/]: Bypassed Mojang DFU
[04Oct2025 00:01:46.548] [main/INFO] [ModernFix/]: Instantiating Mojang DFU
[04Oct2025 00:01:50.165] [Thread-0/INFO] [ModernFix/]: Please use /mfsrc to reload any changed mod config files
[04Oct2025 00:01:50.277] [main/WARN] [net.minecraftforge.common.ForgeConfigSpec/CORE]: Configuration file /home/debian/minecraft/server/config/cucumber-common.toml is not correct. Correcting
[04Oct2025 00:01:50.279] [main/WARN] [net.minecraftforge.common.ForgeConfigSpec/CORE]: Incorrect key General was corrected from null to its default, SimpleCommentedConfig:{}. 
[04Oct2025 00:01:50.279] [main/WARN] [net.minecraftforge.common.ForgeConfigSpec/CORE]: Incorrect key General.modTagPriorities was corrected from null to its default, [thermal, mekanism, tconstruct, immersiveengineering, appliedenergistics2]. 
[04Oct2025 00:01:50.280] [main/WARN] [net.minecraftforge.common.ForgeConfigSpec/CORE]: Incorrect key General.autoRefreshTagOptions was corrected from null to its default, true. 
[04Oct2025 00:01:50.309] [main/INFO] [com.tom.createores.CreateOreExcavation/]: Loaded Create Ore Excavation config file createoreexcavation-common.toml
[04Oct2025 00:01:50.334] [main/WARN] [net.minecraftforge.common.ForgeConfigSpec/CORE]: Configuration file /home/debian/minecraft/server/config/fluxnetworks-common.toml is not correct. Correcting
[04Oct2025 00:01:50.335] [main/WARN] [net.minecraftforge.common.ForgeConfigSpec/CORE]: Incorrect key placeholder was corrected from null to its default, true. 
[04Oct2025 00:01:50.338] [main/WARN] [net.minecraftforge.common.ForgeConfigSpec/CORE]: Incorrect key OneProbe was corrected from null to its default, SimpleCommentedConfig:{}. 
[04Oct2025 00:01:50.338] [main/WARN] [net.minecraftforge.common.ForgeConfigSpec/CORE]: Incorrect key OneProbe.enableOneProbeBasicInfo was corrected from null to its default, true. 
[04Oct2025 00:01:50.339] [main/WARN] [net.minecraftforge.common.ForgeConfigSpec/CORE]: Incorrect key OneProbe.enableOneProbeAdvancedInfo was corrected from null to its default, true. 
[04Oct2025 00:01:50.339] [main/WARN] [net.minecraftforge.common.ForgeConfigSpec/CORE]: Incorrect key OneProbe.enableOneProbeSneaking was corrected from null to its default, true. 
[04Oct2025 00:01:50.341] [main/WARN] [net.minecraftforge.common.ForgeConfigSpec/CORE]: Incorrect key integration was corrected from null to its default, SimpleCommentedConfig:{}. 
[04Oct2025 00:01:50.341] [main/WARN] [net.minecraftforge.common.ForgeConfigSpec/CORE]: Incorrect key integration.enableGTCEU was corrected from null to its default, true. 
[04Oct2025 00:01:50.808] [modloading-worker-0/INFO] [thetadev.constructionwand.ConstructionWand/]: ConstructionWand says hello - may the odds be ever in your favor.
[04Oct2025 00:01:50.820] [modloading-worker-0/INFO] [FTB Library/]: Setting game stages provider implementation to: KubeJS Stages
[04Oct2025 00:01:50.820] [modloading-worker-0/INFO] [FTB XMod Compat/]: Chose [KubeJS Stages] as the active game stages implementation
[04Oct2025 00:01:50.822] [modloading-worker-0/INFO] [FTB XMod Compat/]: Chose [FALLBACK] as the active permissions implementation
[04Oct2025 00:01:50.824] [modloading-worker-0/INFO] [FTB XMod Compat/]: [FTB Quests] recipe helper provider is [JEI]
[04Oct2025 00:01:50.897] [Forge Version Check/INFO] [net.minecraftforge.fml.VersionChecker/]: [extendedcrafting] Starting version check at https://api.blakesmods.com/v2/mods/extendedcrafting/1.20/updates
[04Oct2025 00:01:50.968] [modloading-worker-0/INFO] [com.tom.createores.CreateOreExcavation/]: Create Ore Excavation starting
[04Oct2025 00:01:50.989] [modloading-worker-0/INFO] [com.tom.createores.CreateOreExcavation/]: Initilaized Network Handler
[04Oct2025 00:01:51.010] [modloading-worker-0/INFO] [com.jaquadro.minecraft.storagedrawers.ModServices/]: New compacting rule 4 clay_ball = 1 clay
[04Oct2025 00:01:51.012] [modloading-worker-0/INFO] [com.jaquadro.minecraft.storagedrawers.ModServices/]: New compacting rule 4 snowball = 1 snow_block
[04Oct2025 00:01:51.012] [modloading-worker-0/INFO] [com.jaquadro.minecraft.storagedrawers.ModServices/]: New compacting rule 4 glowstone_dust = 1 glowstone
[04Oct2025 00:01:51.012] [modloading-worker-0/INFO] [com.jaquadro.minecraft.storagedrawers.ModServices/]: New compacting rule 4 brick = 1 bricks
[04Oct2025 00:01:51.013] [modloading-worker-0/INFO] [com.jaquadro.minecraft.storagedrawers.ModServices/]: New compacting rule 4 nether_brick = 1 nether_bricks
[04Oct2025 00:01:51.013] [modloading-worker-0/INFO] [com.jaquadro.minecraft.storagedrawers.ModServices/]: New compacting rule 9 nether_wart = 1 nether_wart_block
[04Oct2025 00:01:51.013] [modloading-worker-0/INFO] [com.jaquadro.minecraft.storagedrawers.ModServices/]: New compacting rule 4 quartz = 1 quartz_block
[04Oct2025 00:01:51.013] [modloading-worker-0/INFO] [com.jaquadro.minecraft.storagedrawers.ModServices/]: New compacting rule 9 melon_slice = 1 melon
[04Oct2025 00:01:51.055] [modloading-worker-0/INFO] [com.jaquadro.minecraft.storagedrawers.ModServices/]: New compacting rule 4 clay_ball = 1 clay
[04Oct2025 00:01:51.059] [modloading-worker-0/INFO] [mekanism.common.Mekanism/]: Version 10.4.16 initializing...
[04Oct2025 00:01:51.062] [modloading-worker-0/INFO] [com.jaquadro.minecraft.storagedrawers.ModServices/]: New blacklisted item creative_vending_upgrade
[04Oct2025 00:01:51.067] [modloading-worker-0/INFO] [meranha.mekaweapons.MekaWeapons/]: Loaded 'Mekanism: Weapons' module.
[04Oct2025 00:01:51.095] [modloading-worker-0/INFO] [mekanism.common.Mekanism/]: Loaded 'Mekanism: Generators' module.
[04Oct2025 00:01:51.096] [modloading-worker-0/INFO] [mekanism.common.Mekanism/]: Loaded 'Mekanism: Additions' module.
[04Oct2025 00:01:51.097] [modloading-worker-0/INFO] [mekanism.common.Mekanism/]: Loaded 'Mekanism: Tools' module.
[04Oct2025 00:01:51.123] [Forge Version Check/INFO] [net.minecraftforge.fml.VersionChecker/]: [extendedcrafting] Found status: UP_TO_DATE Current: 6.0.10 Target: null
[04Oct2025 00:01:51.139] [Forge Version Check/INFO] [net.minecraftforge.fml.VersionChecker/]: [sleeping_bags] Starting version check at https://update.maxhenkel.de/forge/sleeping_bags
[04Oct2025 00:01:51.250] [modloading-worker-0/INFO] [mekanism.common.Mekanism/]: Fake player readout: UUID = 46e82cd0-d480-3d48-800a-77431ede078e, name = [Mekanism]
[04Oct2025 00:01:51.258] [modloading-worker-0/INFO] [mekanism.common.Mekanism/]: Mod loaded.
[04Oct2025 00:01:51.288] [Forge Version Check/INFO] [net.minecraftforge.fml.VersionChecker/]: [sleeping_bags] Found status: AHEAD Current: 1.20.1-1.0.9 Target: null
[04Oct2025 00:01:51.288] [Forge Version Check/INFO] [net.minecraftforge.fml.VersionChecker/]: [controlling] Starting version check at https://updates.blamejared.com/get?n=controlling&gv=1.20.1
[04Oct2025 00:01:51.417] [Forge Version Check/INFO] [net.minecraftforge.fml.VersionChecker/]: [controlling] Found status: BETA Current: 12.0.2 Target: 12.0.2
[04Oct2025 00:01:51.417] [Forge Version Check/INFO] [net.minecraftforge.fml.VersionChecker/]: [bookshelf] Starting version check at https://updates.blamejared.com/get?n=bookshelf&gv=1.20.1
[04Oct2025 00:01:51.436] [Forge Version Check/INFO] [net.minecraftforge.fml.VersionChecker/]: [bookshelf] Found status: BETA Current: 20.2.13 Target: 20.2.13
[04Oct2025 00:01:51.437] [Forge Version Check/INFO] [net.minecraftforge.fml.VersionChecker/]: [twilightforest] Starting version check at https://gh.tamaized.com/TeamTwilight/twilightforest/update.json
[04Oct2025 00:01:51.551] [main/INFO] [journeymap/]: Initializing Packet Registries
[04Oct2025 00:01:51.843] [Forge Version Check/INFO] [net.minecraftforge.fml.VersionChecker/]: [twilightforest] Found status: AHEAD Current: 4.3.2508 Target: null
[04Oct2025 00:01:51.843] [Forge Version Check/INFO] [net.minecraftforge.fml.VersionChecker/]: [corpse] Starting version check at https://update.maxhenkel.de/forge/corpse
[04Oct2025 00:01:51.870] [Forge Version Check/INFO] [net.minecraftforge.fml.VersionChecker/]: [corpse] Found status: OUTDATED Current: 1.20.1-1.0.21 Target: 1.20.1-1.0.23
[04Oct2025 00:01:51.870] [Forge Version Check/INFO] [net.minecraftforge.fml.VersionChecker/]: [create_connected] Starting version check at https://raw.githubusercontent.com/hlysine/create_connected/main/update.json
[04Oct2025 00:01:51.878] [Forge Version Check/INFO] [net.minecraftforge.fml.VersionChecker/]: [create_connected] Found status: UP_TO_DATE Current: 1.1.7-mc1.20.1 Target: null
[04Oct2025 00:01:51.878] [Forge Version Check/INFO] [net.minecraftforge.fml.VersionChecker/]: [botanytrees] Starting version check at https://updates.blamejared.com/get?n=botanytrees&gv=1.20.1
[04Oct2025 00:01:51.898] [Forge Version Check/INFO] [net.minecraftforge.fml.VersionChecker/]: [botanytrees] Found status: BETA Current: 9.0.18 Target: 9.0.18
[04Oct2025 00:01:51.898] [Forge Version Check/INFO] [net.minecraftforge.fml.VersionChecker/]: [searchables] Starting version check at https://updates.blamejared.com/get?n=searchables&gv=1.20.1
[04Oct2025 00:01:51.918] [Forge Version Check/INFO] [net.minecraftforge.fml.VersionChecker/]: [searchables] Found status: BETA Current: 1.0.3 Target: 1.0.3
[04Oct2025 00:01:51.919] [Forge Version Check/INFO] [net.minecraftforge.fml.VersionChecker/]: [codechickenlib] Starting version check at https://version-check.covers1624.net/check/?mod=CodeChickenLib&mc=1.20.1
[04Oct2025 00:01:51.938] [main/INFO] [MEGA Cells/]: Initialised AE2WT integration.
[04Oct2025 00:01:52.379] [modloading-worker-0/INFO] [STDOUT/]: [com.mrh0.createaddition.CreateAddition:postInit:136]: Create Crafts & Additions Initialized!
[04Oct2025 00:01:52.461] [modloading-worker-0/INFO] [com.tom.createores.CreateOreExcavation/]: Loaded KubeJS integration
[04Oct2025 00:01:52.886] [Forge Version Check/INFO] [net.minecraftforge.fml.VersionChecker/]: [codechickenlib] Found status: UP_TO_DATE Current: 4.4.0.516 Target: null
[04Oct2025 00:01:52.886] [Forge Version Check/INFO] [net.minecraftforge.fml.VersionChecker/]: [cucumber] Starting version check at https://api.blakesmods.com/v2/mods/cucumber/1.20/updates
[04Oct2025 00:01:53.007] [Forge Version Check/INFO] [net.minecraftforge.fml.VersionChecker/]: [cucumber] Found status: UP_TO_DATE Current: 7.0.15 Target: null
[04Oct2025 00:01:53.007] [Forge Version Check/INFO] [net.minecraftforge.fml.VersionChecker/]: [clumps] Starting version check at https://updates.blamejared.com/get?n=clumps&gv=1.20.1
[04Oct2025 00:01:53.028] [Forge Version Check/INFO] [net.minecraftforge.fml.VersionChecker/]: [clumps] Found status: BETA Current: 12.0.0.4 Target: 12.0.0.4
[04Oct2025 00:01:53.028] [Forge Version Check/INFO] [net.minecraftforge.fml.VersionChecker/]: [journeymap] Starting version check at https://forge.curseupdate.com/32274/journeymap
[04Oct2025 00:01:53.100] [Forge Version Check/INFO] [net.minecraftforge.fml.VersionChecker/]: [journeymap] Found status: UP_TO_DATE Current: 5.10.3 Target: null
[04Oct2025 00:01:53.100] [Forge Version Check/INFO] [net.minecraftforge.fml.VersionChecker/]: [botanypots] Starting version check at https://updates.blamejared.com/get?n=botanypots&gv=1.20.1
[04Oct2025 00:01:53.119] [Forge Version Check/INFO] [net.minecraftforge.fml.VersionChecker/]: [botanypots] Found status: BETA Current: 13.0.41 Target: 13.0.41
[04Oct2025 00:01:53.119] [Forge Version Check/INFO] [net.minecraftforge.fml.VersionChecker/]: [enderstorage] Starting version check at https://version-check.covers1624.net/check/?mod=EnderStorage&mc=1.20.1
[04Oct2025 00:01:53.414] [Forge Version Check/INFO] [net.minecraftforge.fml.VersionChecker/]: [enderstorage] Found status: UP_TO_DATE Current: 2.11.0.188 Target: null
[04Oct2025 00:01:53.414] [Forge Version Check/INFO] [net.minecraftforge.fml.VersionChecker/]: [forge] Starting version check at https://files.minecraftforge.net/net/minecraftforge/forge/promotions_slim.json
[04Oct2025 00:01:53.564] [main/INFO] [com.mojang.authlib.yggdrasil.YggdrasilAuthenticationService/]: Environment: authHost='https://authserver.mojang.com', accountsHost='https://api.mojang.com', sessionHost='https://sessionserver.mojang.com', servicesHost='https://api.minecraftservices.com', name='PROD'
[04Oct2025 00:01:53.617] [Forge Version Check/INFO] [net.minecraftforge.fml.VersionChecker/]: [forge] Found status: UP_TO_DATE Current: 47.4.0 Target: null
[04Oct2025 00:01:53.617] [Forge Version Check/INFO] [net.minecraftforge.fml.VersionChecker/]: [zerocore] Starting version check at https://raw.githubusercontent.com/ZeroNoRyouki/ModUpdates/master/ZeroCore2.json
[04Oct2025 00:01:53.627] [Forge Version Check/INFO] [net.minecraftforge.fml.VersionChecker/]: [zerocore] Found status: UP_TO_DATE Current: 1.20.1-2.1.47 Target: null
[04Oct2025 00:01:53.628] [Forge Version Check/INFO] [net.minecraftforge.fml.VersionChecker/]: [bigreactors] Starting version check at https://raw.githubusercontent.com/ZeroNoRyouki/ModUpdates/master/ExtremeReactors2.json
[04Oct2025 00:01:53.640] [Forge Version Check/INFO] [net.minecraftforge.fml.VersionChecker/]: [bigreactors] Found status: OUTDATED Current: 1.20.1-2.0.93 Target: 1.20.1-2.0.94
[04Oct2025 00:01:53.640] [Forge Version Check/INFO] [net.minecraftforge.fml.VersionChecker/]: [cofh_core] Starting version check at https://raw.github.com/cofh/version/main/cofh_core/update.json
[04Oct2025 00:01:54.120] [Forge Version Check/INFO] [net.minecraftforge.fml.VersionChecker/]: [cofh_core] Found status: AHEAD Current: 11.0.2 Target: null
[04Oct2025 00:01:54.123] [Forge Version Check/INFO] [net.minecraftforge.fml.VersionChecker/]: [thermal] Starting version check at https://raw.github.com/cofh/version/main/thermal/update.json
[04Oct2025 00:01:54.466] [Forge Version Check/INFO] [net.minecraftforge.fml.VersionChecker/]: [thermal] Found status: AHEAD Current: 11.0.6 Target: null
[04Oct2025 00:01:54.467] [Forge Version Check/INFO] [net.minecraftforge.fml.VersionChecker/]: [thermal_foundation] Starting version check at https://raw.github.com/cofh/version/main/thermal/update_foundation.json
[04Oct2025 00:01:54.800] [Forge Version Check/INFO] [net.minecraftforge.fml.VersionChecker/]: [thermal_foundation] Found status: AHEAD Current: 11.0.6 Target: null
[04Oct2025 00:01:54.800] [Forge Version Check/INFO] [net.minecraftforge.fml.VersionChecker/]: [createsifter] Starting version check at https://api.modrinth.com/updates/create-sifting/forge_updates.json
[04Oct2025 00:01:54.978] [Forge Version Check/INFO] [net.minecraftforge.fml.VersionChecker/]: [createsifter] Found status: UP_TO_DATE Current: 1.20.1-1.8.6-6.0.6 Target: null
[04Oct2025 00:01:54.979] [Forge Version Check/INFO] [net.minecraftforge.fml.VersionChecker/]: [createoreexcavation] Starting version check at https://raw.githubusercontent.com/tom5454/Create-Ore-Excavation/main/version-check.json
[04Oct2025 00:01:54.988] [Forge Version Check/INFO] [net.minecraftforge.fml.VersionChecker/]: [createoreexcavation] Found status: BETA Current: 1.6.4 Target: 1.6.4
[04Oct2025 00:01:54.988] [Forge Version Check/INFO] [net.minecraftforge.fml.VersionChecker/]: [appmek] Starting version check at https://api.modrinth.com/updates/applied-mekanistics/forge_updates.json
[04Oct2025 00:01:55.099] [Forge Version Check/INFO] [net.minecraftforge.fml.VersionChecker/]: [appmek] Found status: BETA Current: 1.4.2 Target: null
[04Oct2025 00:01:55.099] [Forge Version Check/INFO] [net.minecraftforge.fml.VersionChecker/]: [ad_astra] Starting version check at https://api.modrinth.com/updates/3ufwT9JF/forge_updates.json
[04Oct2025 00:01:55.127] [main/WARN] [net.minecraft.server.packs.VanillaPackResourcesBuilder/]: Assets URL 'union:/home/debian/minecraft/server/libraries/net/minecraft/server/1.20.1-20230612.114412/server-1.20.1-20230612.114412-srg.jar%23345!/assets/.mcassetsroot' uses unexpected schema
[04Oct2025 00:01:55.129] [main/WARN] [net.minecraft.server.packs.VanillaPackResourcesBuilder/]: Assets URL 'union:/home/debian/minecraft/server/libraries/net/minecraft/server/1.20.1-20230612.114412/server-1.20.1-20230612.114412-srg.jar%23345!/data/.mcassetsroot' uses unexpected schema
[04Oct2025 00:01:55.223] [Forge Version Check/INFO] [net.minecraftforge.fml.VersionChecker/]: [ad_astra] Found status: UP_TO_DATE Current: 1.15.20 Target: null
[04Oct2025 00:01:55.223] [Forge Version Check/INFO] [net.minecraftforge.fml.VersionChecker/]: [createaddoncompatibility] Starting version check at https://api.modrinth.com/updates/QgrK9rtJ/forge_updates.json
[04Oct2025 00:01:55.329] [Forge Version Check/INFO] [net.minecraftforge.fml.VersionChecker/]: [createaddoncompatibility] Found status: UP_TO_DATE Current: 0.2.4 Target: null
[04Oct2025 00:01:55.809] [main/INFO] [com.simibubi.create.Create/]: Created 553 recipes which will be injected into the game
[04Oct2025 00:01:55.827] [main/INFO] [com.simibubi.create.Create/]: Created 18 tags which will be injected into the game
[04Oct2025 00:01:57.615] [main/INFO] [KubeJS/]: Added bindings for script type SERVER from mod 'almostunified': [AlmostUnified]
[04Oct2025 00:01:57.621] [main/INFO] [KubeJS Server/]: Loaded script server_scripts:first_join.js in 0.004 s
[04Oct2025 00:01:57.621] [main/INFO] [KubeJS Server/]: Loaded script server_scripts:mechanics/space_food.js in 0.0 s
[04Oct2025 00:01:57.623] [main/INFO] [KubeJS Server/]: Loaded script server_scripts:recipes/ae2/crafting.js in 0.001 s
[04Oct2025 00:01:57.623] [main/INFO] [KubeJS Server/]: Loaded script server_scripts:recipes/extendedcrafting/combination.js in 0.0 s
[04Oct2025 00:01:57.625] [main/INFO] [KubeJS Server/]: Loaded script server_scripts:recipes/extendedcrafting/crafting.js in 0.002 s
[04Oct2025 00:01:57.625] [main/INFO] [KubeJS Server/]: Loaded script server_scripts:recipes/extendedcrafting/_all.js in 0.0 s
[04Oct2025 00:01:57.626] [main/INFO] [KubeJS Server/]: Loaded script server_scripts:recipes/naturescompass/tools.js in 0.0 s
[04Oct2025 00:01:57.627] [main/INFO] [KubeJS Server/]: Loaded script server_scripts:recipes/structurecompass/tools.js in 0.001 s
[04Oct2025 00:01:57.632] [main/INFO] [KubeJS Server/]: Loaded script server_scripts:recipes/tconstruct/casting_table.js in 0.005 s
[04Oct2025 00:01:57.633] [main/INFO] [KubeJS Server/]: Loaded script server_scripts:recipes/tconstruct/crafting.js in 0.001 s
[04Oct2025 00:01:57.639] [main/INFO] [KubeJS Server/]: Loaded script server_scripts:recipes/tconstruct/melting.js in 0.006 s
[04Oct2025 00:01:57.642] [main/INFO] [KubeJS Server/]: Loaded script server_scripts:recipes/tconstruct/alloying.js in 0.003 s
[04Oct2025 00:01:57.643] [main/INFO] [KubeJS Server/]: Loaded script server_scripts:recipes/tconstruct/modify.js in 0.001 s
[04Oct2025 00:01:57.644] [main/INFO] [KubeJS Server/]: Loaded script server_scripts:recipes/tconstruct/consumables.js in 0.001 s
[04Oct2025 00:01:57.646] [main/INFO] [KubeJS Server/]: Loaded script server_scripts:recipes/tconstruct/casting_basin.js in 0.0 s
[04Oct2025 00:01:57.647] [main/INFO] [KubeJS Server/]: Loaded script server_scripts:recipes/minecraft/smelting.js in 0.001 s
[04Oct2025 00:01:57.648] [main/INFO] [KubeJS Server/]: Loaded script server_scripts:recipes/minecraft/blasting.js in 0.001 s
[04Oct2025 00:01:57.650] [main/INFO] [KubeJS Server/]: Loaded script server_scripts:recipes/minecraft/crafting.js in 0.001 s
[04Oct2025 00:01:57.651] [main/INFO] [KubeJS Server/]: Loaded script server_scripts:recipes/minecraft/stone_cutting.js in 0.001 s
[04Oct2025 00:01:57.652] [main/INFO] [KubeJS Server/]: Loaded script server_scripts:recipes/createdieselgenerators/compression_molding.js in 0.0 s
[04Oct2025 00:01:57.653] [main/INFO] [KubeJS Server/]: Loaded script server_scripts:recipes/createdieselgenerators/crafting.js in 0.0 s
[04Oct2025 00:01:57.653] [main/INFO] [KubeJS Server/]: Loaded script server_scripts:recipes/createdieselgenerators/casting.js in 0.0 s
[04Oct2025 00:01:57.653] [main/INFO] [KubeJS Server/]: Loaded script server_scripts:recipes/createdieselgenerators/bulk_fermenting.js in 0.0 s
[04Oct2025 00:01:57.654] [main/INFO] [KubeJS Server/]: Loaded script server_scripts:recipes/immersive_aircraft/misc.js in 0.0 s
[04Oct2025 00:01:57.655] [main/INFO] [KubeJS Server/]: Loaded script server_scripts:recipes/sleeping_bags/misc.js in 0.001 s
[04Oct2025 00:01:57.655] [main/INFO] [KubeJS Server/]: Loaded script server_scripts:recipes/ftbquests/misc.js in 0.0 s
[04Oct2025 00:01:57.656] [main/INFO] [KubeJS Server/]: Loaded script server_scripts:recipes/remover.js in 0.001 s
[04Oct2025 00:01:57.657] [main/INFO] [KubeJS Server/]: Loaded script server_scripts:recipes/treetap/extracting.js in 0.001 s
[04Oct2025 00:01:57.658] [main/INFO] [KubeJS Server/]: Loaded script server_scripts:recipes/enderio/machines.js in 0.0 s
[04Oct2025 00:01:57.658] [main/INFO] [KubeJS Server/]: Loaded script server_scripts:recipes/enderio/alloy.js in 0.0 s
[04Oct2025 00:01:57.659] [main/INFO] [KubeJS Server/]: Loaded script server_scripts:recipes/enderio/conduits.js in 0.001 s
[04Oct2025 00:01:57.660] [main/INFO] [KubeJS Server/]: Loaded script server_scripts:recipes/enderio/crafting.js in 0.001 s
[04Oct2025 00:01:57.661] [main/INFO] [KubeJS Server/]: Loaded script server_scripts:recipes/enderio/tools.js in 0.0 s
[04Oct2025 00:01:57.661] [main/INFO] [KubeJS Server/]: Loaded script server_scripts:recipes/enderio/gears.js in 0.0 s
[04Oct2025 00:01:57.662] [main/INFO] [KubeJS Server/]: Loaded script server_scripts:recipes/enderio/slicing.js in 0.001 s
[04Oct2025 00:01:57.662] [main/INFO] [KubeJS Server/]: Loaded script server_scripts:recipes/enderio/sag_milling.js in 0.0 s
[04Oct2025 00:01:57.671] [main/INFO] [KubeJS Server/]: Loaded script server_scripts:recipes/enderio/consumables.js in 0.008 s
[04Oct2025 00:01:57.673] [main/INFO] [KubeJS Server/]: Loaded script server_scripts:recipes/create_mechanical_chicken/crafting.js in 0.001 s
[04Oct2025 00:01:57.674] [main/INFO] [KubeJS Server/]: Loaded script server_scripts:recipes/create_mechanical_chicken/compacting.js in 0.001 s
[04Oct2025 00:01:57.680] [main/INFO] [KubeJS Server/]: Loaded script server_scripts:recipes/create/milling.js in 0.005 s
[04Oct2025 00:01:57.696] [main/INFO] [KubeJS Server/]: Loaded script server_scripts:recipes/create/crushing.js in 0.016 s
[04Oct2025 00:01:57.697] [main/INFO] [KubeJS Server/]: Loaded script server_scripts:recipes/create/crafting.js in 0.001 s
[04Oct2025 00:01:57.698] [main/INFO] [KubeJS Server/]: Loaded script server_scripts:recipes/create/cutting.js in 0.001 s
[04Oct2025 00:01:57.698] [main/INFO] [KubeJS Server/]: Loaded script server_scripts:recipes/create/compacting.js in 0.0 s
[04Oct2025 00:01:57.699] [main/INFO] [KubeJS Server/]: Loaded script server_scripts:recipes/create/item_application.js in 0.0 s
[04Oct2025 00:01:57.701] [main/INFO] [KubeJS Server/]: Loaded script server_scripts:recipes/create/deploying.js in 0.001 s
[04Oct2025 00:01:57.702] [main/INFO] [KubeJS Server/]: Loaded script server_scripts:recipes/create/sequenced_assembling.js in 0.001 s
[04Oct2025 00:01:57.703] [main/INFO] [KubeJS Server/]: Loaded script server_scripts:recipes/create/mixing.js in 0.0 s
[04Oct2025 00:01:57.706] [main/INFO] [KubeJS Server/]: Loaded script server_scripts:recipes/create/splashing.js in 0.003 s
[04Oct2025 00:01:57.720] [main/INFO] [KubeJS Server/]: Loaded script server_scripts:recipes/create/filling.js in 0.014 s
[04Oct2025 00:01:57.721] [main/INFO] [KubeJS Server/]: Loaded script server_scripts:recipes/create/pressing.js in 0.001 s
[04Oct2025 00:01:57.722] [main/INFO] [KubeJS Server/]: Loaded script server_scripts:recipes/farmersdelight/consumables.js in 0.001 s
[04Oct2025 00:01:57.723] [main/INFO] [KubeJS Server/]: Loaded script server_scripts:recipes/alexsmobs/crafting.js in 0.0 s
[04Oct2025 00:01:57.728] [main/INFO] [KubeJS Server/]: Loaded script server_scripts:recipes/createaddition/crafting.js in 0.004 s
[04Oct2025 00:01:57.734] [main/INFO] [KubeJS Server/]: Loaded script server_scripts:recipes/thermal/misc.js in 0.001 s
[04Oct2025 00:01:57.736] [main/INFO] [KubeJS Server/]: Loaded script server_scripts:recipes/botanypots/crafting.js in 0.002 s
[04Oct2025 00:01:57.741] [main/INFO] [KubeJS Server/]: Loaded script server_scripts:recipes/waystones/misc.js in 0.001 s
[04Oct2025 00:01:57.742] [main/INFO] [KubeJS Server/]: Loaded script server_scripts:recipes/enderstorage/crafting.js in 0.001 s
[04Oct2025 00:01:57.743] [main/INFO] [KubeJS Server/]: Loaded script server_scripts:recipes/ad_astra/crafting.js in 0.001 s
[04Oct2025 00:01:57.744] [main/INFO] [KubeJS Server/]: Loaded script server_scripts:recipes/twilightforest/crafting.js in 0.001 s
[04Oct2025 00:01:57.746] [main/INFO] [KubeJS Server/]: Loaded script server_scripts:recipes/mekanism/enriching.js in 0.002 s
[04Oct2025 00:01:57.756] [main/INFO] [KubeJS Server/]: Loaded script server_scripts:recipes/mekanism/infusion_conversion.js in 0.001 s
[04Oct2025 00:01:57.757] [main/INFO] [KubeJS Server/]: Loaded script server_scripts:recipes/mekanism/infusing.js in 0.0 s
[04Oct2025 00:01:57.758] [main/INFO] [KubeJS Server/]: Loaded script server_scripts:recipes/mekanism/crushing.js in 0.0 s
[04Oct2025 00:01:57.760] [main/INFO] [KubeJS Server/]: Loaded script server_scripts:recipes/mekanism/combining.js in 0.001 s
[04Oct2025 00:01:57.762] [main/INFO] [KubeJS Server/]: Loaded script server_scripts:recipes/mekanism/crafting.js in 0.001 s
[04Oct2025 00:01:57.763] [main/INFO] [KubeJS Server/]: Loaded script server_scripts:recipes/mekanism/reaction.js in 0.0 s
[04Oct2025 00:01:57.772] [main/INFO] [KubeJS Server/]: Loaded script server_scripts:recipes/mekanism/injecting.js in 0.001 s
[04Oct2025 00:01:57.773] [main/INFO] [KubeJS Server/]: Loaded script server_scripts:recipes/mekanismgenerators/fusion_reactor.js in 0.001 s
[04Oct2025 00:01:57.773] [main/INFO] [KubeJS Server/]: Loaded script server_scripts:recipes/mekanismgenerators/fission_reactor.js in 0.0 s
[04Oct2025 00:01:57.774] [main/INFO] [KubeJS Server/]: Loaded script server_scripts:recipes/platinum_mod/crafting.js in 0.0 s
[04Oct2025 00:01:57.775] [main/INFO] [KubeJS Server/]: Loaded script server_scripts:recipes/bigreactors/fluidizing.js in 0.001 s
[04Oct2025 00:01:57.776] [main/INFO] [KubeJS Server/]: Loaded script server_scripts:recipes/bigreactors/crafting.js in 0.001 s
[04Oct2025 00:01:57.776] [main/INFO] [KubeJS Server/]: Loaded script server_scripts:recipes/createoreexcavation/extracting.js in 0.0 s
[04Oct2025 00:01:57.777] [main/INFO] [KubeJS Server/]: Loaded script server_scripts:recipes/createoreexcavation/crafting.js in 0.0 s
[04Oct2025 00:01:57.780] [main/INFO] [KubeJS Server/]: Loaded script server_scripts:recipes/createoreexcavation/drilling.js in 0.002 s
[04Oct2025 00:01:57.783] [main/INFO] [KubeJS Server/]: Loaded script server_scripts:recipes/createoreexcavation/veins.js in 0.003 s
[04Oct2025 00:01:57.784] [main/INFO] [KubeJS Server/]: Loaded script server_scripts:recipes/elevatorid/crafting.js in 0.001 s
[04Oct2025 00:01:57.784] [main/INFO] [KubeJS Server/]: Loaded script server_scripts:recipes/createsifter/crafting.js in 0.0 s
[04Oct2025 00:01:57.786] [main/INFO] [KubeJS Server/]: Loaded script server_scripts:recipes/createsifter/sifting.js in 0.001 s
[04Oct2025 00:01:57.787] [main/INFO] [KubeJS Server/]: Loaded script server_scripts:recipes/petrolsparts/cutting.js in 0.0 s
[04Oct2025 00:01:57.788] [main/INFO] [KubeJS Server/]: Loaded script server_scripts:recipes/gateways/_all.js in 0.0 s
[04Oct2025 00:01:57.789] [main/INFO] [KubeJS Server/]: Loaded script server_scripts:commands/tpdim.js in 0.001 s
[04Oct2025 00:01:57.790] [main/INFO] [KubeJS Server/]: Loaded script server_scripts:commands/gm.js in 0.001 s
[04Oct2025 00:01:57.790] [main/INFO] [KubeJS Server/]: Loaded script server_scripts:tags/worldgen/biomes/ad_astra.js in 0.0 s
[04Oct2025 00:01:57.791] [main/INFO] [KubeJS Server/]: Loaded script server_scripts:tags/worldgen/biomes/ae2.js in 0.0 s
[04Oct2025 00:01:57.792] [main/INFO] [KubeJS Server/]: Loaded script server_scripts:tags/worldgen/biomes/astro_rise.js in 0.001 s
[04Oct2025 00:01:57.792] [main/INFO] [KubeJS Server/]: Loaded script server_scripts:tags/blocks/redstone_ore.js in 0.0 s
[04Oct2025 00:01:57.793] [main/INFO] [KubeJS Server/]: Loaded script server_scripts:tags/fluids/seed_oil.js in 0.0 s
[04Oct2025 00:01:57.794] [main/INFO] [KubeJS Server/]: Loaded script server_scripts:tags/fluids/yellorium.js in 0.0 s
[04Oct2025 00:01:57.795] [main/INFO] [KubeJS Server/]: Loaded script server_scripts:tags/items/sleeping_bags.js in 0.001 s
[04Oct2025 00:01:57.795] [main/INFO] [KubeJS Server/]: Loaded script server_scripts:tags/items/reptils_head.js in 0.0 s
[04Oct2025 00:01:57.796] [main/INFO] [KubeJS Server/]: Loaded script server_scripts:tags/items/sulfur_dust.js in 0.0 s
[04Oct2025 00:01:57.797] [main/INFO] [KubeJS Server/]: Loaded script server_scripts:tags/items/redstone_ore.js in 0.001 s
[04Oct2025 00:01:57.797] [main/INFO] [KubeJS Server/]: Loaded script server_scripts:tags/items/silicon.js in 0.0 s
[04Oct2025 00:01:57.798] [main/INFO] [KubeJS Server/]: Loaded script server_scripts:tags/items/reptils_scale.js in 0.0 s
[04Oct2025 00:01:57.799] [main/INFO] [KubeJS Server/]: Loaded script server_scripts:tags/items/yellorium.js in 0.001 s
[04Oct2025 00:01:57.799] [main/INFO] [KubeJS Server/]: Loaded 97/97 KubeJS server scripts in 0.234 s with 0 errors and 0 warnings
[04Oct2025 00:01:57.800] [main/INFO] [KubeJS Server/]: Scripts loaded
[04Oct2025 00:01:57.824] [main/INFO] [KubeJS Server/]: Initializing recipe event...
[04Oct2025 00:02:01.340] [main/INFO] [AE2:C/]: Scanning class appeng.server.testplots.TestPlots for plots
[04Oct2025 00:02:01.347] [main/INFO] [AE2:C/]: Scanning class appeng.server.testplots.AutoCraftingTestPlots for plots
[04Oct2025 00:02:01.349] [main/INFO] [AE2:C/]: Scanning class appeng.server.testplots.InscriberTestPlots for plots
[04Oct2025 00:02:01.367] [main/INFO] [AE2:C/]: Scanning class appeng.server.testplots.P2PTestPlots for plots
[04Oct2025 00:02:01.368] [main/INFO] [AE2:C/]: Scanning class appeng.server.testplots.ItemP2PTestPlots for plots
[04Oct2025 00:02:01.369] [main/INFO] [AE2:C/]: Scanning class appeng.server.testplots.MemoryCardTestPlots for plots
[04Oct2025 00:02:01.369] [main/INFO] [AE2:C/]: Scanning class appeng.server.testplots.PatternProviderLockModePlots for plots
[04Oct2025 00:02:01.372] [main/INFO] [AE2:C/]: Scanning class appeng.server.testplots.PatternProviderPlots for plots
[04Oct2025 00:02:01.372] [main/INFO] [AE2:C/]: Scanning class appeng.server.testplots.SpatialTestPlots for plots
[04Oct2025 00:02:01.373] [main/INFO] [AE2:C/]: Scanning class appeng.server.testplots.QnbTestPlots for plots
[04Oct2025 00:02:01.373] [main/INFO] [AE2:C/]: Scanning class appeng.server.testplots.GuidebookPlot for plots
[04Oct2025 00:02:01.374] [main/INFO] [AE2:C/]: Scanning class appeng.server.testplots.SubnetPlots for plots
[04Oct2025 00:02:01.374] [main/INFO] [AE2:C/]: Scanning class appeng.server.testplots.ChannelTests for plots
[04Oct2025 00:02:01.374] [main/INFO] [AE2:C/]: Scanning class appeng.server.testplots.AnnihilationPlaneTests for plots
[04Oct2025 00:02:01.375] [main/INFO] [AE2:C/]: Scanning class de.mari_023.ae2wtlib.AE2WTLibTestPlots for plots
[04Oct2025 00:02:01.473] [main/INFO] [com.github.alexthe666.alexsmobs.AlexsMobs/]: Adding datapack listener capsid_recipes
[04Oct2025 00:02:01.647] [Worker-Main-1/INFO] [KubeJS Server/]: [minecraft:worldgen/biome] Found 241 tags, added 14 objects, removed 1 objects
[04Oct2025 00:02:02.201] [Worker-Main-1/INFO] [KubeJS Server/]: [minecraft:item] Found 2113 tags, added 104 objects, removed 6 objects
[04Oct2025 00:02:02.256] [Worker-Main-1/ERROR] [net.minecraft.tags.TagLoader/]: Couldn't load tag storagedrawers:gold_keyrings as it is missing following references: storagedrawers:keyring_personal_priority (from StorageDrawers-forge-1.20.1-12.11.6.jar), 
	storagedrawers:keyring_personal_priority_p1 (from StorageDrawers-forge-1.20.1-12.11.6.jar), 
	storagedrawers:keyring_personal_priority_p2 (from StorageDrawers-forge-1.20.1-12.11.6.jar), 
	storagedrawers:keyring_personal_priority_n1 (from StorageDrawers-forge-1.20.1-12.11.6.jar), 
	storagedrawers:keyring_personal_priority_n2 (from StorageDrawers-forge-1.20.1-12.11.6.jar)
[04Oct2025 00:02:02.256] [Worker-Main-1/ERROR] [net.minecraft.tags.TagLoader/]: Couldn't load tag storagedrawers:keyrings as it is missing following references: #storagedrawers:gold_keyrings (from StorageDrawers-forge-1.20.1-12.11.6.jar)
[04Oct2025 00:02:02.260] [Worker-Main-1/ERROR] [net.minecraft.tags.TagLoader/]: Couldn't load tag create:crushed_ores as it is missing following references: minecraft:crushed_calorite_ore (from create_ad_astra_compat-forge-1.20.1-1.0.0.jar), 
	minecraft:crushed_desh_ore (from create_ad_astra_compat-forge-1.20.1-1.0.0.jar), 
	minecraft:crushed_ostrum_ore (from create_ad_astra_compat-forge-1.20.1-1.0.0.jar)
[04Oct2025 00:02:02.996] [Worker-Main-1/INFO] [KubeJS Server/]: [minecraft:block] Found 1132 tags, added 19 objects, removed 4 objects
[04Oct2025 00:02:03.117] [Worker-Main-1/INFO] [com.amronos.createaddoncompatibility.CreateAddonCompatibility/]: Adding modPriorities for AlmostUnified, this will not reflect in unify.json
[04Oct2025 00:02:03.118] [Worker-Main-1/INFO] [com.amronos.createaddoncompatibility.CreateAddonCompatibility/]: Adding tags for AlmostUnified, this will not reflect in unify.json
[04Oct2025 00:02:03.143] [Worker-Main-1/WARN] [AlmostUnified/]: The following tags are invalid and will be ignored: [forge:raw_materials/cinnabar, forge:wires/quartz, forge:gears/apatite, forge:rods/cobalt, forge:storage_blocks/raw_fluorite, forge:gems/coal_coke, forge:wires/signalum, forge:rods/platinum, forge:gems/charcoal, forge:wires/osmium, forge:wires/amber, forge:dusts/platinum, forge:gears/sulfur, forge:rods/quartz, forge:nuggets/tungsten, forge:gems/potassium_nitrate, forge:rods/osmium, forge:ingots/sapphire, forge:plates/amber, forge:ingots/emerald, forge:rods/bitumen, forge:rods/ruby, forge:wires/constantan, forge:wires/peridot, forge:gems/lumium, forge:ores/obsidian, forge:wires/ruby, forge:dusts/coal_coke, forge:wires/graphite, forge:storage_blocks/raw_sapphire, forge:gears/tungsten, forge:plates/chrome, forge:gems/iridium, forge:gems/netherite, forge:storage_blocks/raw_enderium, forge:plates/aeternium, forge:raw_materials/lapis, forge:gems/cobalt, forge:raw_materials/constantan, forge:rods/ender_pearl, forge:nuggets/peridot, forge:ores/chrome, forge:ingots/sulfur, forge:gems/invar, forge:nuggets/cinnabar, forge:nuggets/quartz, forge:ingots/peridot, forge:plates/charcoal, forge:wires/potassium_nitrate, forge:gears/cinnabar, forge:ingots/aeternium, forge:ores/ender_pearl, forge:raw_materials/invar, forge:gems/nickel, forge:gears/coal_coke, forge:ingots/amber, forge:gems/graphite, forge:ingots/bitumen, forge:gems/gold, forge:raw_materials/bitumen, forge:wires/platinum, forge:wires/tungsten, forge:gems/osmium, forge:raw_materials/bronze, forge:rods/tin, forge:storage_blocks/raw_electrum, forge:plates/apatite, forge:raw_materials/emerald, forge:ores/electrum, forge:plates/elementium, forge:rods/graphite, forge:gears/obsidian, forge:storage_blocks/aeternium, forge:nuggets/obsidian, forge:raw_materials/chrome, forge:plates/fluorite, forge:storage_blocks/elementium, forge:storage_blocks/raw_netherite, forge:gems/constantan, forge:rods/coal_coke, forge:ores/invar, forge:wires/steel, forge:rods/constantan, forge:rods/uranium, forge:raw_materials/potassium_nitrate, forge:rods/charcoal, forge:wires/coal, forge:ores/constantan, forge:storage_blocks/raw_charcoal, forge:plates/sapphire, forge:wires/bitumen, forge:wires/cobalt, forge:gems/tin, forge:wires/emerald, forge:rods/lumium, forge:nuggets/iridium, forge:wires/ender_pearl, forge:gears/peridot, forge:raw_materials/mithril, forge:dusts/peridot, forge:gems/bitumen, forge:rods/sapphire, forge:storage_blocks/amber, forge:ingots/obsidian, forge:ores/coal_coke, forge:nuggets/graphite, forge:gems/brass, forge:gears/chrome, forge:raw_materials/steel, forge:gems/tungsten, forge:gears/platinum, forge:dusts/mithril, forge:raw_materials/quartz, forge:rods/silver, forge:raw_materials/signalum, forge:ores/amber, forge:rods/fluorite, forge:raw_materials/sapphire, forge:storage_blocks/raw_lapis, forge:rods/chrome, forge:nuggets/coal, forge:raw_materials/electrum, forge:plates/bitumen, forge:ores/netherite, forge:wires/lead, forge:storage_blocks/tungsten, forge:plates/lapis, forge:gears/elementium, forge:rods/bronze, forge:rods/lead, forge:rods/enderium, forge:ores/bronze, forge:raw_materials/coal, forge:raw_materials/iridium, forge:storage_blocks/raw_quartz, forge:gears/charcoal, forge:plates/mithril, forge:storage_blocks/raw_cinnabar, forge:ingots/coal, forge:storage_blocks/peridot, forge:ingots/chrome, forge:plates/ender_pearl, forge:wires/charcoal, forge:ingots/iridium, forge:wires/obsidian, forge:rods/signalum, forge:nuggets/ender_pearl, forge:ores/lumium, forge:dusts/amber, forge:wires/netherite, forge:dusts/potassium_nitrate, forge:wires/uranium, forge:raw_materials/fluorite, forge:gears/amber, forge:gears/uranium, forge:raw_materials/sulfur, forge:rods/netherite, forge:rods/diamond, forge:storage_blocks/raw_diamond, forge:storage_blocks/raw_bitumen, forge:nuggets/elementium, forge:storage_blocks/raw_signalum, forge:nuggets/ruby, forge:nuggets/emerald, forge:wires/zinc, forge:storage_blocks/raw_invar, forge:rods/coal, forge:raw_materials/obsidian, forge:gears/potassium_nitrate, forge:plates/diamond, forge:ingots/fluorite, forge:dusts/elementium, forge:rods/mithril, forge:nuggets/chrome, forge:ores/potassium_nitrate, forge:ores/steel, forge:storage_blocks/raw_aeternium, forge:storage_blocks/raw_brass, forge:gears/coal, forge:gems/copper, forge:ores/enderium, forge:storage_blocks/raw_mithril, forge:storage_blocks/raw_elementium, forge:storage_blocks/raw_platinum, forge:nuggets/apatite, forge:ingots/charcoal, forge:raw_materials/amber, forge:ingots/potassium_nitrate, forge:storage_blocks/raw_constantan, forge:plates/emerald, forge:storage_blocks/raw_emerald, forge:ingots/coal_coke, forge:rods/apatite, forge:storage_blocks/potassium_nitrate, forge:raw_materials/charcoal, forge:wires/sulfur, forge:nuggets/fluorite, forge:gears/aeternium, forge:raw_materials/diamond, forge:raw_materials/ruby, forge:ingots/tungsten, forge:storage_blocks/raw_tungsten, forge:gems/obsidian, forge:rods/obsidian, forge:ores/graphite, forge:raw_materials/aeternium, forge:raw_materials/brass, forge:gems/steel, forge:ingots/diamond, forge:rods/sulfur, forge:ores/peridot, forge:dusts/aeternium, forge:wires/tin, forge:rods/cinnabar, forge:gems/coal, forge:gears/bitumen, forge:gears/fluorite, forge:dusts/aluminum, forge:plates/coal, forge:rods/amber, forge:wires/diamond, forge:storage_blocks/raw_ruby, forge:dusts/bitumen, forge:gears/osmium, forge:raw_materials/elementium, forge:raw_materials/apatite, forge:gears/steel, forge:plates/uranium, forge:ingots/apatite, forge:wires/sapphire, forge:ores/elementium, forge:storage_blocks/mithril, forge:wires/coal_coke, forge:nuggets/diamond, forge:gems/ender_pearl, forge:ores/brass, forge:wires/elementium, forge:gems/amber, forge:storage_blocks/raw_peridot, forge:nuggets/potassium_nitrate, forge:rods/aluminum, forge:storage_blocks/raw_coal, forge:storage_blocks/raw_iridium, forge:gems/lead, forge:storage_blocks/ender_pearl, forge:ores/signalum, forge:wires/fluorite, forge:gears/cobalt, forge:ores/charcoal, forge:gems/aeternium, forge:wires/mithril, forge:storage_blocks/chrome, forge:plates/peridot, forge:gears/zinc, forge:gems/electrum, forge:gears/ender_pearl, forge:ores/iridium, forge:rods/lapis, forge:nuggets/amber, forge:plates/tungsten, forge:rods/aeternium, forge:wires/apatite, forge:storage_blocks/raw_amber, forge:dusts/zinc, forge:gems/mithril, forge:ingots/quartz, forge:ores/tungsten, forge:plates/osmium, forge:ingots/ruby, forge:raw_materials/ender_pearl, forge:gears/aluminum, forge:rods/elementium, forge:gems/elementium, forge:raw_materials/platinum, forge:storage_blocks/raw_steel, forge:nuggets/coal_coke, forge:nuggets/sulfur, forge:storage_blocks/obsidian, forge:nuggets/aeternium, forge:plates/quartz, forge:rods/zinc, forge:storage_blocks/raw_sulfur, forge:plates/potassium_nitrate, forge:dusts/iridium, forge:rods/tungsten, forge:wires/invar, forge:nuggets/bitumen, forge:wires/lapis, forge:gems/bronze, forge:wires/aeternium, forge:raw_materials/enderium, forge:rods/potassium_nitrate, forge:rods/iridium, forge:rods/peridot, forge:gems/enderium, forge:storage_blocks/raw_coal_coke, forge:storage_blocks/raw_graphite, forge:wires/chrome, forge:dusts/brass, forge:gems/zinc, forge:plates/graphite, forge:gears/mithril, forge:gems/silver, forge:plates/cobalt, forge:storage_blocks/raw_obsidian, forge:plates/sulfur, forge:ingots/cinnabar, forge:nuggets/platinum, forge:raw_materials/tungsten, forge:gems/aluminum, forge:rods/invar, forge:rods/nickel, forge:ingots/mithril, forge:nuggets/charcoal, forge:plates/coal_coke, forge:gears/brass, forge:nuggets/lapis, forge:raw_materials/lumium, forge:raw_materials/netherite, forge:wires/nickel, forge:gears/graphite, forge:plates/platinum, forge:gears/iridium, forge:plates/iridium, forge:storage_blocks/raw_lumium, forge:storage_blocks/raw_apatite, forge:storage_blocks/raw_potassium_nitrate, forge:wires/bronze, forge:ores/aeternium, forge:gems/signalum, forge:ingots/ender_pearl, forge:nuggets/mithril, forge:gems/uranium, forge:rods/emerald, forge:raw_materials/graphite, forge:ores/mithril, forge:storage_blocks/raw_ender_pearl, forge:wires/enderium, forge:dusts/chrome, forge:raw_materials/coal_coke, forge:nuggets/sapphire, forge:wires/cinnabar, forge:wires/iridium, forge:ingots/elementium, forge:storage_blocks/platinum, forge:plates/ruby, forge:wires/lumium, forge:dusts/tungsten, forge:gems/chrome, forge:gems/peridot, forge:storage_blocks/iridium, forge:storage_blocks/raw_bronze, forge:wires/brass, forge:gems/platinum, forge:plates/cinnabar, forge:wires/silver, forge:raw_materials/peridot, forge:ingots/lapis, forge:wires/aluminum, forge:ores/bitumen, forge:gems/iron, forge:storage_blocks/raw_chrome]
[04Oct2025 00:02:03.355] [Worker-Main-1/INFO] [KubeJS Server/]: [minecraft:fluid] Found 196 tags, added 2 objects, removed 2 objects
[04Oct2025 00:02:04.304] [Worker-Main-1/ERROR] [net.minecraftforge.common.ForgeHooks/]: Couldn't parse element loot_tables:megacells:blocks/mega_emc_interface
com.google.gson.JsonSyntaxException: Expected name to be an item, was unknown string 'megacells:mega_emc_interface'
	at net.minecraft.util.GsonHelper.m_13866_(GsonHelper.java:145) ~[server-1.20.1-20230612.114412-srg.jar%23345!/:?]
	at java.util.Optional.orElseThrow(Optional.java:403) ~[?:?]
	at net.minecraft.util.GsonHelper.m_13874_(GsonHelper.java:145) ~[server-1.20.1-20230612.114412-srg.jar%23345!/:?]
	at net.minecraft.util.GsonHelper.m_13909_(GsonHelper.java:153) ~[server-1.20.1-20230612.114412-srg.jar%23345!/:?]
	at net.minecraft.world.level.storage.loot.entries.LootItem$Serializer.m_7267_(LootItem.java:55) ~[server-1.20.1-20230612.114412-srg.jar%23345!/:?]
	at net.minecraft.world.level.storage.loot.entries.LootItem$Serializer.m_7267_(LootItem.java:40) ~[server-1.20.1-20230612.114412-srg.jar%23345!/:?]
	at net.minecraft.world.level.storage.loot.entries.LootPoolSingletonContainer$Serializer.m_5921_(LootPoolSingletonContainer.java:151) ~[server-1.20.1-20230612.114412-srg.jar%23345!/:?]
	at net.minecraft.world.level.storage.loot.entries.LootPoolSingletonContainer$Serializer.m_5921_(LootPoolSingletonContainer.java:129) ~[server-1.20.1-20230612.114412-srg.jar%23345!/:?]
	at net.minecraft.world.level.storage.loot.entries.LootPoolEntryContainer$Serializer.m_7561_(LootPoolEntryContainer.java:86) ~[server-1.20.1-20230612.114412-srg.jar%23345!/:?]
	at net.minecraft.world.level.storage.loot.entries.LootPoolEntryContainer$Serializer.m_7561_(LootPoolEntryContainer.java:74) ~[server-1.20.1-20230612.114412-srg.jar%23345!/:?]
	at net.minecraft.world.level.storage.loot.GsonAdapterFactory$JsonAdapter.deserialize(GsonAdapterFactory.java:102) ~[server-1.20.1-20230612.114412-srg.jar%23345!/:?]
	at com.google.gson.internal.bind.TreeTypeAdapter.read(TreeTypeAdapter.java:76) ~[gson-2.10.jar%2372!/:?]
	at com.google.gson.internal.bind.TypeAdapterRuntimeTypeWrapper.read(TypeAdapterRuntimeTypeWrapper.java:40) ~[gson-2.10.jar%2372!/:?]
	at com.google.gson.internal.bind.ArrayTypeAdapter.read(ArrayTypeAdapter.java:72) ~[gson-2.10.jar%2372!/:?]
	at com.google.gson.Gson.fromJson(Gson.java:1214) ~[gson-2.10.jar%2372!/:?]
	at com.google.gson.Gson.fromJson(Gson.java:1319) ~[gson-2.10.jar%2372!/:?]
	at com.google.gson.Gson.fromJson(Gson.java:1290) ~[gson-2.10.jar%2372!/:?]
	at com.google.gson.internal.bind.TreeTypeAdapter$GsonContextImpl.deserialize(TreeTypeAdapter.java:179) ~[gson-2.10.jar%2372!/:?]
	at net.minecraft.util.GsonHelper.m_13808_(GsonHelper.java:463) ~[server-1.20.1-20230612.114412-srg.jar%23345!/:?]
	at net.minecraft.util.GsonHelper.m_13836_(GsonHelper.java:471) ~[server-1.20.1-20230612.114412-srg.jar%23345!/:?]
	at net.minecraft.world.level.storage.loot.LootPool$Serializer.deserialize(LootPool.java:192) ~[server-1.20.1-20230612.114412-srg.jar%23345!/:?]
	at net.minecraft.world.level.storage.loot.LootPool$Serializer.deserialize(LootPool.java:189) ~[server-1.20.1-20230612.114412-srg.jar%23345!/:?]
	at com.google.gson.internal.bind.TreeTypeAdapter.read(TreeTypeAdapter.java:76) ~[gson-2.10.jar%2372!/:?]
	at com.google.gson.internal.bind.TypeAdapterRuntimeTypeWrapper.read(TypeAdapterRuntimeTypeWrapper.java:40) ~[gson-2.10.jar%2372!/:?]
	at com.google.gson.internal.bind.ArrayTypeAdapter.read(ArrayTypeAdapter.java:72) ~[gson-2.10.jar%2372!/:?]
	at com.google.gson.Gson.fromJson(Gson.java:1214) ~[gson-2.10.jar%2372!/:?]
	at com.google.gson.Gson.fromJson(Gson.java:1319) ~[gson-2.10.jar%2372!/:?]
	at com.google.gson.Gson.fromJson(Gson.java:1290) ~[gson-2.10.jar%2372!/:?]
	at com.google.gson.internal.bind.TreeTypeAdapter$GsonContextImpl.deserialize(TreeTypeAdapter.java:179) ~[gson-2.10.jar%2372!/:?]
	at net.minecraft.util.GsonHelper.m_13808_(GsonHelper.java:463) ~[server-1.20.1-20230612.114412-srg.jar%23345!/:?]
	at net.minecraft.util.GsonHelper.m_13845_(GsonHelper.java:481) ~[server-1.20.1-20230612.114412-srg.jar%23345!/:?]
	at net.minecraft.world.level.storage.loot.LootTable$Serializer.deserialize(LootTable.java:294) ~[server-1.20.1-20230612.114412-srg.jar%23345!/:?]
	at net.minecraft.world.level.storage.loot.LootTable$Serializer.deserialize(LootTable.java:291) ~[server-1.20.1-20230612.114412-srg.jar%23345!/:?]
	at com.google.gson.internal.bind.TreeTypeAdapter.read(TreeTypeAdapter.java:76) ~[gson-2.10.jar%2372!/:?]
	at com.google.gson.Gson.fromJson(Gson.java:1214) ~[gson-2.10.jar%2372!/:?]
	at com.google.gson.Gson.fromJson(Gson.java:1319) ~[gson-2.10.jar%2372!/:?]
	at com.google.gson.Gson.fromJson(Gson.java:1261) ~[gson-2.10.jar%2372!/:?]
	at net.minecraftforge.common.ForgeHooks.loadLootTable(ForgeHooks.java:871) ~[forge-1.20.1-47.4.0-universal.jar%23350!/:?]
	at net.minecraftforge.common.ForgeHooks.lambda$getLootTableDeserializer$3(ForgeHooks.java:848) ~[forge-1.20.1-47.4.0-universal.jar%23350!/:?]
	at net.minecraft.world.level.storage.loot.LootDataType.deserialize(LootDataType.java:45) ~[server-1.20.1-20230612.114412-srg.jar%23345!/:?]
	at net.minecraft.world.level.storage.loot.LootDataManager.lambda$scheduleElementParse$4(LootDataManager.java:56) ~[server-1.20.1-20230612.114412-srg.jar%23345!/:?]
	at java.util.HashMap.forEach(HashMap.java:1429) ~[?:?]
	at net.minecraft.world.level.storage.loot.LootDataManager.m_278660_(LootDataManager.java:55) ~[server-1.20.1-20230612.114412-srg.jar%23345!/:?]
	at java.util.concurrent.CompletableFuture$AsyncRun.run(CompletableFuture.java:1804) ~[?:?]
	at java.util.concurrent.CompletableFuture$AsyncRun.exec(CompletableFuture.java:1796) ~[?:?]
	at java.util.concurrent.ForkJoinTask.doExec(ForkJoinTask.java:387) ~[?:?]
	at java.util.concurrent.ForkJoinPool$WorkQueue.topLevelExec(ForkJoinPool.java:1312) ~[?:?]
	at java.util.concurrent.ForkJoinPool.scan(ForkJoinPool.java:1843) ~[?:?]
	at java.util.concurrent.ForkJoinPool.runWorker(ForkJoinPool.java:1808) ~[?:?]
	at java.util.concurrent.ForkJoinWorkerThread.run(ForkJoinWorkerThread.java:188) ~[?:?]
[04Oct2025 00:02:06.639] [Worker-Main-1/INFO] [Mantle/]: Loaded 20 loot table injectors injecting into 18 tables in 20.439075 ms
[04Oct2025 00:02:06.817] [main/WARN] [AlmostUnified/]: Recipe count: 18069
[04Oct2025 00:02:07.557] [main/WARN] [AlmostUnified/]: Recipe count afterwards: 17863 (done in 739.3 ms)
[04Oct2025 00:02:07.560] [main/INFO] [KubeJS Server/]: Processing recipes...
[04Oct2025 00:02:07.581] [main/WARN] [KubeJS Server/]: Failed to parse recipe 'tconstruct:smeltery/casting/metal/iron/ingot_gold_cast[tconstruct:casting_table]'! Falling back to vanilla: Cannot invoke "com.google.gson.JsonElement.getAsString()" because the return value of "com.google.gson.JsonObject.get(String)" is null
[04Oct2025 00:02:07.595] [main/WARN] [KubeJS Server/]: Failed to parse recipe 'tconstruct:smeltery/melting/metal/rose_gold/block[tconstruct:melting]'! Falling back to vanilla: Cannot invoke "com.google.gson.JsonElement.getAsString()" because the return value of "com.google.gson.JsonObject.get(String)" is null
[04Oct2025 00:02:07.601] [main/WARN] [KubeJS Server/]: Failed to parse recipe 'tconstruct:smeltery/melting/metal/invar/gear[tconstruct:melting]'! Falling back to vanilla: Cannot invoke "com.google.gson.JsonElement.getAsString()" because the return value of "com.google.gson.JsonObject.get(String)" is null
[04Oct2025 00:02:07.607] [main/WARN] [KubeJS Server/]: Failed to parse recipe 'tconstruct:smeltery/melting/metal/constantan/block[tconstruct:melting]'! Falling back to vanilla: Cannot invoke "com.google.gson.JsonElement.getAsString()" because the return value of "com.google.gson.JsonObject.get(String)" is null
[04Oct2025 00:02:07.617] [main/WARN] [KubeJS Server/]: Failed to parse recipe 'tconstruct:smeltery/casting/seared/bricks/stairs[tconstruct:casting_basin]'! Falling back to vanilla: Cannot invoke "com.google.gson.JsonElement.getAsString()" because the return value of "com.google.gson.JsonObject.get(String)" is null
[04Oct2025 00:02:07.618] [main/WARN] [KubeJS Server/]: Failed to parse recipe 'tconstruct:smeltery/casting/metal/nickel/gear_gold_cast[tconstruct:casting_table]'! Falling back to vanilla: Cannot invoke "com.google.gson.JsonElement.getAsString()" because the return value of "com.google.gson.JsonObject.get(String)" is null
[04Oct2025 00:02:07.619] [main/WARN] [KubeJS Server/]: Failed to parse recipe 'tconstruct:smeltery/entity_melting/heads/zombie[tconstruct:melting]'! Falling back to vanilla: Cannot invoke "com.google.gson.JsonElement.getAsString()" because the return value of "com.google.gson.JsonObject.get(String)" is null
[04Oct2025 00:02:07.622] [main/WARN] [KubeJS Server/]: Failed to parse recipe 'tconstruct:smeltery/casting/metal/iron/rod_sand_cast[tconstruct:casting_table]'! Falling back to vanilla: Cannot invoke "com.google.gson.JsonElement.getAsString()" because the return value of "com.google.gson.JsonObject.get(String)" is null
[04Oct2025 00:02:07.636] [main/WARN] [KubeJS Server/]: Failed to parse recipe 'tconstruct:smeltery/casting/metal/enderium/plate_gold_cast[tconstruct:casting_table]'! Falling back to vanilla: Cannot invoke "com.google.gson.JsonElement.getAsString()" because the return value of "com.google.gson.JsonObject.get(String)" is null
[04Oct2025 00:02:07.641] [main/WARN] [KubeJS Server/]: Failed to parse recipe 'tconstruct:smeltery/casting/metal/slimesteel/block[tconstruct:casting_basin]'! Falling back to vanilla: Cannot invoke "com.google.gson.JsonElement.getAsString()" because the return value of "com.google.gson.JsonObject.get(String)" is null
[04Oct2025 00:02:07.652] [main/WARN] [KubeJS Server/]: Failed to parse recipe 'tconstruct:smeltery/melting/metal/tin/plate[tconstruct:melting]'! Falling back to vanilla: Cannot invoke "com.google.gson.JsonElement.getAsString()" because the return value of "com.google.gson.JsonObject.get(String)" is null
[04Oct2025 00:02:07.666] [main/WARN] [KubeJS Server/]: Failed to parse recipe 'tconstruct:smeltery/casting/metal/copper/nugget_sand_cast[tconstruct:casting_table]'! Falling back to vanilla: Cannot invoke "com.google.gson.JsonElement.getAsString()" because the return value of "com.google.gson.JsonObject.get(String)" is null
[04Oct2025 00:02:07.669] [main/WARN] [KubeJS Server/]: Failed to parse recipe 'mekanism:rotary/hydrofluoric_acid[mekanism:rotary]'! Falling back to vanilla: Cannot invoke "com.google.gson.JsonElement.getAsString()" because the return value of "com.google.gson.JsonObject.get(String)" is null
[04Oct2025 00:02:07.678] [main/WARN] [KubeJS Server/]: Failed to parse recipe 'tconstruct:smeltery/casting/metal/refined_obsidian/block[tconstruct:casting_basin]'! Falling back to vanilla: Cannot invoke "com.google.gson.JsonElement.getAsString()" because the return value of "com.google.gson.JsonObject.get(String)" is null
[04Oct2025 00:02:07.693] [main/WARN] [KubeJS Server/]: Failed to parse recipe 'tconstruct:smeltery/casting/slime/ender/bottle[tconstruct:casting_table]'! Falling back to vanilla: Cannot invoke "com.google.gson.JsonElement.getAsString()" because the return value of "com.google.gson.JsonObject.get(String)" is null
[04Oct2025 00:02:07.696] [main/WARN] [KubeJS Server/]: Failed to parse recipe 'tconstruct:smeltery/melting/metal/invar/nugget[tconstruct:melting]'! Falling back to vanilla: Cannot invoke "com.google.gson.JsonElement.getAsString()" because the return value of "com.google.gson.JsonObject.get(String)" is null
[04Oct2025 00:02:07.721] [main/WARN] [KubeJS Server/]: Failed to parse recipe 'tconstruct:smeltery/casting/soul/glass[tconstruct:casting_basin]'! Falling back to vanilla: Cannot invoke "com.google.gson.JsonElement.getAsString()" because the return value of "com.google.gson.JsonObject.get(String)" is null
[04Oct2025 00:02:07.722] [main/WARN] [KubeJS Server/]: Failed to parse recipe 'tconstruct:smeltery/casting/metal/slimesteel/nugget_gold_cast[tconstruct:casting_table]'! Falling back to vanilla: Cannot invoke "com.google.gson.JsonElement.getAsString()" because the return value of "com.google.gson.JsonObject.get(String)" is null
[04Oct2025 00:02:07.723] [main/WARN] [KubeJS Server/]: Failed to parse recipe 'tconstruct:smeltery/melting/metal/copper/gear[tconstruct:melting]'! Falling back to vanilla: Cannot invoke "com.google.gson.JsonElement.getAsString()" because the return value of "com.google.gson.JsonObject.get(String)" is null
[04Oct2025 00:02:07.724] [main/WARN] [KubeJS Server/]: Failed to parse recipe 'tconstruct:smeltery/melting/metal/signalum/ingot[tconstruct:melting]'! Falling back to vanilla: Cannot invoke "com.google.gson.JsonElement.getAsString()" because the return value of "com.google.gson.JsonObject.get(String)" is null
[04Oct2025 00:02:07.738] [main/WARN] [KubeJS Server/]: Failed to parse recipe 'mekanism:rotary/sulfuric_acid[mekanism:rotary]'! Falling back to vanilla: Cannot invoke "com.google.gson.JsonElement.getAsString()" because the return value of "com.google.gson.JsonObject.get(String)" is null
[04Oct2025 00:02:07.741] [main/WARN] [KubeJS Server/]: Failed to parse recipe 'tconstruct:smeltery/melting/metal/iron/nugget[tconstruct:melting]'! Falling back to vanilla: Cannot invoke "com.google.gson.JsonElement.getAsString()" because the return value of "com.google.gson.JsonObject.get(String)" is null
[04Oct2025 00:02:07.749] [main/WARN] [KubeJS Server/]: Failed to parse recipe 'tconstruct:smeltery/casting/metal/netherite/ingot_sand_cast[tconstruct:casting_table]'! Falling back to vanilla: Cannot invoke "com.google.gson.JsonElement.getAsString()" because the return value of "com.google.gson.JsonObject.get(String)" is null
[04Oct2025 00:02:07.752] [main/WARN] [KubeJS Server/]: Failed to parse recipe 'tconstruct:smeltery/casting/metal/lead/nugget_gold_cast[tconstruct:casting_table]'! Falling back to vanilla: Cannot invoke "com.google.gson.JsonElement.getAsString()" because the return value of "com.google.gson.JsonObject.get(String)" is null
[04Oct2025 00:02:07.755] [main/WARN] [KubeJS Server/]: Failed to parse recipe 'tconstruct:smeltery/melting/metal/silver/dust[tconstruct:melting]'! Falling back to vanilla: Cannot invoke "com.google.gson.JsonElement.getAsString()" because the return value of "com.google.gson.JsonObject.get(String)" is null
[04Oct2025 00:02:07.759] [main/WARN] [KubeJS Server/]: Failed to parse recipe 'tconstruct:smeltery/alloys/molten_invar[tconstruct:alloy]'! Falling back to vanilla: Cannot invoke "com.google.gson.JsonElement.getAsString()" because the return value of "com.google.gson.JsonObject.get(String)" is null
[04Oct2025 00:02:07.763] [main/WARN] [KubeJS Server/]: Failed to parse recipe 'tconstruct:smeltery/melting/metal/cobalt/reinforcement[tconstruct:melting]'! Falling back to vanilla: Cannot invoke "com.google.gson.JsonElement.getAsString()" because the return value of "com.google.gson.JsonObject.get(String)" is null
[04Oct2025 00:02:07.771] [main/WARN] [KubeJS Server/]: Failed to parse recipe 'tconstruct:smeltery/casting/diamond/block[tconstruct:casting_basin]'! Falling back to vanilla: Cannot invoke "com.google.gson.JsonElement.getAsString()" because the return value of "com.google.gson.JsonObject.get(String)" is null
[04Oct2025 00:02:07.776] [main/WARN] [KubeJS Server/]: Failed to parse recipe 'mekanismgenerators:rotary/tritium[mekanism:rotary]'! Falling back to vanilla: Cannot invoke "com.google.gson.JsonElement.getAsString()" because the return value of "com.google.gson.JsonObject.get(String)" is null
[04Oct2025 00:02:07.778] [main/WARN] [KubeJS Server/]: Failed to parse recipe 'tconstruct:smeltery/melting/metal/nickel/ingot[tconstruct:melting]'! Falling back to vanilla: Cannot invoke "com.google.gson.JsonElement.getAsString()" because the return value of "com.google.gson.JsonObject.get(String)" is null
[04Oct2025 00:02:07.782] [main/WARN] [KubeJS Server/]: Failed to parse recipe 'tconstruct:smeltery/casting/metal/lead/block[tconstruct:casting_basin]'! Falling back to vanilla: Cannot invoke "com.google.gson.JsonElement.getAsString()" because the return value of "com.google.gson.JsonObject.get(String)" is null
[04Oct2025 00:02:07.785] [main/WARN] [KubeJS Server/]: Failed to parse recipe 'tconstruct:smeltery/casting/metal/constantan/block[tconstruct:casting_basin]'! Falling back to vanilla: Cannot invoke "com.google.gson.JsonElement.getAsString()" because the return value of "com.google.gson.JsonObject.get(String)" is null
[04Oct2025 00:02:07.792] [main/WARN] [KubeJS Server/]: Failed to parse recipe 'tconstruct:smeltery/casting/metal/tin/nugget_gold_cast[tconstruct:casting_table]'! Falling back to vanilla: Cannot invoke "com.google.gson.JsonElement.getAsString()" because the return value of "com.google.gson.JsonObject.get(String)" is null
[04Oct2025 00:02:07.796] [main/WARN] [KubeJS Server/]: Failed to parse recipe 'tconstruct:smeltery/casts/gold/tough_handle[tconstruct:casting_table]'! Falling back to vanilla: Cannot invoke "com.google.gson.JsonElement.getAsString()" because the return value of "com.google.gson.JsonObject.get(String)" is null
[04Oct2025 00:02:07.797] [main/WARN] [KubeJS Server/]: Failed to parse recipe 'tconstruct:smeltery/casting/obsidian/chest[tconstruct:casting_basin]'! Falling back to vanilla: Cannot invoke "com.google.gson.JsonElement.getAsString()" because the return value of "com.google.gson.JsonObject.get(String)" is null
[04Oct2025 00:02:07.804] [main/WARN] [KubeJS Server/]: Failed to parse recipe 'tconstruct:smeltery/casting/metal/invar/plate_gold_cast[tconstruct:casting_table]'! Falling back to vanilla: Cannot invoke "com.google.gson.JsonElement.getAsString()" because the return value of "com.google.gson.JsonObject.get(String)" is null
[04Oct2025 00:02:07.806] [main/WARN] [KubeJS Server/]: Failed to parse recipe 'tconstruct:smeltery/casting/metal/invar/nugget_sand_cast[tconstruct:casting_table]'! Falling back to vanilla: Cannot invoke "com.google.gson.JsonElement.getAsString()" because the return value of "com.google.gson.JsonObject.get(String)" is null
[04Oct2025 00:02:07.808] [main/WARN] [KubeJS Server/]: Failed to parse recipe 'tconstruct:smeltery/casting/metal/refined_obsidian/ingot_sand_cast[tconstruct:casting_table]'! Falling back to vanilla: Cannot invoke "com.google.gson.JsonElement.getAsString()" because the return value of "com.google.gson.JsonObject.get(String)" is null
[04Oct2025 00:02:07.811] [main/WARN] [KubeJS Server/]: Failed to parse recipe 'tconstruct:smeltery/casting/metal/netherite/ingot_gold_cast[tconstruct:casting_table]'! Falling back to vanilla: Cannot invoke "com.google.gson.JsonElement.getAsString()" because the return value of "com.google.gson.JsonObject.get(String)" is null
[04Oct2025 00:02:07.813] [main/WARN] [KubeJS Server/]: Failed to parse recipe 'tconstruct:smeltery/casting/amethyst/block[tconstruct:casting_basin]'! Falling back to vanilla: Cannot invoke "com.google.gson.JsonElement.getAsString()" because the return value of "com.google.gson.JsonObject.get(String)" is null
[04Oct2025 00:02:07.815] [main/WARN] [KubeJS Server/]: Failed to parse recipe 'tconstruct:smeltery/casting/blazewood_fence[tconstruct:casting_basin]'! Falling back to vanilla: Cannot invoke "com.google.gson.JsonElement.getAsString()" because the return value of "com.google.gson.JsonObject.get(String)" is null
[04Oct2025 00:02:07.817] [main/WARN] [KubeJS Server/]: Failed to parse recipe 'tconstruct:smeltery/melting/metal/electrum/ingot[tconstruct:melting]'! Falling back to vanilla: Cannot invoke "com.google.gson.JsonElement.getAsString()" because the return value of "com.google.gson.JsonObject.get(String)" is null
[04Oct2025 00:02:07.819] [main/WARN] [KubeJS Server/]: Failed to parse recipe 'tconstruct:smeltery/melting/slime/earth/sapling[tconstruct:melting]'! Falling back to vanilla: Cannot invoke "com.google.gson.JsonElement.getAsString()" because the return value of "com.google.gson.JsonObject.get(String)" is null
[04Oct2025 00:02:07.820] [main/WARN] [KubeJS Server/]: Failed to parse recipe 'tconstruct:smeltery/casting/metal/enderium/gear_sand_cast[tconstruct:casting_table]'! Falling back to vanilla: Cannot invoke "com.google.gson.JsonElement.getAsString()" because the return value of "com.google.gson.JsonObject.get(String)" is null
[04Oct2025 00:02:07.821] [main/WARN] [KubeJS Server/]: Failed to parse recipe 'mekanism:rotary/hydrogen_chloride[mekanism:rotary]'! Falling back to vanilla: Cannot invoke "com.google.gson.JsonElement.getAsString()" because the return value of "com.google.gson.JsonObject.get(String)" is null
[04Oct2025 00:02:07.828] [main/WARN] [KubeJS Server/]: Failed to parse recipe 'deeperdarker:resonarium_hoe_smithing[minecraft:smithing_transform]'! Falling back to vanilla: Ingredient 'template' can't be empty!
[04Oct2025 00:02:07.830] [main/WARN] [KubeJS Server/]: Failed to parse recipe 'tconstruct:smeltery/casting/scorched/brick_gold_cast[tconstruct:casting_table]'! Falling back to vanilla: Cannot invoke "com.google.gson.JsonElement.getAsString()" because the return value of "com.google.gson.JsonObject.get(String)" is null
[04Oct2025 00:02:07.831] [main/WARN] [KubeJS Server/]: Failed to parse recipe 'tconstruct:smeltery/entity_melting/heads/piglin[tconstruct:melting]'! Falling back to vanilla: Cannot invoke "com.google.gson.JsonElement.getAsString()" because the return value of "com.google.gson.JsonObject.get(String)" is null
[04Oct2025 00:02:07.833] [main/WARN] [KubeJS Server/]: Failed to parse recipe 'tconstruct:smeltery/casting/metal/nickel/nugget_sand_cast[tconstruct:casting_table]'! Falling back to vanilla: Cannot invoke "com.google.gson.JsonElement.getAsString()" because the return value of "com.google.gson.JsonObject.get(String)" is null
[04Oct2025 00:02:07.835] [main/WARN] [KubeJS Server/]: Failed to parse recipe 'tconstruct:smeltery/melting/metal/manyullyn/ingot[tconstruct:melting]'! Falling back to vanilla: Cannot invoke "com.google.gson.JsonElement.getAsString()" because the return value of "com.google.gson.JsonObject.get(String)" is null
[04Oct2025 00:02:07.837] [main/WARN] [KubeJS Server/]: Failed to parse recipe 'tconstruct:smeltery/casting/metal/cobalt/nugget_gold_cast[tconstruct:casting_table]'! Falling back to vanilla: Cannot invoke "com.google.gson.JsonElement.getAsString()" because the return value of "com.google.gson.JsonObject.get(String)" is null
[04Oct2025 00:02:07.838] [main/WARN] [KubeJS Server/]: Failed to parse recipe 'tconstruct:smeltery/melting/metal/osmium/dust[tconstruct:melting]'! Falling back to vanilla: Cannot invoke "com.google.gson.JsonElement.getAsString()" because the return value of "com.google.gson.JsonObject.get(String)" is null
[04Oct2025 00:02:07.841] [main/WARN] [KubeJS Server/]: Failed to parse recipe 'tconstruct:smeltery/casting/metal/netherite/block[tconstruct:casting_basin]'! Falling back to vanilla: Cannot invoke "com.google.gson.JsonElement.getAsString()" because the return value of "com.google.gson.JsonObject.get(String)" is null
[04Oct2025 00:02:07.846] [main/WARN] [KubeJS Server/]: Failed to parse recipe 'tconstruct:smeltery/melting/metal/lead/block[tconstruct:melting]'! Falling back to vanilla: Cannot invoke "com.google.gson.JsonElement.getAsString()" because the return value of "com.google.gson.JsonObject.get(String)" is null
[04Oct2025 00:02:07.848] [main/WARN] [KubeJS Server/]: Failed to parse recipe 'tconstruct:smeltery/casts/gold/nuggets[tconstruct:casting_table]'! Falling back to vanilla: Cannot invoke "com.google.gson.JsonElement.getAsString()" because the return value of "com.google.gson.JsonObject.get(String)" is null
[04Oct2025 00:02:07.849] [main/WARN] [KubeJS Server/]: Failed to parse recipe 'tconstruct:smeltery/casting/metal/invar/coin_gold_cast[tconstruct:casting_table]'! Falling back to vanilla: Cannot invoke "com.google.gson.JsonElement.getAsString()" because the return value of "com.google.gson.JsonObject.get(String)" is null
[04Oct2025 00:02:07.850] [main/WARN] [KubeJS Server/]: Failed to parse recipe 'tconstruct:smeltery/casting/metal/bronze/ingot_gold_cast[tconstruct:casting_table]'! Falling back to vanilla: Cannot invoke "com.google.gson.JsonElement.getAsString()" because the return value of "com.google.gson.JsonObject.get(String)" is null
[04Oct2025 00:02:07.868] [main/WARN] [KubeJS Server/]: Failed to parse recipe 'tconstruct:smeltery/casting/metal/netherite/nugget_sand_cast[tconstruct:casting_table]'! Falling back to vanilla: Cannot invoke "com.google.gson.JsonElement.getAsString()" because the return value of "com.google.gson.JsonObject.get(String)" is null
[04Oct2025 00:02:07.871] [main/WARN] [KubeJS Server/]: Failed to parse recipe 'tconstruct:smeltery/casts/gold/leggings_plating[tconstruct:casting_table]'! Falling back to vanilla: Cannot invoke "com.google.gson.JsonElement.getAsString()" because the return value of "com.google.gson.JsonObject.get(String)" is null
[04Oct2025 00:02:07.873] [main/WARN] [KubeJS Server/]: Failed to parse recipe 'tconstruct:smeltery/casting/metal/osmium/block[tconstruct:casting_basin]'! Falling back to vanilla: Cannot invoke "com.google.gson.JsonElement.getAsString()" because the return value of "com.google.gson.JsonObject.get(String)" is null
[04Oct2025 00:02:07.874] [main/WARN] [KubeJS Server/]: Failed to parse recipe 'tconstruct:smeltery/casting/obsidian/nahuatl[tconstruct:casting_basin]'! Falling back to vanilla: Cannot invoke "com.google.gson.JsonElement.getAsString()" because the return value of "com.google.gson.JsonObject.get(String)" is null
[04Oct2025 00:02:07.875] [main/WARN] [KubeJS Server/]: Failed to parse recipe 'tconstruct:smeltery/casting/metal/steel/block[tconstruct:casting_basin]'! Falling back to vanilla: Cannot invoke "com.google.gson.JsonElement.getAsString()" because the return value of "com.google.gson.JsonObject.get(String)" is null
[04Oct2025 00:02:07.878] [main/WARN] [KubeJS Server/]: Failed to parse recipe 'mekanism:rotary/superheated_sodium[mekanism:rotary]'! Falling back to vanilla: Cannot invoke "com.google.gson.JsonElement.getAsString()" because the return value of "com.google.gson.JsonObject.get(String)" is null
[04Oct2025 00:02:07.879] [main/WARN] [KubeJS Server/]: Failed to parse recipe 'mekanism:processing/copper/slurry/clean[mekanism:washing]'! Falling back to vanilla: Cannot invoke "com.google.gson.JsonElement.getAsString()" because the return value of "com.google.gson.JsonObject.get(String)" is null
[04Oct2025 00:02:07.882] [main/WARN] [KubeJS Server/]: Failed to parse recipe 'tconstruct:smeltery/melting/metal/brass/ingot[tconstruct:melting]'! Falling back to vanilla: Cannot invoke "com.google.gson.JsonElement.getAsString()" because the return value of "com.google.gson.JsonObject.get(String)" is null
[04Oct2025 00:02:07.885] [main/WARN] [KubeJS Server/]: Failed to parse recipe 'tconstruct:smeltery/casting/metal/pig_iron/nugget_gold_cast[tconstruct:casting_table]'! Falling back to vanilla: Cannot invoke "com.google.gson.JsonElement.getAsString()" because the return value of "com.google.gson.JsonObject.get(String)" is null
[04Oct2025 00:02:07.886] [main/WARN] [KubeJS Server/]: Failed to parse recipe 'tconstruct:smeltery/melting/metal/cobalt/ingot[tconstruct:melting]'! Falling back to vanilla: Cannot invoke "com.google.gson.JsonElement.getAsString()" because the return value of "com.google.gson.JsonObject.get(String)" is null
[04Oct2025 00:02:07.887] [main/WARN] [KubeJS Server/]: Failed to parse recipe 'tconstruct:smeltery/casting/metal/slimesteel/nugget_sand_cast[tconstruct:casting_table]'! Falling back to vanilla: Cannot invoke "com.google.gson.JsonElement.getAsString()" because the return value of "com.google.gson.JsonObject.get(String)" is null
[04Oct2025 00:02:07.888] [main/WARN] [KubeJS Server/]: Failed to parse recipe 'tconstruct:smeltery/casting/metal/lumium/coin_gold_cast[tconstruct:casting_table]'! Falling back to vanilla: Cannot invoke "com.google.gson.JsonElement.getAsString()" because the return value of "com.google.gson.JsonObject.get(String)" is null
[04Oct2025 00:02:07.889] [main/WARN] [KubeJS Server/]: Failed to parse recipe 'tconstruct:smeltery/casting/metal/hepatizon/nugget_sand_cast[tconstruct:casting_table]'! Falling back to vanilla: Cannot invoke "com.google.gson.JsonElement.getAsString()" because the return value of "com.google.gson.JsonObject.get(String)" is null
[04Oct2025 00:02:07.892] [main/WARN] [KubeJS Server/]: Failed to parse recipe 'tconstruct:smeltery/casting/metal/cobalt/ingot_gold_cast[tconstruct:casting_table]'! Falling back to vanilla: Cannot invoke "com.google.gson.JsonElement.getAsString()" because the return value of "com.google.gson.JsonObject.get(String)" is null
[04Oct2025 00:02:07.894] [main/WARN] [KubeJS Server/]: Failed to parse recipe 'tconstruct:smeltery/casting/metal/signalum/block[tconstruct:casting_basin]'! Falling back to vanilla: Cannot invoke "com.google.gson.JsonElement.getAsString()" because the return value of "com.google.gson.JsonObject.get(String)" is null
[04Oct2025 00:02:07.895] [main/WARN] [KubeJS Server/]: Failed to parse recipe 'mekanism:processing/gold/slurry/clean[mekanism:washing]'! Falling back to vanilla: Cannot invoke "com.google.gson.JsonElement.getAsString()" because the return value of "com.google.gson.JsonObject.get(String)" is null
[04Oct2025 00:02:07.898] [main/WARN] [KubeJS Server/]: Failed to parse recipe 'tconstruct:smeltery/casts/gold/helmet_plating[tconstruct:casting_table]'! Falling back to vanilla: Cannot invoke "com.google.gson.JsonElement.getAsString()" because the return value of "com.google.gson.JsonObject.get(String)" is null
[04Oct2025 00:02:07.899] [main/WARN] [KubeJS Server/]: Failed to parse recipe 'tconstruct:smeltery/casting/metal/tin/plate_sand_cast[tconstruct:casting_table]'! Falling back to vanilla: Cannot invoke "com.google.gson.JsonElement.getAsString()" because the return value of "com.google.gson.JsonObject.get(String)" is null
[04Oct2025 00:02:07.900] [main/WARN] [KubeJS Server/]: Failed to parse recipe 'tconstruct:smeltery/casting/metal/gold/ingot_gold_cast[tconstruct:casting_table]'! Falling back to vanilla: Cannot invoke "com.google.gson.JsonElement.getAsString()" because the return value of "com.google.gson.JsonObject.get(String)" is null
[04Oct2025 00:02:07.902] [main/WARN] [KubeJS Server/]: Failed to parse recipe 'tconstruct:smeltery/casts/gold/coins[tconstruct:casting_table]'! Falling back to vanilla: Cannot invoke "com.google.gson.JsonElement.getAsString()" because the return value of "com.google.gson.JsonObject.get(String)" is null
[04Oct2025 00:02:07.907] [main/WARN] [KubeJS Server/]: Failed to parse recipe 'tconstruct:smeltery/melting/metal/iron/nugget_3[tconstruct:melting]'! Falling back to vanilla: Cannot invoke "com.google.gson.JsonElement.getAsString()" because the return value of "com.google.gson.JsonObject.get(String)" is null
[04Oct2025 00:02:07.910] [main/WARN] [KubeJS Server/]: Failed to parse recipe 'tconstruct:smeltery/casting/metal/pig_iron/block[tconstruct:casting_basin]'! Falling back to vanilla: Cannot invoke "com.google.gson.JsonElement.getAsString()" because the return value of "com.google.gson.JsonObject.get(String)" is null
[04Oct2025 00:02:07.912] [main/WARN] [KubeJS Server/]: Failed to parse recipe 'tconstruct:smeltery/casting/metal/refined_obsidian/ingot_gold_cast[tconstruct:casting_table]'! Falling back to vanilla: Cannot invoke "com.google.gson.JsonElement.getAsString()" because the return value of "com.google.gson.JsonObject.get(String)" is null
[04Oct2025 00:02:07.913] [main/WARN] [KubeJS Server/]: Failed to parse recipe 'tconstruct:smeltery/casting/metal/brass/ingot_sand_cast[tconstruct:casting_table]'! Falling back to vanilla: Cannot invoke "com.google.gson.JsonElement.getAsString()" because the return value of "com.google.gson.JsonObject.get(String)" is null
[04Oct2025 00:02:07.914] [main/WARN] [KubeJS Server/]: Failed to parse recipe 'tconstruct:smeltery/casting/metal/tin/plate_gold_cast[tconstruct:casting_table]'! Falling back to vanilla: Cannot invoke "com.google.gson.JsonElement.getAsString()" because the return value of "com.google.gson.JsonObject.get(String)" is null
[04Oct2025 00:02:07.915] [main/WARN] [KubeJS Server/]: Failed to parse recipe 'tconstruct:smeltery/melting/metal/gold/nugget[tconstruct:melting]'! Falling back to vanilla: Cannot invoke "com.google.gson.JsonElement.getAsString()" because the return value of "com.google.gson.JsonObject.get(String)" is null
[04Oct2025 00:02:07.917] [main/WARN] [KubeJS Server/]: Failed to parse recipe 'tconstruct:smeltery/melting/metal/electrum/nugget[tconstruct:melting]'! Falling back to vanilla: Cannot invoke "com.google.gson.JsonElement.getAsString()" because the return value of "com.google.gson.JsonObject.get(String)" is null
[04Oct2025 00:02:07.918] [main/WARN] [KubeJS Server/]: Failed to parse recipe 'tconstruct:smeltery/casting/metal/zinc/ingot_sand_cast[tconstruct:casting_table]'! Falling back to vanilla: Cannot invoke "com.google.gson.JsonElement.getAsString()" because the return value of "com.google.gson.JsonObject.get(String)" is null
[04Oct2025 00:02:07.920] [main/WARN] [KubeJS Server/]: Failed to parse recipe 'tconstruct:smeltery/melting/metal/signalum/nugget[tconstruct:melting]'! Falling back to vanilla: Cannot invoke "com.google.gson.JsonElement.getAsString()" because the return value of "com.google.gson.JsonObject.get(String)" is null
[04Oct2025 00:02:07.921] [main/WARN] [KubeJS Server/]: Failed to parse recipe 'tconstruct:smeltery/casting/metal/pig_iron/nugget_sand_cast[tconstruct:casting_table]'! Falling back to vanilla: Cannot invoke "com.google.gson.JsonElement.getAsString()" because the return value of "com.google.gson.JsonObject.get(String)" is null
[04Oct2025 00:02:07.927] [main/WARN] [KubeJS Server/]: Failed to parse recipe 'tconstruct:smeltery/casting/metal/lead/nugget_sand_cast[tconstruct:casting_table]'! Falling back to vanilla: Cannot invoke "com.google.gson.JsonElement.getAsString()" because the return value of "com.google.gson.JsonObject.get(String)" is null
[04Oct2025 00:02:07.928] [main/WARN] [KubeJS Server/]: Failed to parse recipe 'tconstruct:smeltery/casting/scorched/brick_sand_cast[tconstruct:casting_table]'! Falling back to vanilla: Cannot invoke "com.google.gson.JsonElement.getAsString()" because the return value of "com.google.gson.JsonObject.get(String)" is null
[04Oct2025 00:02:07.934] [main/WARN] [KubeJS Server/]: Failed to parse recipe 'tconstruct:smeltery/casting/metal/copper/wire_sand_cast[tconstruct:casting_table]'! Falling back to vanilla: Cannot invoke "com.google.gson.JsonElement.getAsString()" because the return value of "com.google.gson.JsonObject.get(String)" is null
[04Oct2025 00:02:07.936] [main/WARN] [KubeJS Server/]: Failed to parse recipe 'tconstruct:smeltery/casting/metal/lumium/coin_sand_cast[tconstruct:casting_table]'! Falling back to vanilla: Cannot invoke "com.google.gson.JsonElement.getAsString()" because the return value of "com.google.gson.JsonObject.get(String)" is null
[04Oct2025 00:02:07.938] [main/WARN] [KubeJS Server/]: Failed to parse recipe 'tconstruct:smeltery/melting/metal/gold/bell[tconstruct:melting]'! Falling back to vanilla: Cannot invoke "com.google.gson.JsonElement.getAsString()" because the return value of "com.google.gson.JsonObject.get(String)" is null
[04Oct2025 00:02:07.941] [main/WARN] [KubeJS Server/]: Failed to parse recipe 'tconstruct:smeltery/casting/emerald/block[tconstruct:casting_basin]'! Falling back to vanilla: Cannot invoke "com.google.gson.JsonElement.getAsString()" because the return value of "com.google.gson.JsonObject.get(String)" is null
[04Oct2025 00:02:07.943] [main/WARN] [KubeJS Server/]: Failed to parse recipe 'tconstruct:smeltery/melting/metal/silver/coin[tconstruct:melting]'! Falling back to vanilla: Cannot invoke "com.google.gson.JsonElement.getAsString()" because the return value of "com.google.gson.JsonObject.get(String)" is null
[04Oct2025 00:02:07.945] [main/WARN] [KubeJS Server/]: Failed to parse recipe 'tconstruct:smeltery/casting/scorched/glass_tinted[tconstruct:casting_basin]'! Falling back to vanilla: Cannot invoke "com.google.gson.JsonElement.getAsString()" because the return value of "com.google.gson.JsonObject.get(String)" is null
[04Oct2025 00:02:07.947] [main/WARN] [KubeJS Server/]: Failed to parse recipe 'tconstruct:smeltery/melting/metal/copper/nugget[tconstruct:melting]'! Falling back to vanilla: Cannot invoke "com.google.gson.JsonElement.getAsString()" because the return value of "com.google.gson.JsonObject.get(String)" is null
[04Oct2025 00:02:07.948] [main/WARN] [KubeJS Server/]: Failed to parse recipe 'tconstruct:smeltery/casting/metal/hepatizon/nugget_gold_cast[tconstruct:casting_table]'! Falling back to vanilla: Cannot invoke "com.google.gson.JsonElement.getAsString()" because the return value of "com.google.gson.JsonObject.get(String)" is null
[04Oct2025 00:02:07.949] [main/WARN] [KubeJS Server/]: Failed to parse recipe 'tconstruct:smeltery/melting/metal/lumium/coin[tconstruct:melting]'! Falling back to vanilla: Cannot invoke "com.google.gson.JsonElement.getAsString()" because the return value of "com.google.gson.JsonObject.get(String)" is null
[04Oct2025 00:02:07.952] [main/WARN] [KubeJS Server/]: Failed to parse recipe 'tconstruct:smeltery/casting/metal/netherite/ancient_repair_kit_sand_cast[tconstruct:casting_table]'! Falling back to vanilla: Cannot invoke "com.google.gson.JsonElement.getAsString()" because the return value of "com.google.gson.JsonObject.get(String)" is null
[04Oct2025 00:02:07.955] [main/WARN] [KubeJS Server/]: Failed to parse recipe 'tconstruct:smeltery/casting/metal/gold/ingot_sand_cast[tconstruct:casting_table]'! Falling back to vanilla: Cannot invoke "com.google.gson.JsonElement.getAsString()" because the return value of "com.google.gson.JsonObject.get(String)" is null
[04Oct2025 00:02:07.957] [main/WARN] [KubeJS Server/]: Failed to parse recipe 'tconstruct:smeltery/melting/metal/iron/tripwire[tconstruct:melting]'! Falling back to vanilla: Cannot invoke "com.google.gson.JsonElement.getAsString()" because the return value of "com.google.gson.JsonObject.get(String)" is null
[04Oct2025 00:02:07.958] [main/WARN] [KubeJS Server/]: Failed to parse recipe 'tconstruct:smeltery/casting/metal/bronze/ingot_sand_cast[tconstruct:casting_table]'! Falling back to vanilla: Cannot invoke "com.google.gson.JsonElement.getAsString()" because the return value of "com.google.gson.JsonObject.get(String)" is null
[04Oct2025 00:02:07.960] [main/WARN] [KubeJS Server/]: Failed to parse recipe 'tconstruct:smeltery/casting/metal/gold/plate_gold_cast[tconstruct:casting_table]'! Falling back to vanilla: Cannot invoke "com.google.gson.JsonElement.getAsString()" because the return value of "com.google.gson.JsonObject.get(String)" is null
[04Oct2025 00:02:07.961] [main/WARN] [KubeJS Server/]: Failed to parse recipe 'tconstruct:smeltery/casting/metal/iron/plate_sand_cast[tconstruct:casting_table]'! Falling back to vanilla: Cannot invoke "com.google.gson.JsonElement.getAsString()" because the return value of "com.google.gson.JsonObject.get(String)" is null
[04Oct2025 00:02:07.963] [main/WARN] [KubeJS Server/]: Failed to parse recipe 'tconstruct:smeltery/melting/metal/rose_gold/ingot[tconstruct:melting]'! Falling back to vanilla: Cannot invoke "com.google.gson.JsonElement.getAsString()" because the return value of "com.google.gson.JsonObject.get(String)" is null
[04Oct2025 00:02:07.964] [main/WARN] [KubeJS Server/]: Failed to parse recipe 'tconstruct:smeltery/melting/metal/signalum/coin[tconstruct:melting]'! Falling back to vanilla: Cannot invoke "com.google.gson.JsonElement.getAsString()" because the return value of "com.google.gson.JsonObject.get(String)" is null
[04Oct2025 00:02:07.966] [main/WARN] [KubeJS Server/]: Failed to parse recipe 'tconstruct:smeltery/melting/metal/silver/block[tconstruct:melting]'! Falling back to vanilla: Cannot invoke "com.google.gson.JsonElement.getAsString()" because the return value of "com.google.gson.JsonObject.get(String)" is null
[04Oct2025 00:02:07.968] [main/WARN] [KubeJS Server/]: Failed to parse recipe 'tconstruct:smeltery/melting/metal/brass/nugget[tconstruct:melting]'! Falling back to vanilla: Cannot invoke "com.google.gson.JsonElement.getAsString()" because the return value of "com.google.gson.JsonObject.get(String)" is null
[04Oct2025 00:02:07.969] [main/WARN] [KubeJS Server/]: Failed to parse recipe 'tconstruct:smeltery/casting/scorched/brick_composite[tconstruct:casting_table]'! Falling back to vanilla: Cannot invoke "com.google.gson.JsonElement.getAsString()" because the return value of "com.google.gson.JsonObject.get(String)" is null
[04Oct2025 00:02:07.971] [main/WARN] [KubeJS Server/]: Failed to parse recipe 'mekanism:rotary/sulfur_trioxide[mekanism:rotary]'! Falling back to vanilla: Cannot invoke "com.google.gson.JsonElement.getAsString()" because the return value of "com.google.gson.JsonObject.get(String)" is null
[04Oct2025 00:02:07.972] [main/WARN] [KubeJS Server/]: Failed to parse recipe 'tconstruct:smeltery/casting/metal/slimesteel/ingot_gold_cast[tconstruct:casting_table]'! Falling back to vanilla: Cannot invoke "com.google.gson.JsonElement.getAsString()" because the return value of "com.google.gson.JsonObject.get(String)" is null
[04Oct2025 00:02:07.974] [main/WARN] [KubeJS Server/]: Failed to parse recipe 'tconstruct:smeltery/casting/metal/netherite/nugget_gold_cast[tconstruct:casting_table]'! Falling back to vanilla: Cannot invoke "com.google.gson.JsonElement.getAsString()" because the return value of "com.google.gson.JsonObject.get(String)" is null
[04Oct2025 00:02:07.975] [main/WARN] [KubeJS Server/]: Failed to parse recipe 'tconstruct:smeltery/casting/quartz/granite[tconstruct:casting_basin]'! Falling back to vanilla: Cannot invoke "com.google.gson.JsonElement.getAsString()" because the return value of "com.google.gson.JsonObject.get(String)" is null
[04Oct2025 00:02:07.976] [main/WARN] [KubeJS Server/]: Failed to parse recipe 'tconstruct:smeltery/casting/metal/silver/gear_gold_cast[tconstruct:casting_table]'! Falling back to vanilla: Cannot invoke "com.google.gson.JsonElement.getAsString()" because the return value of "com.google.gson.JsonObject.get(String)" is null
[04Oct2025 00:02:07.978] [main/WARN] [KubeJS Server/]: Failed to parse recipe 'tconstruct:smeltery/casting/metal/gold/block[tconstruct:casting_basin]'! Falling back to vanilla: Cannot invoke "com.google.gson.JsonElement.getAsString()" because the return value of "com.google.gson.JsonObject.get(String)" is null
[04Oct2025 00:02:07.980] [main/WARN] [KubeJS Server/]: Failed to parse recipe 'tconstruct:smeltery/melting/metal/electrum/block[tconstruct:melting]'! Falling back to vanilla: Cannot invoke "com.google.gson.JsonElement.getAsString()" because the return value of "com.google.gson.JsonObject.get(String)" is null
[04Oct2025 00:02:07.981] [main/WARN] [KubeJS Server/]: Failed to parse recipe 'tconstruct:smeltery/casting/slime/sky/slimeball[tconstruct:casting_table]'! Falling back to vanilla: Cannot invoke "com.google.gson.JsonElement.getAsString()" because the return value of "com.google.gson.JsonObject.get(String)" is null
[04Oct2025 00:02:07.984] [main/WARN] [KubeJS Server/]: Failed to parse recipe 'mekanism:processing/lategame/polonium_pellet/from_reaction[mekanism:reaction]'! Falling back to vanilla: Cannot invoke "com.google.gson.JsonElement.getAsString()" because the return value of "com.google.gson.JsonObject.get(String)" is null
[04Oct2025 00:02:07.987] [main/WARN] [KubeJS Server/]: Failed to parse recipe 'tconstruct:smeltery/melting/metal/bronze/gear[tconstruct:melting]'! Falling back to vanilla: Cannot invoke "com.google.gson.JsonElement.getAsString()" because the return value of "com.google.gson.JsonObject.get(String)" is null
[04Oct2025 00:02:07.989] [main/WARN] [KubeJS Server/]: Failed to parse recipe 'tconstruct:smeltery/melting/metal/constantan/coin[tconstruct:melting]'! Falling back to vanilla: Cannot invoke "com.google.gson.JsonElement.getAsString()" because the return value of "com.google.gson.JsonObject.get(String)" is null
[04Oct2025 00:02:07.990] [main/WARN] [KubeJS Server/]: Failed to parse recipe 'tconstruct:smeltery/casting/metal/brass/ingot_gold_cast[tconstruct:casting_table]'! Falling back to vanilla: Cannot invoke "com.google.gson.JsonElement.getAsString()" because the return value of "com.google.gson.JsonObject.get(String)" is null
[04Oct2025 00:02:07.993] [main/WARN] [KubeJS Server/]: Failed to parse recipe 'tconstruct:smeltery/casting/metal/signalum/gear_sand_cast[tconstruct:casting_table]'! Falling back to vanilla: Cannot invoke "com.google.gson.JsonElement.getAsString()" because the return value of "com.google.gson.JsonObject.get(String)" is null
[04Oct2025 00:02:07.995] [main/WARN] [KubeJS Server/]: Failed to parse recipe 'tconstruct:tools/modifiers/jeweled_apple[tconstruct:casting_table]'! Falling back to vanilla: Cannot invoke "com.google.gson.JsonElement.getAsString()" because the return value of "com.google.gson.JsonObject.get(String)" is null
[04Oct2025 00:02:07.997] [main/WARN] [KubeJS Server/]: Failed to parse recipe 'tconstruct:smeltery/casts/gold/broad_axe_head[tconstruct:casting_table]'! Falling back to vanilla: Cannot invoke "com.google.gson.JsonElement.getAsString()" because the return value of "com.google.gson.JsonObject.get(String)" is null
[04Oct2025 00:02:07.998] [main/WARN] [KubeJS Server/]: Failed to parse recipe 'tconstruct:smeltery/casting/metal/lead/plate_gold_cast[tconstruct:casting_table]'! Falling back to vanilla: Cannot invoke "com.google.gson.JsonElement.getAsString()" because the return value of "com.google.gson.JsonObject.get(String)" is null
[04Oct2025 00:02:07.999] [main/WARN] [KubeJS Server/]: Failed to parse recipe 'tconstruct:smeltery/casting/metal/tin/nugget_sand_cast[tconstruct:casting_table]'! Falling back to vanilla: Cannot invoke "com.google.gson.JsonElement.getAsString()" because the return value of "com.google.gson.JsonObject.get(String)" is null
[04Oct2025 00:02:07.999] [main/WARN] [KubeJS Server/]: Failed to parse recipe 'tconstruct:smeltery/casting/quartz/andesite[tconstruct:casting_basin]'! Falling back to vanilla: Cannot invoke "com.google.gson.JsonElement.getAsString()" because the return value of "com.google.gson.JsonObject.get(String)" is null
[04Oct2025 00:02:08.000] [main/WARN] [KubeJS Server/]: Failed to parse recipe 'mekanism:processing/lategame/plutonium_pellet/from_reaction[mekanism:reaction]'! Falling back to vanilla: Cannot invoke "com.google.gson.JsonElement.getAsString()" because the return value of "com.google.gson.JsonObject.get(String)" is null
[04Oct2025 00:02:08.001] [main/WARN] [KubeJS Server/]: Failed to parse recipe 'tconstruct:tools/armor/slimelytra[tconstruct:casting_basin]'! Falling back to vanilla: Cannot invoke "com.google.gson.JsonElement.getAsString()" because the return value of "com.google.gson.JsonObject.get(String)" is null
[04Oct2025 00:02:08.006] [main/WARN] [KubeJS Server/]: Failed to parse recipe 'tconstruct:smeltery/casting/metal/lumium/block[tconstruct:casting_basin]'! Falling back to vanilla: Cannot invoke "com.google.gson.JsonElement.getAsString()" because the return value of "com.google.gson.JsonObject.get(String)" is null
[04Oct2025 00:02:08.008] [main/WARN] [KubeJS Server/]: Failed to parse recipe 'mekanism:reaction/wood_gasification/wooden_slabs[mekanism:reaction]'! Falling back to vanilla: Cannot invoke "com.google.gson.JsonElement.getAsString()" because the return value of "com.google.gson.JsonObject.get(String)" is null
[04Oct2025 00:02:08.009] [main/WARN] [KubeJS Server/]: Failed to parse recipe 'tconstruct:smeltery/casting/metal/iron/coin_sand_cast[tconstruct:casting_table]'! Falling back to vanilla: Cannot invoke "com.google.gson.JsonElement.getAsString()" because the return value of "com.google.gson.JsonObject.get(String)" is null
[04Oct2025 00:02:08.011] [main/WARN] [KubeJS Server/]: Failed to parse recipe 'tconstruct:smeltery/casting/metal/lumium/nugget_sand_cast[tconstruct:casting_table]'! Falling back to vanilla: Cannot invoke "com.google.gson.JsonElement.getAsString()" because the return value of "com.google.gson.JsonObject.get(String)" is null
[04Oct2025 00:02:08.012] [main/WARN] [KubeJS Server/]: Failed to parse recipe 'tconstruct:smeltery/casting/metal/constantan/ingot_gold_cast[tconstruct:casting_table]'! Falling back to vanilla: Cannot invoke "com.google.gson.JsonElement.getAsString()" because the return value of "com.google.gson.JsonObject.get(String)" is null
[04Oct2025 00:02:08.019] [main/WARN] [KubeJS Server/]: Failed to parse recipe 'tconstruct:smeltery/casting/metal/netherite/coin_gold_cast[tconstruct:casting_table]'! Falling back to vanilla: Cannot invoke "com.google.gson.JsonElement.getAsString()" because the return value of "com.google.gson.JsonObject.get(String)" is null
[04Oct2025 00:02:08.022] [main/WARN] [KubeJS Server/]: Failed to parse recipe 'tconstruct:smeltery/casting/metal/lead/gear_gold_cast[tconstruct:casting_table]'! Falling back to vanilla: Cannot invoke "com.google.gson.JsonElement.getAsString()" because the return value of "com.google.gson.JsonObject.get(String)" is null
[04Oct2025 00:02:08.031] [main/WARN] [KubeJS Server/]: Failed to parse recipe 'tconstruct:smeltery/casting/blaze/bone[tconstruct:casting_table]'! Falling back to vanilla: Cannot invoke "com.google.gson.JsonElement.getAsString()" because the return value of "com.google.gson.JsonObject.get(String)" is null
[04Oct2025 00:02:08.032] [main/WARN] [KubeJS Server/]: Failed to parse recipe 'tconstruct:smeltery/casts/gold/rods[tconstruct:casting_table]'! Falling back to vanilla: Cannot invoke "com.google.gson.JsonElement.getAsString()" because the return value of "com.google.gson.JsonObject.get(String)" is null
[04Oct2025 00:02:08.033] [main/WARN] [KubeJS Server/]: Failed to parse recipe 'deeperdarker:resonarium_sword_smithing[minecraft:smithing_transform]'! Falling back to vanilla: Ingredient 'template' can't be empty!
[04Oct2025 00:02:08.035] [main/WARN] [KubeJS Server/]: Failed to parse recipe 'tconstruct:smeltery/melting/metal/gold/cast[tconstruct:melting]'! Falling back to vanilla: Cannot invoke "com.google.gson.JsonElement.getAsString()" because the return value of "com.google.gson.JsonObject.get(String)" is null
[04Oct2025 00:02:08.037] [main/WARN] [KubeJS Server/]: Failed to parse recipe 'tconstruct:smeltery/melting/metal/hepatizon/block[tconstruct:melting]'! Falling back to vanilla: Cannot invoke "com.google.gson.JsonElement.getAsString()" because the return value of "com.google.gson.JsonObject.get(String)" is null
[04Oct2025 00:02:08.039] [main/WARN] [KubeJS Server/]: Failed to parse recipe 'deeperdarker:resonarium_helmet_smithing[minecraft:smithing_transform]'! Falling back to vanilla: Ingredient 'template' can't be empty!
[04Oct2025 00:02:08.054] [main/WARN] [KubeJS Server/]: Failed to parse recipe 'tconstruct:smeltery/casting/metal/nickel/gear_sand_cast[tconstruct:casting_table]'! Falling back to vanilla: Cannot invoke "com.google.gson.JsonElement.getAsString()" because the return value of "com.google.gson.JsonObject.get(String)" is null
[04Oct2025 00:02:08.055] [main/WARN] [KubeJS Server/]: Failed to parse recipe 'tconstruct:smeltery/melting/metal/copper/platform[tconstruct:melting]'! Falling back to vanilla: Cannot invoke "com.google.gson.JsonElement.getAsString()" because the return value of "com.google.gson.JsonObject.get(String)" is null
[04Oct2025 00:02:08.057] [main/WARN] [KubeJS Server/]: Failed to parse recipe 'tconstruct:smeltery/casting/metal/iron/ingot_sand_cast[tconstruct:casting_table]'! Falling back to vanilla: Cannot invoke "com.google.gson.JsonElement.getAsString()" because the return value of "com.google.gson.JsonObject.get(String)" is null
[04Oct2025 00:02:08.058] [main/WARN] [KubeJS Server/]: Failed to parse recipe 'tconstruct:smeltery/casting/metal/copper/coin_sand_cast[tconstruct:casting_table]'! Falling back to vanilla: Cannot invoke "com.google.gson.JsonElement.getAsString()" because the return value of "com.google.gson.JsonObject.get(String)" is null
[04Oct2025 00:02:08.071] [main/WARN] [KubeJS Server/]: Failed to parse recipe 'tconstruct:tools/armor/slime_skull/glass[tconstruct:casting_basin]'! Falling back to vanilla: Cannot invoke "com.google.gson.JsonElement.getAsString()" because the return value of "com.google.gson.JsonObject.get(String)" is null
[04Oct2025 00:02:08.073] [main/WARN] [KubeJS Server/]: Failed to parse recipe 'tconstruct:smeltery/casting/metal/bronze/plate_sand_cast[tconstruct:casting_table]'! Falling back to vanilla: Cannot invoke "com.google.gson.JsonElement.getAsString()" because the return value of "com.google.gson.JsonObject.get(String)" is null
[04Oct2025 00:02:08.075] [main/WARN] [KubeJS Server/]: Failed to parse recipe 'tconstruct:smeltery/casting/metal/enderium/ingot_gold_cast[tconstruct:casting_table]'! Falling back to vanilla: Cannot invoke "com.google.gson.JsonElement.getAsString()" because the return value of "com.google.gson.JsonObject.get(String)" is null
[04Oct2025 00:02:08.076] [main/WARN] [KubeJS Server/]: Failed to parse recipe 'tconstruct:tools/armor/slime_skull/bone[tconstruct:casting_basin]'! Falling back to vanilla: Cannot invoke "com.google.gson.JsonElement.getAsString()" because the return value of "com.google.gson.JsonObject.get(String)" is null
[04Oct2025 00:02:08.078] [main/WARN] [KubeJS Server/]: Failed to parse recipe 'tconstruct:smeltery/casting/metal/iron/bars[tconstruct:casting_table]'! Falling back to vanilla: Cannot invoke "com.google.gson.JsonElement.getAsString()" because the return value of "com.google.gson.JsonObject.get(String)" is null
[04Oct2025 00:02:08.088] [main/WARN] [KubeJS Server/]: Failed to parse recipe 'tconstruct:smeltery/casting/metal/electrum/block[tconstruct:casting_basin]'! Falling back to vanilla: Cannot invoke "com.google.gson.JsonElement.getAsString()" because the return value of "com.google.gson.JsonObject.get(String)" is null
[04Oct2025 00:02:08.089] [main/WARN] [KubeJS Server/]: Failed to parse recipe 'tconstruct:smeltery/casting/honey/block[tconstruct:casting_basin]'! Falling back to vanilla: Cannot invoke "com.google.gson.JsonElement.getAsString()" because the return value of "com.google.gson.JsonObject.get(String)" is null
[04Oct2025 00:02:08.098] [main/WARN] [KubeJS Server/]: Failed to parse recipe 'tconstruct:smeltery/casting/metal/bronze/gear_gold_cast[tconstruct:casting_table]'! Falling back to vanilla: Cannot invoke "com.google.gson.JsonElement.getAsString()" because the return value of "com.google.gson.JsonObject.get(String)" is null
[04Oct2025 00:02:08.099] [main/WARN] [KubeJS Server/]: Failed to parse recipe 'tconstruct:smeltery/melting/metal/iron/rod[tconstruct:melting]'! Falling back to vanilla: Cannot invoke "com.google.gson.JsonElement.getAsString()" because the return value of "com.google.gson.JsonObject.get(String)" is null
[04Oct2025 00:02:08.102] [main/WARN] [KubeJS Server/]: Failed to parse recipe 'tconstruct:smeltery/melting/metal/brass/block[tconstruct:melting]'! Falling back to vanilla: Cannot invoke "com.google.gson.JsonElement.getAsString()" because the return value of "com.google.gson.JsonObject.get(String)" is null
[04Oct2025 00:02:08.108] [main/WARN] [KubeJS Server/]: Failed to parse recipe 'tconstruct:smeltery/casting/metal/silver/ingot_sand_cast[tconstruct:casting_table]'! Falling back to vanilla: Cannot invoke "com.google.gson.JsonElement.getAsString()" because the return value of "com.google.gson.JsonObject.get(String)" is null
[04Oct2025 00:02:08.110] [main/WARN] [KubeJS Server/]: Failed to parse recipe 'tconstruct:smeltery/casting/cheese_ingot_sand_cast[tconstruct:casting_table]'! Falling back to vanilla: Cannot invoke "com.google.gson.JsonElement.getAsString()" because the return value of "com.google.gson.JsonObject.get(String)" is null
[04Oct2025 00:02:08.113] [main/WARN] [KubeJS Server/]: Failed to parse recipe 'tconstruct:smeltery/alloys/molten_electrum[tconstruct:alloy]'! Falling back to vanilla: Cannot invoke "com.google.gson.JsonElement.getAsString()" because the return value of "com.google.gson.JsonObject.get(String)" is null
[04Oct2025 00:02:08.115] [main/WARN] [KubeJS Server/]: Failed to parse recipe 'tconstruct:smeltery/melting/metal/lead/gear[tconstruct:melting]'! Falling back to vanilla: Cannot invoke "com.google.gson.JsonElement.getAsString()" because the return value of "com.google.gson.JsonObject.get(String)" is null
[04Oct2025 00:02:08.116] [main/WARN] [KubeJS Server/]: Failed to parse recipe 'tconstruct:smeltery/casting/metal/zinc/plate_sand_cast[tconstruct:casting_table]'! Falling back to vanilla: Cannot invoke "com.google.gson.JsonElement.getAsString()" because the return value of "com.google.gson.JsonObject.get(String)" is null
[04Oct2025 00:02:08.119] [main/WARN] [KubeJS Server/]: Failed to parse recipe 'tconstruct:smeltery/casting/metal/tin/coin_sand_cast[tconstruct:casting_table]'! Falling back to vanilla: Cannot invoke "com.google.gson.JsonElement.getAsString()" because the return value of "com.google.gson.JsonObject.get(String)" is null
[04Oct2025 00:02:08.121] [main/WARN] [KubeJS Server/]: Failed to parse recipe 'tconstruct:smeltery/casting/metal/gold/coin_gold_cast[tconstruct:casting_table]'! Falling back to vanilla: Cannot invoke "com.google.gson.JsonElement.getAsString()" because the return value of "com.google.gson.JsonObject.get(String)" is null
[04Oct2025 00:02:08.122] [main/WARN] [KubeJS Server/]: Failed to parse recipe 'tconstruct:smeltery/casting/metal/invar/plate_sand_cast[tconstruct:casting_table]'! Falling back to vanilla: Cannot invoke "com.google.gson.JsonElement.getAsString()" because the return value of "com.google.gson.JsonObject.get(String)" is null
[04Oct2025 00:02:08.124] [main/WARN] [KubeJS Server/]: Failed to parse recipe 'tconstruct:smeltery/melting/metal/enderium/gear[tconstruct:melting]'! Falling back to vanilla: Cannot invoke "com.google.gson.JsonElement.getAsString()" because the return value of "com.google.gson.JsonObject.get(String)" is null
[04Oct2025 00:02:08.128] [main/WARN] [KubeJS Server/]: Failed to parse recipe 'tconstruct:smeltery/melting/metal/constantan/plate[tconstruct:melting]'! Falling back to vanilla: Cannot invoke "com.google.gson.JsonElement.getAsString()" because the return value of "com.google.gson.JsonObject.get(String)" is null
[04Oct2025 00:02:08.129] [main/WARN] [KubeJS Server/]: Failed to parse recipe 'tconstruct:smeltery/casting/metal/steel/plate_gold_cast[tconstruct:casting_table]'! Falling back to vanilla: Cannot invoke "com.google.gson.JsonElement.getAsString()" because the return value of "com.google.gson.JsonObject.get(String)" is null
[04Oct2025 00:02:08.131] [main/WARN] [KubeJS Server/]: Failed to parse recipe 'tconstruct:smeltery/casting/seared/bricks/slab[tconstruct:casting_basin]'! Falling back to vanilla: Cannot invoke "com.google.gson.JsonElement.getAsString()" because the return value of "com.google.gson.JsonObject.get(String)" is null
[04Oct2025 00:02:08.132] [main/WARN] [KubeJS Server/]: Failed to parse recipe 'tconstruct:smeltery/casting/metal/amethyst_bronze/ingot_sand_cast[tconstruct:casting_table]'! Falling back to vanilla: Cannot invoke "com.google.gson.JsonElement.getAsString()" because the return value of "com.google.gson.JsonObject.get(String)" is null
[04Oct2025 00:02:08.137] [main/WARN] [KubeJS Server/]: Failed to parse recipe 'tconstruct:smeltery/casting/metal/iron/soul_lantern[tconstruct:casting_table]'! Falling back to vanilla: Cannot invoke "com.google.gson.JsonElement.getAsString()" because the return value of "com.google.gson.JsonObject.get(String)" is null
[04Oct2025 00:02:08.139] [main/WARN] [KubeJS Server/]: Failed to parse recipe 'tconstruct:smeltery/casting/diamond/gear_sand_cast[tconstruct:casting_table]'! Falling back to vanilla: Cannot invoke "com.google.gson.JsonElement.getAsString()" because the return value of "com.google.gson.JsonObject.get(String)" is null
[04Oct2025 00:02:08.145] [main/WARN] [KubeJS Server/]: Failed to parse recipe 'tconstruct:smeltery/casting/metal/tin/ingot_sand_cast[tconstruct:casting_table]'! Falling back to vanilla: Cannot invoke "com.google.gson.JsonElement.getAsString()" because the return value of "com.google.gson.JsonObject.get(String)" is null
[04Oct2025 00:02:08.151] [main/WARN] [KubeJS Server/]: Failed to parse recipe 'tconstruct:smeltery/melting/metal/aluminum/ingot[tconstruct:melting]'! Falling back to vanilla: Cannot invoke "com.google.gson.JsonElement.getAsString()" because the return value of "com.google.gson.JsonObject.get(String)" is null
[04Oct2025 00:02:08.152] [main/WARN] [KubeJS Server/]: Failed to parse recipe 'tconstruct:smeltery/melting/metal/invar/block[tconstruct:melting]'! Falling back to vanilla: Cannot invoke "com.google.gson.JsonElement.getAsString()" because the return value of "com.google.gson.JsonObject.get(String)" is null
[04Oct2025 00:02:08.154] [main/WARN] [KubeJS Server/]: Failed to parse recipe 'tconstruct:smeltery/casts/gold/boots_plating[tconstruct:casting_table]'! Falling back to vanilla: Cannot invoke "com.google.gson.JsonElement.getAsString()" because the return value of "com.google.gson.JsonObject.get(String)" is null
[04Oct2025 00:02:08.155] [main/WARN] [KubeJS Server/]: Failed to parse recipe 'tconstruct:smeltery/melting/metal/electrum/dust[tconstruct:melting]'! Falling back to vanilla: Cannot invoke "com.google.gson.JsonElement.getAsString()" because the return value of "com.google.gson.JsonObject.get(String)" is null
[04Oct2025 00:02:08.159] [main/WARN] [KubeJS Server/]: Failed to parse recipe 'tconstruct:smeltery/alloys/molten_rose_gold[tconstruct:alloy]'! Falling back to vanilla: Cannot invoke "com.google.gson.JsonElement.getAsString()" because the return value of "com.google.gson.JsonObject.get(String)" is null
[04Oct2025 00:02:08.160] [main/WARN] [KubeJS Server/]: Failed to parse recipe 'tconstruct:smeltery/melting/metal/gold/platform[tconstruct:melting]'! Falling back to vanilla: Cannot invoke "com.google.gson.JsonElement.getAsString()" because the return value of "com.google.gson.JsonObject.get(String)" is null
[04Oct2025 00:02:08.162] [main/WARN] [KubeJS Server/]: Failed to parse recipe 'tconstruct:smeltery/casting/metal/constantan/gear_gold_cast[tconstruct:casting_table]'! Falling back to vanilla: Cannot invoke "com.google.gson.JsonElement.getAsString()" because the return value of "com.google.gson.JsonObject.get(String)" is null
[04Oct2025 00:02:08.163] [main/WARN] [KubeJS Server/]: Failed to parse recipe 'tconstruct:smeltery/melting/metal/steel/plate[tconstruct:melting]'! Falling back to vanilla: Cannot invoke "com.google.gson.JsonElement.getAsString()" because the return value of "com.google.gson.JsonObject.get(String)" is null
[04Oct2025 00:02:08.164] [main/WARN] [KubeJS Server/]: Failed to parse recipe 'tconstruct:smeltery/casting/metal/electrum/ingot_sand_cast[tconstruct:casting_table]'! Falling back to vanilla: Cannot invoke "com.google.gson.JsonElement.getAsString()" because the return value of "com.google.gson.JsonObject.get(String)" is null
[04Oct2025 00:02:08.165] [main/WARN] [KubeJS Server/]: Failed to parse recipe 'tconstruct:smeltery/casting/blazewood_slab[tconstruct:casting_basin]'! Falling back to vanilla: Cannot invoke "com.google.gson.JsonElement.getAsString()" because the return value of "com.google.gson.JsonObject.get(String)" is null
[04Oct2025 00:02:08.166] [main/WARN] [KubeJS Server/]: Failed to parse recipe 'tconstruct:smeltery/casting/metal/invar/nugget_gold_cast[tconstruct:casting_table]'! Falling back to vanilla: Cannot invoke "com.google.gson.JsonElement.getAsString()" because the return value of "com.google.gson.JsonObject.get(String)" is null
[04Oct2025 00:02:08.169] [main/WARN] [KubeJS Server/]: Failed to parse recipe 'tconstruct:smeltery/melting/metal/silver/ingot[tconstruct:melting]'! Falling back to vanilla: Cannot invoke "com.google.gson.JsonElement.getAsString()" because the return value of "com.google.gson.JsonObject.get(String)" is null
[04Oct2025 00:02:08.177] [main/WARN] [KubeJS Server/]: Failed to parse recipe 'tconstruct:smeltery/melting/metal/steel/rod[tconstruct:melting]'! Falling back to vanilla: Cannot invoke "com.google.gson.JsonElement.getAsString()" because the return value of "com.google.gson.JsonObject.get(String)" is null
[04Oct2025 00:02:08.180] [main/WARN] [KubeJS Server/]: Failed to parse recipe 'tconstruct:smeltery/casting/metal/signalum/nugget_sand_cast[tconstruct:casting_table]'! Falling back to vanilla: Cannot invoke "com.google.gson.JsonElement.getAsString()" because the return value of "com.google.gson.JsonObject.get(String)" is null
[04Oct2025 00:02:08.180] [main/WARN] [KubeJS Server/]: Failed to parse recipe 'tconstruct:smeltery/melting/metal/constantan/dust[tconstruct:melting]'! Falling back to vanilla: Cannot invoke "com.google.gson.JsonElement.getAsString()" because the return value of "com.google.gson.JsonObject.get(String)" is null
[04Oct2025 00:02:08.181] [main/WARN] [KubeJS Server/]: Failed to parse recipe 'tconstruct:smeltery/casting/obsidian/pane[tconstruct:casting_table]'! Falling back to vanilla: Cannot invoke "com.google.gson.JsonElement.getAsString()" because the return value of "com.google.gson.JsonObject.get(String)" is null
[04Oct2025 00:02:08.182] [main/WARN] [KubeJS Server/]: Failed to parse recipe 'tconstruct:smeltery/melting/metal/lumium/nugget[tconstruct:melting]'! Falling back to vanilla: Cannot invoke "com.google.gson.JsonElement.getAsString()" because the return value of "com.google.gson.JsonObject.get(String)" is null
[04Oct2025 00:02:08.185] [main/WARN] [KubeJS Server/]: Failed to parse recipe 'tconstruct:smeltery/casting/metal/lumium/ingot_gold_cast[tconstruct:casting_table]'! Falling back to vanilla: Cannot invoke "com.google.gson.JsonElement.getAsString()" because the return value of "com.google.gson.JsonObject.get(String)" is null
[04Oct2025 00:02:08.188] [main/WARN] [KubeJS Server/]: Failed to parse recipe 'tconstruct:smeltery/melting/metal/enderium/nugget[tconstruct:melting]'! Falling back to vanilla: Cannot invoke "com.google.gson.JsonElement.getAsString()" because the return value of "com.google.gson.JsonObject.get(String)" is null
[04Oct2025 00:02:08.190] [main/WARN] [KubeJS Server/]: Failed to parse recipe 'tconstruct:smeltery/casting/slime/earth/slimeball[tconstruct:casting_table]'! Falling back to vanilla: Cannot invoke "com.google.gson.JsonElement.getAsString()" because the return value of "com.google.gson.JsonObject.get(String)" is null
[04Oct2025 00:02:08.191] [main/WARN] [KubeJS Server/]: Failed to parse recipe 'tconstruct:smeltery/alloys/molten_slimesteel[tconstruct:alloy]'! Falling back to vanilla: Cannot invoke "com.google.gson.JsonElement.getAsString()" because the return value of "com.google.gson.JsonObject.get(String)" is null
[04Oct2025 00:02:08.192] [main/WARN] [KubeJS Server/]: Failed to parse recipe 'tconstruct:smeltery/casting/obsidian/nahuatl_slab[tconstruct:casting_basin]'! Falling back to vanilla: Cannot invoke "com.google.gson.JsonElement.getAsString()" because the return value of "com.google.gson.JsonObject.get(String)" is null
[04Oct2025 00:02:08.193] [main/WARN] [KubeJS Server/]: Failed to parse recipe 'tconstruct:smeltery/melting/metal/silver/gear[tconstruct:melting]'! Falling back to vanilla: Cannot invoke "com.google.gson.JsonElement.getAsString()" because the return value of "com.google.gson.JsonObject.get(String)" is null
[04Oct2025 00:02:08.201] [main/WARN] [KubeJS Server/]: Failed to parse recipe 'tconstruct:smeltery/casting/metal/copper/gear_sand_cast[tconstruct:casting_table]'! Falling back to vanilla: Cannot invoke "com.google.gson.JsonElement.getAsString()" because the return value of "com.google.gson.JsonObject.get(String)" is null
[04Oct2025 00:02:08.202] [main/WARN] [KubeJS Server/]: Failed to parse recipe 'tconstruct:smeltery/casting/metal/netherite/debris_nugget_sand_cast[tconstruct:casting_table]'! Falling back to vanilla: Cannot invoke "com.google.gson.JsonElement.getAsString()" because the return value of "com.google.gson.JsonObject.get(String)" is null
[04Oct2025 00:02:08.203] [main/WARN] [KubeJS Server/]: Failed to parse recipe 'tconstruct:smeltery/melting/metal/copper/smeltery_controller[tconstruct:melting]'! Falling back to vanilla: Cannot invoke "com.google.gson.JsonElement.getAsString()" because the return value of "com.google.gson.JsonObject.get(String)" is null
[04Oct2025 00:02:08.204] [main/WARN] [KubeJS Server/]: Failed to parse recipe 'tconstruct:smeltery/melting/metal/copper/dust[tconstruct:melting]'! Falling back to vanilla: Cannot invoke "com.google.gson.JsonElement.getAsString()" because the return value of "com.google.gson.JsonObject.get(String)" is null
[04Oct2025 00:02:08.205] [main/WARN] [KubeJS Server/]: Failed to parse recipe 'tconstruct:smeltery/casting/quartz/gem_sand_cast[tconstruct:casting_table]'! Falling back to vanilla: Cannot invoke "com.google.gson.JsonElement.getAsString()" because the return value of "com.google.gson.JsonObject.get(String)" is null
[04Oct2025 00:02:08.206] [main/WARN] [KubeJS Server/]: Failed to parse recipe 'tconstruct:compat/refined_glowstone_ingot[tconstruct:casting_table]'! Falling back to vanilla: Cannot invoke "com.google.gson.JsonElement.getAsString()" because the return value of "com.google.gson.JsonObject.get(String)" is null
[04Oct2025 00:02:08.207] [main/WARN] [KubeJS Server/]: Failed to parse recipe 'tconstruct:smeltery/casting/seared/stone/slab[tconstruct:casting_basin]'! Falling back to vanilla: Cannot invoke "com.google.gson.JsonElement.getAsString()" because the return value of "com.google.gson.JsonObject.get(String)" is null
[04Oct2025 00:02:08.208] [main/WARN] [KubeJS Server/]: Failed to parse recipe 'tconstruct:smeltery/alloys/molten_brass[tconstruct:alloy]'! Falling back to vanilla: Cannot invoke "com.google.gson.JsonElement.getAsString()" because the return value of "com.google.gson.JsonObject.get(String)" is null
[04Oct2025 00:02:08.209] [main/WARN] [KubeJS Server/]: Failed to parse recipe 'tconstruct:smeltery/casting/metal/electrum/coin_sand_cast[tconstruct:casting_table]'! Falling back to vanilla: Cannot invoke "com.google.gson.JsonElement.getAsString()" because the return value of "com.google.gson.JsonObject.get(String)" is null
[04Oct2025 00:02:08.210] [main/WARN] [KubeJS Server/]: Failed to parse recipe 'tconstruct:smeltery/casting/metal/bronze/nugget_gold_cast[tconstruct:casting_table]'! Falling back to vanilla: Cannot invoke "com.google.gson.JsonElement.getAsString()" because the return value of "com.google.gson.JsonObject.get(String)" is null
[04Oct2025 00:02:08.212] [main/WARN] [KubeJS Server/]: Failed to parse recipe 'tconstruct:smeltery/casting/metal/zinc/nugget_gold_cast[tconstruct:casting_table]'! Falling back to vanilla: Cannot invoke "com.google.gson.JsonElement.getAsString()" because the return value of "com.google.gson.JsonObject.get(String)" is null
[04Oct2025 00:02:08.212] [main/WARN] [KubeJS Server/]: Failed to parse recipe 'tconstruct:smeltery/casting/metal/brass/nugget_sand_cast[tconstruct:casting_table]'! Falling back to vanilla: Cannot invoke "com.google.gson.JsonElement.getAsString()" because the return value of "com.google.gson.JsonObject.get(String)" is null
[04Oct2025 00:02:08.214] [main/WARN] [KubeJS Server/]: Failed to parse recipe 'tconstruct:smeltery/melting/metal/steel/ingot[tconstruct:melting]'! Falling back to vanilla: Cannot invoke "com.google.gson.JsonElement.getAsString()" because the return value of "com.google.gson.JsonObject.get(String)" is null
[04Oct2025 00:02:08.218] [main/WARN] [KubeJS Server/]: Failed to parse recipe 'tconstruct:smeltery/melting/metal/gold/coin[tconstruct:melting]'! Falling back to vanilla: Cannot invoke "com.google.gson.JsonElement.getAsString()" because the return value of "com.google.gson.JsonObject.get(String)" is null
[04Oct2025 00:02:08.218] [main/WARN] [KubeJS Server/]: Failed to parse recipe 'tconstruct:smeltery/melting/slime/earth/crystal_block[tconstruct:melting]'! Falling back to vanilla: Cannot invoke "com.google.gson.JsonElement.getAsString()" because the return value of "com.google.gson.JsonObject.get(String)" is null
[04Oct2025 00:02:08.219] [main/WARN] [KubeJS Server/]: Failed to parse recipe 'tconstruct:smeltery/melting/metal/electrum/wire[tconstruct:melting]'! Falling back to vanilla: Cannot invoke "com.google.gson.JsonElement.getAsString()" because the return value of "com.google.gson.JsonObject.get(String)" is null
[04Oct2025 00:02:08.220] [main/WARN] [KubeJS Server/]: Failed to parse recipe 'tconstruct:smeltery/casting/seared/stone/block_from_clay[tconstruct:casting_basin]'! Falling back to vanilla: Cannot invoke "com.google.gson.JsonElement.getAsString()" because the return value of "com.google.gson.JsonObject.get(String)" is null
[04Oct2025 00:02:08.222] [main/WARN] [KubeJS Server/]: Failed to parse recipe 'tconstruct:smeltery/casts/gold/bow_limb[tconstruct:casting_table]'! Falling back to vanilla: Cannot invoke "com.google.gson.JsonElement.getAsString()" because the return value of "com.google.gson.JsonObject.get(String)" is null
[04Oct2025 00:02:08.223] [main/WARN] [KubeJS Server/]: Failed to parse recipe 'tconstruct:smeltery/casting/metal/aluminum/plate_sand_cast[tconstruct:casting_table]'! Falling back to vanilla: Cannot invoke "com.google.gson.JsonElement.getAsString()" because the return value of "com.google.gson.JsonObject.get(String)" is null
[04Oct2025 00:02:08.224] [main/WARN] [KubeJS Server/]: Failed to parse recipe 'tconstruct:smeltery/casting/metal/brass/nugget_gold_cast[tconstruct:casting_table]'! Falling back to vanilla: Cannot invoke "com.google.gson.JsonElement.getAsString()" because the return value of "com.google.gson.JsonObject.get(String)" is null
[04Oct2025 00:02:08.226] [main/WARN] [KubeJS Server/]: Failed to parse recipe 'tconstruct:smeltery/casting/metal/invar/ingot_sand_cast[tconstruct:casting_table]'! Falling back to vanilla: Cannot invoke "com.google.gson.JsonElement.getAsString()" because the return value of "com.google.gson.JsonObject.get(String)" is null
[04Oct2025 00:02:08.228] [main/WARN] [KubeJS Server/]: Failed to parse recipe 'tconstruct:tools/armor/slimeshell[tconstruct:casting_basin]'! Falling back to vanilla: Cannot invoke "com.google.gson.JsonElement.getAsString()" because the return value of "com.google.gson.JsonObject.get(String)" is null
[04Oct2025 00:02:08.228] [main/WARN] [KubeJS Server/]: Failed to parse recipe 'tconstruct:tools/modifiers/cobalt_reinforcement[tconstruct:casting_table]'! Falling back to vanilla: Cannot invoke "com.google.gson.JsonElement.getAsString()" because the return value of "com.google.gson.JsonObject.get(String)" is null
[04Oct2025 00:02:08.231] [main/WARN] [KubeJS Server/]: Failed to parse recipe 'tconstruct:tools/armor/slime_skull/pig_iron[tconstruct:casting_basin]'! Falling back to vanilla: Cannot invoke "com.google.gson.JsonElement.getAsString()" because the return value of "com.google.gson.JsonObject.get(String)" is null
[04Oct2025 00:02:08.231] [main/WARN] [KubeJS Server/]: Failed to parse recipe 'tconstruct:smeltery/alloys/molten_refined_obsidian[tconstruct:alloy]'! Falling back to vanilla: Cannot invoke "com.google.gson.JsonElement.getAsString()" because the return value of "com.google.gson.JsonObject.get(String)" is null
[04Oct2025 00:02:08.232] [main/WARN] [KubeJS Server/]: Failed to parse recipe 'tconstruct:smeltery/casting/seared/bricks/block[tconstruct:casting_basin]'! Falling back to vanilla: Cannot invoke "com.google.gson.JsonElement.getAsString()" because the return value of "com.google.gson.JsonObject.get(String)" is null
[04Oct2025 00:02:08.234] [main/WARN] [KubeJS Server/]: Failed to parse recipe 'tconstruct:smeltery/casting/metal/steel/ingot_gold_cast[tconstruct:casting_table]'! Falling back to vanilla: Cannot invoke "com.google.gson.JsonElement.getAsString()" because the return value of "com.google.gson.JsonObject.get(String)" is null
[04Oct2025 00:02:08.234] [main/WARN] [KubeJS Server/]: Failed to parse recipe 'tconstruct:smeltery/melting/metal/silver/plate[tconstruct:melting]'! Falling back to vanilla: Cannot invoke "com.google.gson.JsonElement.getAsString()" because the return value of "com.google.gson.JsonObject.get(String)" is null
[04Oct2025 00:02:08.235] [main/WARN] [KubeJS Server/]: Failed to parse recipe 'tconstruct:smeltery/melting/metal/nickel/gear[tconstruct:melting]'! Falling back to vanilla: Cannot invoke "com.google.gson.JsonElement.getAsString()" because the return value of "com.google.gson.JsonObject.get(String)" is null
[04Oct2025 00:02:08.240] [main/WARN] [KubeJS Server/]: Failed to parse recipe 'tconstruct:smeltery/melting/metal/iron/reinforcement[tconstruct:melting]'! Falling back to vanilla: Cannot invoke "com.google.gson.JsonElement.getAsString()" because the return value of "com.google.gson.JsonObject.get(String)" is null
[04Oct2025 00:02:08.241] [main/WARN] [KubeJS Server/]: Failed to parse recipe 'mekanism:reaction/coal_gasification/blocks_coals[mekanism:reaction]'! Falling back to vanilla: Cannot invoke "com.google.gson.JsonElement.getAsString()" because the return value of "com.google.gson.JsonObject.get(String)" is null
[04Oct2025 00:02:08.243] [main/WARN] [KubeJS Server/]: Failed to parse recipe 'tconstruct:smeltery/casting/metal/copper/ingot_sand_cast[tconstruct:casting_table]'! Falling back to vanilla: Cannot invoke "com.google.gson.JsonElement.getAsString()" because the return value of "com.google.gson.JsonObject.get(String)" is null
[04Oct2025 00:02:08.243] [main/WARN] [KubeJS Server/]: Failed to parse recipe 'tconstruct:smeltery/melting/metal/iron/anvil[tconstruct:melting]'! Falling back to vanilla: Cannot invoke "com.google.gson.JsonElement.getAsString()" because the return value of "com.google.gson.JsonObject.get(String)" is null
[04Oct2025 00:02:08.245] [main/WARN] [KubeJS Server/]: Failed to parse recipe 'tconstruct:smeltery/casting/metal/uranium/ingot_gold_cast[tconstruct:casting_table]'! Falling back to vanilla: Cannot invoke "com.google.gson.JsonElement.getAsString()" because the return value of "com.google.gson.JsonObject.get(String)" is null
[04Oct2025 00:02:08.247] [main/WARN] [KubeJS Server/]: Failed to parse recipe 'tconstruct:tools/armor/slime_skull/ender_pearl[tconstruct:casting_basin]'! Falling back to vanilla: Cannot invoke "com.google.gson.JsonElement.getAsString()" because the return value of "com.google.gson.JsonObject.get(String)" is null
[04Oct2025 00:02:08.247] [main/WARN] [KubeJS Server/]: Failed to parse recipe 'tconstruct:common/encyclopedia[tconstruct:casting_table]'! Falling back to vanilla: Cannot invoke "com.google.gson.JsonElement.getAsString()" because the return value of "com.google.gson.JsonObject.get(String)" is null
[04Oct2025 00:02:08.248] [main/WARN] [KubeJS Server/]: Failed to parse recipe 'tconstruct:smeltery/casting/metal/electrum/wire_gold_cast[tconstruct:casting_table]'! Falling back to vanilla: Cannot invoke "com.google.gson.JsonElement.getAsString()" because the return value of "com.google.gson.JsonObject.get(String)" is null
[04Oct2025 00:02:08.250] [main/WARN] [KubeJS Server/]: Failed to parse recipe 'mekaweapons:module_arrowvelocity_unit[minecraft:crafting_shaped]'! Falling back to vanilla: ItemStack 'result' can't be empty!
[04Oct2025 00:02:08.250] [main/WARN] [KubeJS Server/]: Failed to parse recipe 'tconstruct:smeltery/melting/metal/gold/block[tconstruct:melting]'! Falling back to vanilla: Cannot invoke "com.google.gson.JsonElement.getAsString()" because the return value of "com.google.gson.JsonObject.get(String)" is null
[04Oct2025 00:02:08.251] [main/WARN] [KubeJS Server/]: Failed to parse recipe 'tconstruct:smeltery/casting/metal/gold/nugget_gold_cast[tconstruct:casting_table]'! Falling back to vanilla: Cannot invoke "com.google.gson.JsonElement.getAsString()" because the return value of "com.google.gson.JsonObject.get(String)" is null
[04Oct2025 00:02:08.252] [main/WARN] [KubeJS Server/]: Failed to parse recipe 'tconstruct:tools/modifiers/iron_reinforcement[tconstruct:casting_table]'! Falling back to vanilla: Cannot invoke "com.google.gson.JsonElement.getAsString()" because the return value of "com.google.gson.JsonObject.get(String)" is null
[04Oct2025 00:02:08.255] [main/WARN] [KubeJS Server/]: Failed to parse recipe 'tconstruct:smeltery/casting/blaze/cream[tconstruct:casting_table]'! Falling back to vanilla: Cannot invoke "com.google.gson.JsonElement.getAsString()" because the return value of "com.google.gson.JsonObject.get(String)" is null
[04Oct2025 00:02:08.256] [main/WARN] [KubeJS Server/]: Failed to parse recipe 'tconstruct:smeltery/casting/metal/osmium/nugget_gold_cast[tconstruct:casting_table]'! Falling back to vanilla: Cannot invoke "com.google.gson.JsonElement.getAsString()" because the return value of "com.google.gson.JsonObject.get(String)" is null
[04Oct2025 00:02:08.257] [main/WARN] [KubeJS Server/]: Failed to parse recipe 'tconstruct:smeltery/melting/metal/gold/dust[tconstruct:melting]'! Falling back to vanilla: Cannot invoke "com.google.gson.JsonElement.getAsString()" because the return value of "com.google.gson.JsonObject.get(String)" is null
[04Oct2025 00:02:08.259] [main/WARN] [KubeJS Server/]: Failed to parse recipe 'tconstruct:compat/wheat_dough[tconstruct:casting_table]'! Falling back to vanilla: Cannot invoke "com.google.gson.JsonElement.getAsString()" because the return value of "com.google.gson.JsonObject.get(String)" is null
[04Oct2025 00:02:08.259] [main/WARN] [KubeJS Server/]: Failed to parse recipe 'tconstruct:smeltery/casting/metal/hepatizon/ingot_gold_cast[tconstruct:casting_table]'! Falling back to vanilla: Cannot invoke "com.google.gson.JsonElement.getAsString()" because the return value of "com.google.gson.JsonObject.get(String)" is null
[04Oct2025 00:02:08.261] [main/WARN] [KubeJS Server/]: Failed to parse recipe 'tconstruct:smeltery/casting/metal/electrum/plate_gold_cast[tconstruct:casting_table]'! Falling back to vanilla: Cannot invoke "com.google.gson.JsonElement.getAsString()" because the return value of "com.google.gson.JsonObject.get(String)" is null
[04Oct2025 00:02:08.262] [main/WARN] [KubeJS Server/]: Failed to parse recipe 'tconstruct:smeltery/melting/seared/fluid_cannon[tconstruct:melting]'! Falling back to vanilla: Cannot invoke "com.google.gson.JsonElement.getAsString()" because the return value of "com.google.gson.JsonObject.get(String)" is null
[04Oct2025 00:02:08.264] [main/WARN] [KubeJS Server/]: Failed to parse recipe 'tconstruct:smeltery/casting/scorched/glass[tconstruct:casting_basin]'! Falling back to vanilla: Cannot invoke "com.google.gson.JsonElement.getAsString()" because the return value of "com.google.gson.JsonObject.get(String)" is null
[04Oct2025 00:02:08.267] [main/WARN] [KubeJS Server/]: Failed to parse recipe 'tconstruct:smeltery/casting/metal/copper/wire_gold_cast[tconstruct:casting_table]'! Falling back to vanilla: Cannot invoke "com.google.gson.JsonElement.getAsString()" because the return value of "com.google.gson.JsonObject.get(String)" is null
[04Oct2025 00:02:08.268] [main/WARN] [KubeJS Server/]: Failed to parse recipe 'tconstruct:smeltery/casting/metal/netherite/scrap_gold_cast[tconstruct:casting_table]'! Falling back to vanilla: Cannot invoke "com.google.gson.JsonElement.getAsString()" because the return value of "com.google.gson.JsonObject.get(String)" is null
[04Oct2025 00:02:08.270] [main/WARN] [KubeJS Server/]: Failed to parse recipe 'mekanismgenerators:separator/heavy_water[mekanism:separating]'! Falling back to vanilla: Cannot invoke "com.google.gson.JsonElement.getAsString()" because the return value of "com.google.gson.JsonObject.get(String)" is null
[04Oct2025 00:02:08.271] [main/WARN] [KubeJS Server/]: Failed to parse recipe 'tconstruct:smeltery/melting/metal/electrum/coin[tconstruct:melting]'! Falling back to vanilla: Cannot invoke "com.google.gson.JsonElement.getAsString()" because the return value of "com.google.gson.JsonObject.get(String)" is null
[04Oct2025 00:02:08.274] [main/WARN] [KubeJS Server/]: Failed to parse recipe 'tconstruct:tools/armor/slime_skull/darkthread[tconstruct:casting_basin]'! Falling back to vanilla: Cannot invoke "com.google.gson.JsonElement.getAsString()" because the return value of "com.google.gson.JsonObject.get(String)" is null
[04Oct2025 00:02:08.275] [main/WARN] [KubeJS Server/]: Failed to parse recipe 'tconstruct:smeltery/casting/blazewood_stairs[tconstruct:casting_basin]'! Falling back to vanilla: Cannot invoke "com.google.gson.JsonElement.getAsString()" because the return value of "com.google.gson.JsonObject.get(String)" is null
[04Oct2025 00:02:08.276] [main/WARN] [KubeJS Server/]: Failed to parse recipe 'tconstruct:smeltery/melting/metal/iron/ingot_5[tconstruct:melting]'! Falling back to vanilla: Cannot invoke "com.google.gson.JsonElement.getAsString()" because the return value of "com.google.gson.JsonObject.get(String)" is null
[04Oct2025 00:02:08.276] [main/WARN] [KubeJS Server/]: Failed to parse recipe 'tconstruct:smeltery/melting/metal/iron/ingot_4[tconstruct:melting]'! Falling back to vanilla: Cannot invoke "com.google.gson.JsonElement.getAsString()" because the return value of "com.google.gson.JsonObject.get(String)" is null
[04Oct2025 00:02:08.276] [main/WARN] [KubeJS Server/]: Failed to parse recipe 'tconstruct:smeltery/melting/metal/iron/ingot_1[tconstruct:melting]'! Falling back to vanilla: Cannot invoke "com.google.gson.JsonElement.getAsString()" because the return value of "com.google.gson.JsonObject.get(String)" is null
[04Oct2025 00:02:08.277] [main/WARN] [KubeJS Server/]: Failed to parse recipe 'tconstruct:smeltery/melting/metal/iron/ingot_2[tconstruct:melting]'! Falling back to vanilla: Cannot invoke "com.google.gson.JsonElement.getAsString()" because the return value of "com.google.gson.JsonObject.get(String)" is null
[04Oct2025 00:02:08.278] [main/WARN] [KubeJS Server/]: Failed to parse recipe 'tconstruct:smeltery/melting/metal/manyullyn/nugget[tconstruct:melting]'! Falling back to vanilla: Cannot invoke "com.google.gson.JsonElement.getAsString()" because the return value of "com.google.gson.JsonObject.get(String)" is null
[04Oct2025 00:02:08.282] [main/WARN] [KubeJS Server/]: Failed to parse recipe 'tconstruct:smeltery/melting/metal/copper/lightning_rod[tconstruct:melting]'! Falling back to vanilla: Cannot invoke "com.google.gson.JsonElement.getAsString()" because the return value of "com.google.gson.JsonObject.get(String)" is null
[04Oct2025 00:02:08.286] [main/WARN] [KubeJS Server/]: Failed to parse recipe 'tconstruct:smeltery/casting/metal/copper/ingot_gold_cast[tconstruct:casting_table]'! Falling back to vanilla: Cannot invoke "com.google.gson.JsonElement.getAsString()" because the return value of "com.google.gson.JsonObject.get(String)" is null
[04Oct2025 00:02:08.287] [main/WARN] [KubeJS Server/]: Failed to parse recipe 'tconstruct:smeltery/casting/metal/manyullyn/nugget_sand_cast[tconstruct:casting_table]'! Falling back to vanilla: Cannot invoke "com.google.gson.JsonElement.getAsString()" because the return value of "com.google.gson.JsonObject.get(String)" is null
[04Oct2025 00:02:08.289] [main/WARN] [KubeJS Server/]: Failed to parse recipe 'tconstruct:smeltery/casting/metal/queens_slime/nugget_sand_cast[tconstruct:casting_table]'! Falling back to vanilla: Cannot invoke "com.google.gson.JsonElement.getAsString()" because the return value of "com.google.gson.JsonObject.get(String)" is null
[04Oct2025 00:02:08.290] [main/WARN] [KubeJS Server/]: Failed to parse recipe 'tconstruct:smeltery/melting/metal/cobalt/nugget[tconstruct:melting]'! Falling back to vanilla: Cannot invoke "com.google.gson.JsonElement.getAsString()" because the return value of "com.google.gson.JsonObject.get(String)" is null
[04Oct2025 00:02:08.293] [main/WARN] [KubeJS Server/]: Failed to parse recipe 'tconstruct:smeltery/casting/metal/aluminum/ingot_gold_cast[tconstruct:casting_table]'! Falling back to vanilla: Cannot invoke "com.google.gson.JsonElement.getAsString()" because the return value of "com.google.gson.JsonObject.get(String)" is null
[04Oct2025 00:02:08.293] [main/WARN] [KubeJS Server/]: Failed to parse recipe 'tconstruct:smeltery/casting/water/bottle[tconstruct:casting_table]'! Falling back to vanilla: Cannot invoke "com.google.gson.JsonElement.getAsString()" because the return value of "com.google.gson.JsonObject.get(String)" is null
[04Oct2025 00:02:08.294] [main/WARN] [KubeJS Server/]: Failed to parse recipe 'tconstruct:smeltery/melting/metal/gold/horse_armor[tconstruct:melting]'! Falling back to vanilla: Cannot invoke "com.google.gson.JsonElement.getAsString()" because the return value of "com.google.gson.JsonObject.get(String)" is null
[04Oct2025 00:02:08.295] [main/WARN] [KubeJS Server/]: Failed to parse recipe 'tconstruct:smeltery/casting/slime/sky/congealed[tconstruct:casting_basin]'! Falling back to vanilla: Cannot invoke "com.google.gson.JsonElement.getAsString()" because the return value of "com.google.gson.JsonObject.get(String)" is null
[04Oct2025 00:02:08.296] [main/WARN] [KubeJS Server/]: Failed to parse recipe 'tconstruct:smeltery/melting/metal/aluminum/block[tconstruct:melting]'! Falling back to vanilla: Cannot invoke "com.google.gson.JsonElement.getAsString()" because the return value of "com.google.gson.JsonObject.get(String)" is null
[04Oct2025 00:02:08.297] [main/WARN] [KubeJS Server/]: Failed to parse recipe 'tconstruct:smeltery/casting/metal/signalum/gear_gold_cast[tconstruct:casting_table]'! Falling back to vanilla: Cannot invoke "com.google.gson.JsonElement.getAsString()" because the return value of "com.google.gson.JsonObject.get(String)" is null
[04Oct2025 00:02:08.298] [main/WARN] [KubeJS Server/]: Failed to parse recipe 'tconstruct:smeltery/casts/gold/maille[tconstruct:casting_table]'! Falling back to vanilla: Cannot invoke "com.google.gson.JsonElement.getAsString()" because the return value of "com.google.gson.JsonObject.get(String)" is null
[04Oct2025 00:02:08.301] [main/WARN] [KubeJS Server/]: Failed to parse recipe 'tconstruct:smeltery/casting/metal/bronze/nugget_sand_cast[tconstruct:casting_table]'! Falling back to vanilla: Cannot invoke "com.google.gson.JsonElement.getAsString()" because the return value of "com.google.gson.JsonObject.get(String)" is null
[04Oct2025 00:02:08.302] [main/WARN] [KubeJS Server/]: Failed to parse recipe 'tconstruct:smeltery/melting/metal/bronze/block[tconstruct:melting]'! Falling back to vanilla: Cannot invoke "com.google.gson.JsonElement.getAsString()" because the return value of "com.google.gson.JsonObject.get(String)" is null
[04Oct2025 00:02:08.302] [main/WARN] [KubeJS Server/]: Failed to parse recipe 'tconstruct:smeltery/casting/quartz/gem_gold_cast[tconstruct:casting_table]'! Falling back to vanilla: Cannot invoke "com.google.gson.JsonElement.getAsString()" because the return value of "com.google.gson.JsonObject.get(String)" is null
[04Oct2025 00:02:08.303] [main/WARN] [KubeJS Server/]: Failed to parse recipe 'tconstruct:smeltery/casting/metal/nickel/ingot_sand_cast[tconstruct:casting_table]'! Falling back to vanilla: Cannot invoke "com.google.gson.JsonElement.getAsString()" because the return value of "com.google.gson.JsonObject.get(String)" is null
[04Oct2025 00:02:08.304] [main/WARN] [KubeJS Server/]: Failed to parse recipe 'tconstruct:smeltery/casting/slime/sky/bottle[tconstruct:casting_table]'! Falling back to vanilla: Cannot invoke "com.google.gson.JsonElement.getAsString()" because the return value of "com.google.gson.JsonObject.get(String)" is null
[04Oct2025 00:02:08.306] [main/WARN] [KubeJS Server/]: Failed to parse recipe 'tconstruct:smeltery/casting/clay/brick_sand_cast[tconstruct:casting_table]'! Falling back to vanilla: Cannot invoke "com.google.gson.JsonElement.getAsString()" because the return value of "com.google.gson.JsonObject.get(String)" is null
[04Oct2025 00:02:08.306] [main/WARN] [KubeJS Server/]: Failed to parse recipe 'tconstruct:smeltery/melting/metal/steel/dust[tconstruct:melting]'! Falling back to vanilla: Cannot invoke "com.google.gson.JsonElement.getAsString()" because the return value of "com.google.gson.JsonObject.get(String)" is null
[04Oct2025 00:02:08.307] [main/WARN] [KubeJS Server/]: Failed to parse recipe 'mekanism:rotary/chlorine[mekanism:rotary]'! Falling back to vanilla: Cannot invoke "com.google.gson.JsonElement.getAsString()" because the return value of "com.google.gson.JsonObject.get(String)" is null
[04Oct2025 00:02:08.309] [main/WARN] [KubeJS Server/]: Failed to parse recipe 'tconstruct:smeltery/casting/soup/meat[tconstruct:casting_table]'! Falling back to vanilla: Cannot invoke "com.google.gson.JsonElement.getAsString()" because the return value of "com.google.gson.JsonObject.get(String)" is null
[04Oct2025 00:02:08.310] [main/WARN] [KubeJS Server/]: Failed to parse recipe 'tconstruct:smeltery/alloys/molten_bronze[tconstruct:alloy]'! Falling back to vanilla: Cannot invoke "com.google.gson.JsonElement.getAsString()" because the return value of "com.google.gson.JsonObject.get(String)" is null
[04Oct2025 00:02:08.312] [main/WARN] [KubeJS Server/]: Failed to parse recipe 'tconstruct:smeltery/casting/metal/netherite/plate_sand_cast[tconstruct:casting_table]'! Falling back to vanilla: Cannot invoke "com.google.gson.JsonElement.getAsString()" because the return value of "com.google.gson.JsonObject.get(String)" is null
[04Oct2025 00:02:08.313] [main/WARN] [KubeJS Server/]: Failed to parse recipe 'tconstruct:smeltery/casts/gold/adze_head[tconstruct:casting_table]'! Falling back to vanilla: Cannot invoke "com.google.gson.JsonElement.getAsString()" because the return value of "com.google.gson.JsonObject.get(String)" is null
[04Oct2025 00:02:08.315] [main/WARN] [KubeJS Server/]: Failed to parse recipe 'tconstruct:smeltery/casting/metal/platinum/ingot_sand_cast[tconstruct:casting_table]'! Falling back to vanilla: Cannot invoke "com.google.gson.JsonElement.getAsString()" because the return value of "com.google.gson.JsonObject.get(String)" is null
[04Oct2025 00:02:08.316] [main/WARN] [KubeJS Server/]: Failed to parse recipe 'tconstruct:smeltery/melting/seared/seared_casting_tank[tconstruct:melting]'! Falling back to vanilla: Cannot invoke "com.google.gson.JsonElement.getAsString()" because the return value of "com.google.gson.JsonObject.get(String)" is null
[04Oct2025 00:02:08.317] [main/WARN] [KubeJS Server/]: Failed to parse recipe 'mekanism:reaction/coal_gasification/dusts_coals[mekanism:reaction]'! Falling back to vanilla: Cannot invoke "com.google.gson.JsonElement.getAsString()" because the return value of "com.google.gson.JsonObject.get(String)" is null
[04Oct2025 00:02:08.318] [main/WARN] [KubeJS Server/]: Failed to parse recipe 'tconstruct:smeltery/melting/metal/iron/horse_armor[tconstruct:melting]'! Falling back to vanilla: Cannot invoke "com.google.gson.JsonElement.getAsString()" because the return value of "com.google.gson.JsonObject.get(String)" is null
[04Oct2025 00:02:08.318] [main/WARN] [KubeJS Server/]: Failed to parse recipe 'tconstruct:smeltery/melting/metal/osmium/nugget[tconstruct:melting]'! Falling back to vanilla: Cannot invoke "com.google.gson.JsonElement.getAsString()" because the return value of "com.google.gson.JsonObject.get(String)" is null
[04Oct2025 00:02:08.320] [main/WARN] [KubeJS Server/]: Failed to parse recipe 'tconstruct:smeltery/casting/metal/netherite/debris_nugget_gold_cast[tconstruct:casting_table]'! Falling back to vanilla: Cannot invoke "com.google.gson.JsonElement.getAsString()" because the return value of "com.google.gson.JsonObject.get(String)" is null
[04Oct2025 00:02:08.321] [main/WARN] [KubeJS Server/]: Failed to parse recipe 'tconstruct:smeltery/casting/metal/bronze/plate_gold_cast[tconstruct:casting_table]'! Falling back to vanilla: Cannot invoke "com.google.gson.JsonElement.getAsString()" because the return value of "com.google.gson.JsonObject.get(String)" is null
[04Oct2025 00:02:08.321] [main/WARN] [KubeJS Server/]: Failed to parse recipe 'tconstruct:smeltery/casting/metal/electrum/gear_gold_cast[tconstruct:casting_table]'! Falling back to vanilla: Cannot invoke "com.google.gson.JsonElement.getAsString()" because the return value of "com.google.gson.JsonObject.get(String)" is null
[04Oct2025 00:02:08.322] [main/WARN] [KubeJS Server/]: Failed to parse recipe 'mekanism:processing/osmium/slurry/clean[mekanism:washing]'! Falling back to vanilla: Cannot invoke "com.google.gson.JsonElement.getAsString()" because the return value of "com.google.gson.JsonObject.get(String)" is null
[04Oct2025 00:02:08.324] [main/WARN] [KubeJS Server/]: Failed to parse recipe 'tconstruct:smeltery/casting/blazewood[tconstruct:casting_basin]'! Falling back to vanilla: Cannot invoke "com.google.gson.JsonElement.getAsString()" because the return value of "com.google.gson.JsonObject.get(String)" is null
[04Oct2025 00:02:08.328] [main/WARN] [KubeJS Server/]: Failed to parse recipe 'tconstruct:smeltery/casting/seared/glass_pane[tconstruct:casting_table]'! Falling back to vanilla: Cannot invoke "com.google.gson.JsonElement.getAsString()" because the return value of "com.google.gson.JsonObject.get(String)" is null
[04Oct2025 00:02:08.329] [main/WARN] [KubeJS Server/]: Failed to parse recipe 'tconstruct:smeltery/casting/slime/sky/roots[tconstruct:casting_basin]'! Falling back to vanilla: Cannot invoke "com.google.gson.JsonElement.getAsString()" because the return value of "com.google.gson.JsonObject.get(String)" is null
[04Oct2025 00:02:08.330] [main/WARN] [KubeJS Server/]: Failed to parse recipe 'tconstruct:tools/modifiers/obsidian_reinforcement[tconstruct:casting_table]'! Falling back to vanilla: Cannot invoke "com.google.gson.JsonElement.getAsString()" because the return value of "com.google.gson.JsonObject.get(String)" is null
[04Oct2025 00:02:08.331] [main/WARN] [KubeJS Server/]: Failed to parse recipe 'tconstruct:smeltery/melting/metal/constantan/ingot[tconstruct:melting]'! Falling back to vanilla: Cannot invoke "com.google.gson.JsonElement.getAsString()" because the return value of "com.google.gson.JsonObject.get(String)" is null
[04Oct2025 00:02:08.333] [main/WARN] [KubeJS Server/]: Failed to parse recipe 'tconstruct:tools/armor/slime_skull/blazing_bone[tconstruct:casting_basin]'! Falling back to vanilla: Cannot invoke "com.google.gson.JsonElement.getAsString()" because the return value of "com.google.gson.JsonObject.get(String)" is null
[04Oct2025 00:02:08.334] [main/WARN] [KubeJS Server/]: Failed to parse recipe 'tconstruct:smeltery/casting/soul/pane[tconstruct:casting_table]'! Falling back to vanilla: Cannot invoke "com.google.gson.JsonElement.getAsString()" because the return value of "com.google.gson.JsonObject.get(String)" is null
[04Oct2025 00:02:08.335] [main/WARN] [KubeJS Server/]: Failed to parse recipe 'tconstruct:smeltery/casting/seared/bricks/wall[tconstruct:casting_basin]'! Falling back to vanilla: Cannot invoke "com.google.gson.JsonElement.getAsString()" because the return value of "com.google.gson.JsonObject.get(String)" is null
[04Oct2025 00:02:08.336] [main/WARN] [KubeJS Server/]: Failed to parse recipe 'tconstruct:smeltery/casting/filling/splash_bottle[tconstruct:casting_table_potion]'! Falling back to vanilla: Cannot invoke "com.google.gson.JsonElement.getAsString()" because the return value of "com.google.gson.JsonObject.get(String)" is null
[04Oct2025 00:02:08.336] [main/WARN] [KubeJS Server/]: Failed to parse recipe 'tconstruct:smeltery/melting/metal/lumium/plate[tconstruct:melting]'! Falling back to vanilla: Cannot invoke "com.google.gson.JsonElement.getAsString()" because the return value of "com.google.gson.JsonObject.get(String)" is null
[04Oct2025 00:02:08.337] [main/WARN] [KubeJS Server/]: Failed to parse recipe 'tconstruct:smeltery/casting/metal/netherite/gear_sand_cast[tconstruct:casting_table]'! Falling back to vanilla: Cannot invoke "com.google.gson.JsonElement.getAsString()" because the return value of "com.google.gson.JsonObject.get(String)" is null
[04Oct2025 00:02:08.338] [main/WARN] [KubeJS Server/]: Failed to parse recipe 'tconstruct:smeltery/casting/scorched/stone_from_scorched[tconstruct:casting_basin]'! Falling back to vanilla: Cannot invoke "com.google.gson.JsonElement.getAsString()" because the return value of "com.google.gson.JsonObject.get(String)" is null
[04Oct2025 00:02:08.339] [main/WARN] [KubeJS Server/]: Failed to parse recipe 'tconstruct:smeltery/casting/metal/copper/block[tconstruct:casting_basin]'! Falling back to vanilla: Cannot invoke "com.google.gson.JsonElement.getAsString()" because the return value of "com.google.gson.JsonObject.get(String)" is null
[04Oct2025 00:02:08.340] [main/WARN] [KubeJS Server/]: Failed to parse recipe 'tconstruct:smeltery/casting/metal/electrum/ingot_gold_cast[tconstruct:casting_table]'! Falling back to vanilla: Cannot invoke "com.google.gson.JsonElement.getAsString()" because the return value of "com.google.gson.JsonObject.get(String)" is null
[04Oct2025 00:02:08.341] [main/WARN] [KubeJS Server/]: Failed to parse recipe 'tconstruct:smeltery/casting/metal/cobalt/nugget_sand_cast[tconstruct:casting_table]'! Falling back to vanilla: Cannot invoke "com.google.gson.JsonElement.getAsString()" because the return value of "com.google.gson.JsonObject.get(String)" is null
[04Oct2025 00:02:08.342] [main/WARN] [KubeJS Server/]: Failed to parse recipe 'tconstruct:smeltery/melting/metal/iron/block[tconstruct:melting]'! Falling back to vanilla: Cannot invoke "com.google.gson.JsonElement.getAsString()" because the return value of "com.google.gson.JsonObject.get(String)" is null
[04Oct2025 00:02:08.343] [main/WARN] [KubeJS Server/]: Failed to parse recipe 'tconstruct:smeltery/casts/gold/gems[tconstruct:casting_table]'! Falling back to vanilla: Cannot invoke "com.google.gson.JsonElement.getAsString()" because the return value of "com.google.gson.JsonObject.get(String)" is null
[04Oct2025 00:02:08.344] [main/WARN] [KubeJS Server/]: Failed to parse recipe 'tconstruct:smeltery/melting/metal/iron/lantern[tconstruct:melting]'! Falling back to vanilla: Cannot invoke "com.google.gson.JsonElement.getAsString()" because the return value of "com.google.gson.JsonObject.get(String)" is null
[04Oct2025 00:02:08.345] [main/WARN] [KubeJS Server/]: Failed to parse recipe 'tconstruct:smeltery/casting/metal/lead/gear_sand_cast[tconstruct:casting_table]'! Falling back to vanilla: Cannot invoke "com.google.gson.JsonElement.getAsString()" because the return value of "com.google.gson.JsonObject.get(String)" is null
[04Oct2025 00:02:08.345] [main/WARN] [KubeJS Server/]: Failed to parse recipe 'tconstruct:smeltery/casting/slime/earth/bottle[tconstruct:casting_table]'! Falling back to vanilla: Cannot invoke "com.google.gson.JsonElement.getAsString()" because the return value of "com.google.gson.JsonObject.get(String)" is null
[04Oct2025 00:02:08.349] [main/WARN] [KubeJS Server/]: Failed to parse recipe 'tconstruct:smeltery/casting/metal/gold/bars[tconstruct:casting_table]'! Falling back to vanilla: Cannot invoke "com.google.gson.JsonElement.getAsString()" because the return value of "com.google.gson.JsonObject.get(String)" is null
[04Oct2025 00:02:08.352] [main/WARN] [KubeJS Server/]: Failed to parse recipe 'tconstruct:smeltery/melting/metal/manyullyn/block[tconstruct:melting]'! Falling back to vanilla: Cannot invoke "com.google.gson.JsonElement.getAsString()" because the return value of "com.google.gson.JsonObject.get(String)" is null
[04Oct2025 00:02:08.353] [main/WARN] [KubeJS Server/]: Failed to parse recipe 'tconstruct:smeltery/casting/metal/aluminum/ingot_sand_cast[tconstruct:casting_table]'! Falling back to vanilla: Cannot invoke "com.google.gson.JsonElement.getAsString()" because the return value of "com.google.gson.JsonObject.get(String)" is null
[04Oct2025 00:02:08.356] [main/WARN] [KubeJS Server/]: Failed to parse recipe 'tconstruct:smeltery/casts/gold/wires[tconstruct:casting_table]'! Falling back to vanilla: Cannot invoke "com.google.gson.JsonElement.getAsString()" because the return value of "com.google.gson.JsonObject.get(String)" is null
[04Oct2025 00:02:08.359] [main/WARN] [KubeJS Server/]: Failed to parse recipe 'tconstruct:smeltery/casting/metal/osmium/ingot_sand_cast[tconstruct:casting_table]'! Falling back to vanilla: Cannot invoke "com.google.gson.JsonElement.getAsString()" because the return value of "com.google.gson.JsonObject.get(String)" is null
[04Oct2025 00:02:08.360] [main/WARN] [KubeJS Server/]: Failed to parse recipe 'tconstruct:smeltery/alloys/molten_hepatizon[tconstruct:alloy]'! Falling back to vanilla: Cannot invoke "com.google.gson.JsonElement.getAsString()" because the return value of "com.google.gson.JsonObject.get(String)" is null
[04Oct2025 00:02:08.361] [main/WARN] [KubeJS Server/]: Failed to parse recipe 'tconstruct:smeltery/melting/metal/steel/block[tconstruct:melting]'! Falling back to vanilla: Cannot invoke "com.google.gson.JsonElement.getAsString()" because the return value of "com.google.gson.JsonObject.get(String)" is null
[04Oct2025 00:02:08.361] [main/WARN] [KubeJS Server/]: Failed to parse recipe 'tconstruct:smeltery/casting/slime/ender/block[tconstruct:casting_basin]'! Falling back to vanilla: Cannot invoke "com.google.gson.JsonElement.getAsString()" because the return value of "com.google.gson.JsonObject.get(String)" is null
[04Oct2025 00:02:08.362] [main/WARN] [KubeJS Server/]: Failed to parse recipe 'tconstruct:smeltery/melting/slime/earth/ball[tconstruct:melting]'! Falling back to vanilla: Cannot invoke "com.google.gson.JsonElement.getAsString()" because the return value of "com.google.gson.JsonObject.get(String)" is null
[04Oct2025 00:02:08.362] [main/WARN] [KubeJS Server/]: Failed to parse recipe 'tconstruct:smeltery/casting/metal/lead/plate_sand_cast[tconstruct:casting_table]'! Falling back to vanilla: Cannot invoke "com.google.gson.JsonElement.getAsString()" because the return value of "com.google.gson.JsonObject.get(String)" is null
[04Oct2025 00:02:08.363] [main/WARN] [KubeJS Server/]: Failed to parse recipe 'tconstruct:smeltery/casting/metal/aluminum/plate_gold_cast[tconstruct:casting_table]'! Falling back to vanilla: Cannot invoke "com.google.gson.JsonElement.getAsString()" because the return value of "com.google.gson.JsonObject.get(String)" is null
[04Oct2025 00:02:08.364] [main/WARN] [KubeJS Server/]: Failed to parse recipe 'tconstruct:smeltery/casts/gold/chestplate_plating[tconstruct:casting_table]'! Falling back to vanilla: Cannot invoke "com.google.gson.JsonElement.getAsString()" because the return value of "com.google.gson.JsonObject.get(String)" is null
[04Oct2025 00:02:08.365] [main/WARN] [KubeJS Server/]: Failed to parse recipe 'tconstruct:smeltery/melting/metal/lead/coin[tconstruct:melting]'! Falling back to vanilla: Cannot invoke "com.google.gson.JsonElement.getAsString()" because the return value of "com.google.gson.JsonObject.get(String)" is null
[04Oct2025 00:02:08.366] [main/WARN] [KubeJS Server/]: Failed to parse recipe 'tconstruct:smeltery/melting/metal/netherite/nugget[tconstruct:melting]'! Falling back to vanilla: Cannot invoke "com.google.gson.JsonElement.getAsString()" because the return value of "com.google.gson.JsonObject.get(String)" is null
[04Oct2025 00:02:08.367] [main/WARN] [KubeJS Server/]: Failed to parse recipe 'mekanism:rotary/steam[mekanism:rotary]'! Falling back to vanilla: Cannot invoke "com.google.gson.JsonElement.getAsString()" because the return value of "com.google.gson.JsonObject.get(String)" is null
[04Oct2025 00:02:08.367] [main/WARN] [KubeJS Server/]: Failed to parse recipe 'tconstruct:smeltery/casting/ender/eye[tconstruct:casting_table]'! Falling back to vanilla: Cannot invoke "com.google.gson.JsonElement.getAsString()" because the return value of "com.google.gson.JsonObject.get(String)" is null
[04Oct2025 00:02:08.368] [main/WARN] [KubeJS Server/]: Failed to parse recipe 'tconstruct:smeltery/melting/metal/invar/plate[tconstruct:melting]'! Falling back to vanilla: Cannot invoke "com.google.gson.JsonElement.getAsString()" because the return value of "com.google.gson.JsonObject.get(String)" is null
[04Oct2025 00:02:08.368] [main/WARN] [KubeJS Server/]: Failed to parse recipe 'tconstruct:smeltery/casting/metal/zinc/ingot_gold_cast[tconstruct:casting_table]'! Falling back to vanilla: Cannot invoke "com.google.gson.JsonElement.getAsString()" because the return value of "com.google.gson.JsonObject.get(String)" is null
[04Oct2025 00:02:08.370] [main/WARN] [KubeJS Server/]: Failed to parse recipe 'tconstruct:smeltery/melting/slime/earth/block[tconstruct:melting]'! Falling back to vanilla: Cannot invoke "com.google.gson.JsonElement.getAsString()" because the return value of "com.google.gson.JsonObject.get(String)" is null
[04Oct2025 00:02:08.370] [main/WARN] [KubeJS Server/]: Failed to parse recipe 'tconstruct:smeltery/melting/metal/gold/ingot[tconstruct:melting]'! Falling back to vanilla: Cannot invoke "com.google.gson.JsonElement.getAsString()" because the return value of "com.google.gson.JsonObject.get(String)" is null
[04Oct2025 00:02:08.372] [main/WARN] [KubeJS Server/]: Failed to parse recipe 'tconstruct:smeltery/casting/seared/cracked[tconstruct:casting_basin]'! Falling back to vanilla: Cannot invoke "com.google.gson.JsonElement.getAsString()" because the return value of "com.google.gson.JsonObject.get(String)" is null
[04Oct2025 00:02:08.373] [main/WARN] [KubeJS Server/]: Failed to parse recipe 'tconstruct:smeltery/alloys/molten_enderium[tconstruct:alloy]'! Falling back to vanilla: Cannot invoke "com.google.gson.JsonElement.getAsString()" because the return value of "com.google.gson.JsonObject.get(String)" is null
[04Oct2025 00:02:08.375] [main/WARN] [KubeJS Server/]: Failed to parse recipe 'tconstruct:smeltery/casting/metal/tin/ingot_gold_cast[tconstruct:casting_table]'! Falling back to vanilla: Cannot invoke "com.google.gson.JsonElement.getAsString()" because the return value of "com.google.gson.JsonObject.get(String)" is null
[04Oct2025 00:02:08.375] [main/WARN] [KubeJS Server/]: Failed to parse recipe 'tconstruct:tools/modifiers/emerald_reinforcement[tconstruct:casting_table]'! Falling back to vanilla: Cannot invoke "com.google.gson.JsonElement.getAsString()" because the return value of "com.google.gson.JsonObject.get(String)" is null
[04Oct2025 00:02:08.376] [main/WARN] [KubeJS Server/]: Failed to parse recipe 'tconstruct:smeltery/casting/metal/iron/rod_gold_cast[tconstruct:casting_table]'! Falling back to vanilla: Cannot invoke "com.google.gson.JsonElement.getAsString()" because the return value of "com.google.gson.JsonObject.get(String)" is null
[04Oct2025 00:02:08.377] [main/WARN] [KubeJS Server/]: Failed to parse recipe 'tconstruct:smeltery/casting/slime/magma_bottle[tconstruct:casting_table]'! Falling back to vanilla: Cannot invoke "com.google.gson.JsonElement.getAsString()" because the return value of "com.google.gson.JsonObject.get(String)" is null
[04Oct2025 00:02:08.380] [main/WARN] [KubeJS Server/]: Failed to parse recipe 'tconstruct:smeltery/casts/gold/small_axe_head[tconstruct:casting_table]'! Falling back to vanilla: Cannot invoke "com.google.gson.JsonElement.getAsString()" because the return value of "com.google.gson.JsonObject.get(String)" is null
[04Oct2025 00:02:08.381] [main/WARN] [KubeJS Server/]: Failed to parse recipe 'tconstruct:smeltery/melting/metal/lead/ingot[tconstruct:melting]'! Falling back to vanilla: Cannot invoke "com.google.gson.JsonElement.getAsString()" because the return value of "com.google.gson.JsonObject.get(String)" is null
[04Oct2025 00:02:08.383] [main/WARN] [KubeJS Server/]: Failed to parse recipe 'tconstruct:smeltery/casting/metal/lumium/gear_sand_cast[tconstruct:casting_table]'! Falling back to vanilla: Cannot invoke "com.google.gson.JsonElement.getAsString()" because the return value of "com.google.gson.JsonObject.get(String)" is null
[04Oct2025 00:02:08.386] [main/WARN] [KubeJS Server/]: Failed to parse recipe 'tconstruct:smeltery/casting/metal/copper/gear_gold_cast[tconstruct:casting_table]'! Falling back to vanilla: Cannot invoke "com.google.gson.JsonElement.getAsString()" because the return value of "com.google.gson.JsonObject.get(String)" is null
[04Oct2025 00:02:08.386] [main/WARN] [KubeJS Server/]: Failed to parse recipe 'tconstruct:smeltery/melting/metal/lead/dust[tconstruct:melting]'! Falling back to vanilla: Cannot invoke "com.google.gson.JsonElement.getAsString()" because the return value of "com.google.gson.JsonObject.get(String)" is null
[04Oct2025 00:02:08.388] [main/WARN] [KubeJS Server/]: Failed to parse recipe 'mekanism:reaction/coal_gasification/coals[mekanism:reaction]'! Falling back to vanilla: Cannot invoke "com.google.gson.JsonElement.getAsString()" because the return value of "com.google.gson.JsonObject.get(String)" is null
[04Oct2025 00:02:08.388] [main/WARN] [KubeJS Server/]: Failed to parse recipe 'tconstruct:smeltery/melting/metal/cobalt/block[tconstruct:melting]'! Falling back to vanilla: Cannot invoke "com.google.gson.JsonElement.getAsString()" because the return value of "com.google.gson.JsonObject.get(String)" is null
[04Oct2025 00:02:08.389] [main/WARN] [KubeJS Server/]: Failed to parse recipe 'tconstruct:smeltery/casting/metal/signalum/coin_sand_cast[tconstruct:casting_table]'! Falling back to vanilla: Cannot invoke "com.google.gson.JsonElement.getAsString()" because the return value of "com.google.gson.JsonObject.get(String)" is null
[04Oct2025 00:02:08.390] [main/WARN] [KubeJS Server/]: Failed to parse recipe 'tconstruct:smeltery/casting/metal/rose_gold/block[tconstruct:casting_basin]'! Falling back to vanilla: Cannot invoke "com.google.gson.JsonElement.getAsString()" because the return value of "com.google.gson.JsonObject.get(String)" is null
[04Oct2025 00:02:08.392] [main/WARN] [KubeJS Server/]: Failed to parse recipe 'tconstruct:smeltery/casting/seared/cobble/stairs[tconstruct:casting_basin]'! Falling back to vanilla: Cannot invoke "com.google.gson.JsonElement.getAsString()" because the return value of "com.google.gson.JsonObject.get(String)" is null
[04Oct2025 00:02:08.393] [main/WARN] [KubeJS Server/]: Failed to parse recipe 'mekanism:rotary/hydrogen[mekanism:rotary]'! Falling back to vanilla: Cannot invoke "com.google.gson.JsonElement.getAsString()" because the return value of "com.google.gson.JsonObject.get(String)" is null
[04Oct2025 00:02:08.394] [main/WARN] [KubeJS Server/]: Failed to parse recipe 'tconstruct:smeltery/casting/metal/gold/clock[tconstruct:casting_table]'! Falling back to vanilla: Cannot invoke "com.google.gson.JsonElement.getAsString()" because the return value of "com.google.gson.JsonObject.get(String)" is null
[04Oct2025 00:02:08.397] [main/WARN] [KubeJS Server/]: Failed to parse recipe 'tconstruct:smeltery/melting/metal/lumium/dust[tconstruct:melting]'! Falling back to vanilla: Cannot invoke "com.google.gson.JsonElement.getAsString()" because the return value of "com.google.gson.JsonObject.get(String)" is null
[04Oct2025 00:02:08.397] [main/WARN] [KubeJS Server/]: Failed to parse recipe 'tconstruct:smeltery/casting/seared/glass[tconstruct:casting_basin]'! Falling back to vanilla: Cannot invoke "com.google.gson.JsonElement.getAsString()" because the return value of "com.google.gson.JsonObject.get(String)" is null
[04Oct2025 00:02:08.398] [main/WARN] [KubeJS Server/]: Failed to parse recipe 'tconstruct:smeltery/casting/metal/brass/block[tconstruct:casting_basin]'! Falling back to vanilla: Cannot invoke "com.google.gson.JsonElement.getAsString()" because the return value of "com.google.gson.JsonObject.get(String)" is null
[04Oct2025 00:02:08.400] [main/WARN] [KubeJS Server/]: Failed to parse recipe 'tconstruct:smeltery/casting/quartz/diorite[tconstruct:casting_basin]'! Falling back to vanilla: Cannot invoke "com.google.gson.JsonElement.getAsString()" because the return value of "com.google.gson.JsonObject.get(String)" is null
[04Oct2025 00:02:08.403] [main/WARN] [KubeJS Server/]: Failed to parse recipe 'tconstruct:smeltery/casting/metal/lead/ingot_sand_cast[tconstruct:casting_table]'! Falling back to vanilla: Cannot invoke "com.google.gson.JsonElement.getAsString()" because the return value of "com.google.gson.JsonObject.get(String)" is null
[04Oct2025 00:02:08.406] [main/WARN] [KubeJS Server/]: Failed to parse recipe 'tconstruct:smeltery/casting/filling/lingering_bottle[tconstruct:casting_table_potion]'! Falling back to vanilla: Cannot invoke "com.google.gson.JsonElement.getAsString()" because the return value of "com.google.gson.JsonObject.get(String)" is null
[04Oct2025 00:02:08.407] [main/WARN] [KubeJS Server/]: Failed to parse recipe 'tconstruct:smeltery/melting/metal/electrum/plate[tconstruct:melting]'! Falling back to vanilla: Cannot invoke "com.google.gson.JsonElement.getAsString()" because the return value of "com.google.gson.JsonObject.get(String)" is null
[04Oct2025 00:02:08.410] [main/WARN] [KubeJS Server/]: Failed to parse recipe 'tconstruct:smeltery/casting/metal/hepatizon/block[tconstruct:casting_basin]'! Falling back to vanilla: Cannot invoke "com.google.gson.JsonElement.getAsString()" because the return value of "com.google.gson.JsonObject.get(String)" is null
[04Oct2025 00:02:08.411] [main/WARN] [KubeJS Server/]: Failed to parse recipe 'tconstruct:smeltery/melting/metal/iron/ingot[tconstruct:melting]'! Falling back to vanilla: Cannot invoke "com.google.gson.JsonElement.getAsString()" because the return value of "com.google.gson.JsonObject.get(String)" is null
[04Oct2025 00:02:08.413] [main/WARN] [KubeJS Server/]: Failed to parse recipe 'tconstruct:smeltery/melting/metal/bronze/ingot[tconstruct:melting]'! Falling back to vanilla: Cannot invoke "com.google.gson.JsonElement.getAsString()" because the return value of "com.google.gson.JsonObject.get(String)" is null
[04Oct2025 00:02:08.414] [main/WARN] [KubeJS Server/]: Failed to parse recipe 'tconstruct:smeltery/melting/metal/refined_obsidian/block[tconstruct:melting]'! Falling back to vanilla: Cannot invoke "com.google.gson.JsonElement.getAsString()" because the return value of "com.google.gson.JsonObject.get(String)" is null
[04Oct2025 00:02:08.416] [main/WARN] [KubeJS Server/]: Failed to parse recipe 'tconstruct:smeltery/casting/diamond/gear_gold_cast[tconstruct:casting_table]'! Falling back to vanilla: Cannot invoke "com.google.gson.JsonElement.getAsString()" because the return value of "com.google.gson.JsonObject.get(String)" is null
[04Oct2025 00:02:08.419] [main/WARN] [KubeJS Server/]: Failed to parse recipe 'tconstruct:smeltery/alloys/molten_cinderslime[tconstruct:alloy]'! Falling back to vanilla: Cannot invoke "com.google.gson.JsonElement.getAsString()" because the return value of "com.google.gson.JsonObject.get(String)" is null
[04Oct2025 00:02:08.423] [main/WARN] [KubeJS Server/]: Failed to parse recipe 'tconstruct:compat/refined_obsidian_ingot[tconstruct:casting_table]'! Falling back to vanilla: Cannot invoke "com.google.gson.JsonElement.getAsString()" because the return value of "com.google.gson.JsonObject.get(String)" is null
[04Oct2025 00:02:08.425] [main/WARN] [KubeJS Server/]: Failed to parse recipe 'tconstruct:smeltery/casting/metal/zinc/plate_gold_cast[tconstruct:casting_table]'! Falling back to vanilla: Cannot invoke "com.google.gson.JsonElement.getAsString()" because the return value of "com.google.gson.JsonObject.get(String)" is null
[04Oct2025 00:02:08.427] [main/WARN] [KubeJS Server/]: Failed to parse recipe 'tconstruct:smeltery/casts/gold/gears[tconstruct:casting_table]'! Falling back to vanilla: Cannot invoke "com.google.gson.JsonElement.getAsString()" because the return value of "com.google.gson.JsonObject.get(String)" is null
[04Oct2025 00:02:08.427] [main/WARN] [KubeJS Server/]: Failed to parse recipe 'tconstruct:smeltery/casting/metal/amethyst_bronze/ingot_gold_cast[tconstruct:casting_table]'! Falling back to vanilla: Cannot invoke "com.google.gson.JsonElement.getAsString()" because the return value of "com.google.gson.JsonObject.get(String)" is null
[04Oct2025 00:02:08.430] [main/WARN] [KubeJS Server/]: Failed to parse recipe 'tconstruct:smeltery/casting/seared/glass_tinted[tconstruct:casting_basin]'! Falling back to vanilla: Cannot invoke "com.google.gson.JsonElement.getAsString()" because the return value of "com.google.gson.JsonObject.get(String)" is null
[04Oct2025 00:02:08.432] [main/WARN] [KubeJS Server/]: Failed to parse recipe 'tconstruct:smeltery/casting/cheese_ingot_gold_cast[tconstruct:casting_table]'! Falling back to vanilla: Cannot invoke "com.google.gson.JsonElement.getAsString()" because the return value of "com.google.gson.JsonObject.get(String)" is null
[04Oct2025 00:02:08.435] [main/WARN] [KubeJS Server/]: Failed to parse recipe 'tconstruct:smeltery/casting/scorched/glass_soul[tconstruct:casting_basin]'! Falling back to vanilla: Cannot invoke "com.google.gson.JsonElement.getAsString()" because the return value of "com.google.gson.JsonObject.get(String)" is null
[04Oct2025 00:02:08.442] [main/WARN] [KubeJS Server/]: Failed to parse recipe 'tconstruct:smeltery/casting/slime/venombone[tconstruct:casting_table]'! Falling back to vanilla: Cannot invoke "com.google.gson.JsonElement.getAsString()" because the return value of "com.google.gson.JsonObject.get(String)" is null
[04Oct2025 00:02:08.443] [main/WARN] [KubeJS Server/]: Failed to parse recipe 'mekanism:rotary/water_vapor[mekanism:rotary]'! Falling back to vanilla: Cannot invoke "com.google.gson.JsonElement.getAsString()" because the return value of "com.google.gson.JsonObject.get(String)" is null
[04Oct2025 00:02:08.444] [main/WARN] [KubeJS Server/]: Failed to parse recipe 'tconstruct:smeltery/casts/gold/ingots[tconstruct:casting_table]'! Falling back to vanilla: Cannot invoke "com.google.gson.JsonElement.getAsString()" because the return value of "com.google.gson.JsonObject.get(String)" is null
[04Oct2025 00:02:08.445] [main/WARN] [KubeJS Server/]: Failed to parse recipe 'tconstruct:smeltery/casting/metal/invar/ingot_gold_cast[tconstruct:casting_table]'! Falling back to vanilla: Cannot invoke "com.google.gson.JsonElement.getAsString()" because the return value of "com.google.gson.JsonObject.get(String)" is null
[04Oct2025 00:02:08.446] [main/WARN] [KubeJS Server/]: Failed to parse recipe 'tconstruct:smeltery/casting/amethyst/glass[tconstruct:casting_basin]'! Falling back to vanilla: Cannot invoke "com.google.gson.JsonElement.getAsString()" because the return value of "com.google.gson.JsonObject.get(String)" is null
[04Oct2025 00:02:08.447] [main/WARN] [KubeJS Server/]: Failed to parse recipe 'tconstruct:smeltery/casting/metal/nickel/block[tconstruct:casting_basin]'! Falling back to vanilla: Cannot invoke "com.google.gson.JsonElement.getAsString()" because the return value of "com.google.gson.JsonObject.get(String)" is null
[04Oct2025 00:02:08.448] [main/WARN] [KubeJS Server/]: Failed to parse recipe 'tconstruct:smeltery/melting/metal/netherite/block[tconstruct:melting]'! Falling back to vanilla: Cannot invoke "com.google.gson.JsonElement.getAsString()" because the return value of "com.google.gson.JsonObject.get(String)" is null
[04Oct2025 00:02:08.449] [main/WARN] [KubeJS Server/]: Failed to parse recipe 'tconstruct:tools/armor/slime_skull/necrotic_bone[tconstruct:casting_basin]'! Falling back to vanilla: Cannot invoke "com.google.gson.JsonElement.getAsString()" because the return value of "com.google.gson.JsonObject.get(String)" is null
[04Oct2025 00:02:08.450] [main/WARN] [KubeJS Server/]: Failed to parse recipe 'tconstruct:smeltery/casting/metal/manyullyn/ingot_gold_cast[tconstruct:casting_table]'! Falling back to vanilla: Cannot invoke "com.google.gson.JsonElement.getAsString()" because the return value of "com.google.gson.JsonObject.get(String)" is null
[04Oct2025 00:02:08.453] [main/WARN] [KubeJS Server/]: Failed to parse recipe 'mekanism:rotary/uranium_oxide[mekanism:rotary]'! Falling back to vanilla: Cannot invoke "com.google.gson.JsonElement.getAsString()" because the return value of "com.google.gson.JsonObject.get(String)" is null
[04Oct2025 00:02:08.454] [main/WARN] [KubeJS Server/]: Failed to parse recipe 'tconstruct:smeltery/casting/metal/lumium/gear_gold_cast[tconstruct:casting_table]'! Falling back to vanilla: Cannot invoke "com.google.gson.JsonElement.getAsString()" because the return value of "com.google.gson.JsonObject.get(String)" is null
[04Oct2025 00:02:08.456] [main/WARN] [KubeJS Server/]: Failed to parse recipe 'tconstruct:smeltery/casting/metal/silver/coin_sand_cast[tconstruct:casting_table]'! Falling back to vanilla: Cannot invoke "com.google.gson.JsonElement.getAsString()" because the return value of "com.google.gson.JsonObject.get(String)" is null
[04Oct2025 00:02:08.457] [main/WARN] [KubeJS Server/]: Failed to parse recipe 'mekanism:processing/lead/slurry/clean[mekanism:washing]'! Falling back to vanilla: Cannot invoke "com.google.gson.JsonElement.getAsString()" because the return value of "com.google.gson.JsonObject.get(String)" is null
[04Oct2025 00:02:08.457] [main/WARN] [KubeJS Server/]: Failed to parse recipe 'tconstruct:smeltery/casting/slime/ender/slimeball[tconstruct:casting_table]'! Falling back to vanilla: Cannot invoke "com.google.gson.JsonElement.getAsString()" because the return value of "com.google.gson.JsonObject.get(String)" is null
[04Oct2025 00:02:08.458] [main/WARN] [KubeJS Server/]: Failed to parse recipe 'tconstruct:smeltery/casts/gold/repair_kit[tconstruct:casting_table]'! Falling back to vanilla: Cannot invoke "com.google.gson.JsonElement.getAsString()" because the return value of "com.google.gson.JsonObject.get(String)" is null
[04Oct2025 00:02:08.461] [main/WARN] [KubeJS Server/]: Failed to parse recipe 'tconstruct:smeltery/casting/metal/constantan/coin_sand_cast[tconstruct:casting_table]'! Falling back to vanilla: Cannot invoke "com.google.gson.JsonElement.getAsString()" because the return value of "com.google.gson.JsonObject.get(String)" is null
[04Oct2025 00:02:08.461] [main/WARN] [KubeJS Server/]: Failed to parse recipe 'tconstruct:smeltery/casting/metal/gold/gear_gold_cast[tconstruct:casting_table]'! Falling back to vanilla: Cannot invoke "com.google.gson.JsonElement.getAsString()" because the return value of "com.google.gson.JsonObject.get(String)" is null
[04Oct2025 00:02:08.463] [main/WARN] [KubeJS Server/]: Failed to parse recipe 'tconstruct:smeltery/casting/metal/copper/plate_gold_cast[tconstruct:casting_table]'! Falling back to vanilla: Cannot invoke "com.google.gson.JsonElement.getAsString()" because the return value of "com.google.gson.JsonObject.get(String)" is null
[04Oct2025 00:02:08.465] [main/WARN] [KubeJS Server/]: Failed to parse recipe 'tconstruct:smeltery/melting/metal/aluminum/plate[tconstruct:melting]'! Falling back to vanilla: Cannot invoke "com.google.gson.JsonElement.getAsString()" because the return value of "com.google.gson.JsonObject.get(String)" is null
[04Oct2025 00:02:08.468] [main/WARN] [KubeJS Server/]: Failed to parse recipe 'tconstruct:gadgets/piggy_backpack[tconstruct:casting_table]'! Falling back to vanilla: Cannot invoke "com.google.gson.JsonElement.getAsString()" because the return value of "com.google.gson.JsonObject.get(String)" is null
[04Oct2025 00:02:08.468] [main/WARN] [KubeJS Server/]: Failed to parse recipe 'tconstruct:smeltery/melting/ender/pearl[tconstruct:melting]'! Falling back to vanilla: Cannot invoke "com.google.gson.JsonElement.getAsString()" because the return value of "com.google.gson.JsonObject.get(String)" is null
[04Oct2025 00:02:08.469] [main/WARN] [KubeJS Server/]: Failed to parse recipe 'tconstruct:smeltery/casting/metal/steel/nugget_sand_cast[tconstruct:casting_table]'! Falling back to vanilla: Cannot invoke "com.google.gson.JsonElement.getAsString()" because the return value of "com.google.gson.JsonObject.get(String)" is null
[04Oct2025 00:02:08.469] [main/WARN] [KubeJS Server/]: Failed to parse recipe 'tconstruct:smeltery/casting/cheese_block[tconstruct:casting_basin]'! Falling back to vanilla: Cannot invoke "com.google.gson.JsonElement.getAsString()" because the return value of "com.google.gson.JsonObject.get(String)" is null
[04Oct2025 00:02:08.471] [main/WARN] [KubeJS Server/]: Failed to parse recipe 'tconstruct:smeltery/casting/metal/invar/gear_gold_cast[tconstruct:casting_table]'! Falling back to vanilla: Cannot invoke "com.google.gson.JsonElement.getAsString()" because the return value of "com.google.gson.JsonObject.get(String)" is null
[04Oct2025 00:02:08.472] [main/WARN] [KubeJS Server/]: Failed to parse recipe 'tconstruct:smeltery/melting/metal/zinc/block[tconstruct:melting]'! Falling back to vanilla: Cannot invoke "com.google.gson.JsonElement.getAsString()" because the return value of "com.google.gson.JsonObject.get(String)" is null
[04Oct2025 00:02:08.473] [main/WARN] [KubeJS Server/]: Failed to parse recipe 'tconstruct:smeltery/alloys/molten_manyullyn[tconstruct:alloy]'! Falling back to vanilla: Cannot invoke "com.google.gson.JsonElement.getAsString()" because the return value of "com.google.gson.JsonObject.get(String)" is null
[04Oct2025 00:02:08.474] [main/WARN] [KubeJS Server/]: Failed to parse recipe 'tconstruct:smeltery/casting/metal/nickel/plate_sand_cast[tconstruct:casting_table]'! Falling back to vanilla: Cannot invoke "com.google.gson.JsonElement.getAsString()" because the return value of "com.google.gson.JsonObject.get(String)" is null
[04Oct2025 00:02:08.475] [main/WARN] [KubeJS Server/]: Failed to parse recipe 'deeperdarker:resonarium_pickaxe_smithing[minecraft:smithing_transform]'! Falling back to vanilla: Ingredient 'template' can't be empty!
[04Oct2025 00:02:08.476] [main/WARN] [KubeJS Server/]: Failed to parse recipe 'tconstruct:smeltery/melting/metal/iron/cauldron[tconstruct:melting]'! Falling back to vanilla: Cannot invoke "com.google.gson.JsonElement.getAsString()" because the return value of "com.google.gson.JsonObject.get(String)" is null
[04Oct2025 00:02:08.477] [main/WARN] [KubeJS Server/]: Failed to parse recipe 'mekanism:reaction/substrate/ethene_oxygen[mekanism:reaction]'! Falling back to vanilla: Cannot invoke "com.google.gson.JsonElement.getAsString()" because the return value of "com.google.gson.JsonObject.get(String)" is null
[04Oct2025 00:02:08.478] [main/WARN] [KubeJS Server/]: Failed to parse recipe 'tconstruct:smeltery/casts/gold/hammer_head[tconstruct:casting_table]'! Falling back to vanilla: Cannot invoke "com.google.gson.JsonElement.getAsString()" because the return value of "com.google.gson.JsonObject.get(String)" is null
[04Oct2025 00:02:08.478] [main/WARN] [KubeJS Server/]: Failed to parse recipe 'tconstruct:smeltery/casting/metal/tin/gear_sand_cast[tconstruct:casting_table]'! Falling back to vanilla: Cannot invoke "com.google.gson.JsonElement.getAsString()" because the return value of "com.google.gson.JsonObject.get(String)" is null
[04Oct2025 00:02:08.480] [main/WARN] [KubeJS Server/]: Failed to parse recipe 'tconstruct:smeltery/casting/metal/iron/gear_gold_cast[tconstruct:casting_table]'! Falling back to vanilla: Cannot invoke "com.google.gson.JsonElement.getAsString()" because the return value of "com.google.gson.JsonObject.get(String)" is null
[04Oct2025 00:02:08.481] [main/WARN] [KubeJS Server/]: Failed to parse recipe 'tconstruct:smeltery/melting/metal/netherite/gear[tconstruct:melting]'! Falling back to vanilla: Cannot invoke "com.google.gson.JsonElement.getAsString()" because the return value of "com.google.gson.JsonObject.get(String)" is null
[04Oct2025 00:02:08.481] [main/WARN] [KubeJS Server/]: Failed to parse recipe 'tconstruct:smeltery/casting/metal/silver/block[tconstruct:casting_basin]'! Falling back to vanilla: Cannot invoke "com.google.gson.JsonElement.getAsString()" because the return value of "com.google.gson.JsonObject.get(String)" is null
[04Oct2025 00:02:08.482] [main/WARN] [KubeJS Server/]: Failed to parse recipe 'tconstruct:smeltery/casting/metal/refined_obsidian/nugget_gold_cast[tconstruct:casting_table]'! Falling back to vanilla: Cannot invoke "com.google.gson.JsonElement.getAsString()" because the return value of "com.google.gson.JsonObject.get(String)" is null
[04Oct2025 00:02:08.482] [main/WARN] [KubeJS Server/]: Failed to parse recipe 'tconstruct:smeltery/melting/metal/nickel/dust[tconstruct:melting]'! Falling back to vanilla: Cannot invoke "com.google.gson.JsonElement.getAsString()" because the return value of "com.google.gson.JsonObject.get(String)" is null
[04Oct2025 00:02:08.486] [main/WARN] [KubeJS Server/]: Failed to parse recipe 'tconstruct:smeltery/casts/gold/large_plate[tconstruct:casting_table]'! Falling back to vanilla: Cannot invoke "com.google.gson.JsonElement.getAsString()" because the return value of "com.google.gson.JsonObject.get(String)" is null
[04Oct2025 00:02:08.487] [main/WARN] [KubeJS Server/]: Failed to parse recipe 'tconstruct:smeltery/casting/metal/bronze/coin_gold_cast[tconstruct:casting_table]'! Falling back to vanilla: Cannot invoke "com.google.gson.JsonElement.getAsString()" because the return value of "com.google.gson.JsonObject.get(String)" is null
[04Oct2025 00:02:08.491] [main/WARN] [KubeJS Server/]: Failed to parse recipe 'tconstruct:smeltery/casting/metal/cobalt/block[tconstruct:casting_basin]'! Falling back to vanilla: Cannot invoke "com.google.gson.JsonElement.getAsString()" because the return value of "com.google.gson.JsonObject.get(String)" is null
[04Oct2025 00:02:08.492] [main/WARN] [KubeJS Server/]: Failed to parse recipe 'tconstruct:smeltery/melting/metal/constantan/gear[tconstruct:melting]'! Falling back to vanilla: Cannot invoke "com.google.gson.JsonElement.getAsString()" because the return value of "com.google.gson.JsonObject.get(String)" is null
[04Oct2025 00:02:08.495] [main/WARN] [KubeJS Server/]: Failed to parse recipe 'tconstruct:smeltery/alloys/molten_queens_slime[tconstruct:alloy]'! Falling back to vanilla: Cannot invoke "com.google.gson.JsonElement.getAsString()" because the return value of "com.google.gson.JsonObject.get(String)" is null
[04Oct2025 00:02:08.496] [main/WARN] [KubeJS Server/]: Failed to parse recipe 'tconstruct:smeltery/casting/metal/rose_gold/ingot_sand_cast[tconstruct:casting_table]'! Falling back to vanilla: Cannot invoke "com.google.gson.JsonElement.getAsString()" because the return value of "com.google.gson.JsonObject.get(String)" is null
[04Oct2025 00:02:08.500] [main/WARN] [KubeJS Server/]: Failed to parse recipe 'tconstruct:smeltery/casting/seared/cobble/wall[tconstruct:casting_basin]'! Falling back to vanilla: Cannot invoke "com.google.gson.JsonElement.getAsString()" because the return value of "com.google.gson.JsonObject.get(String)" is null
[04Oct2025 00:02:08.500] [main/WARN] [KubeJS Server/]: Failed to parse recipe 'tconstruct:smeltery/melting/slime/honey_block[tconstruct:melting]'! Falling back to vanilla: Cannot invoke "com.google.gson.JsonElement.getAsString()" because the return value of "com.google.gson.JsonObject.get(String)" is null
[04Oct2025 00:02:08.501] [main/WARN] [KubeJS Server/]: Failed to parse recipe 'tconstruct:smeltery/casting/honey/bottle[tconstruct:casting_table]'! Falling back to vanilla: Cannot invoke "com.google.gson.JsonElement.getAsString()" because the return value of "com.google.gson.JsonObject.get(String)" is null
[04Oct2025 00:02:08.503] [main/WARN] [KubeJS Server/]: Failed to parse recipe 'tconstruct:smeltery/casting/seared/glass_soul[tconstruct:casting_basin]'! Falling back to vanilla: Cannot invoke "com.google.gson.JsonElement.getAsString()" because the return value of "com.google.gson.JsonObject.get(String)" is null
[04Oct2025 00:02:08.503] [main/WARN] [KubeJS Server/]: Failed to parse recipe 'tconstruct:smeltery/casting/obsidian/nahuatl_stairs[tconstruct:casting_basin]'! Falling back to vanilla: Cannot invoke "com.google.gson.JsonElement.getAsString()" because the return value of "com.google.gson.JsonObject.get(String)" is null
[04Oct2025 00:02:08.504] [main/WARN] [KubeJS Server/]: Failed to parse recipe 'tconstruct:smeltery/entity_melting/heads/drowned[tconstruct:melting]'! Falling back to vanilla: Cannot invoke "com.google.gson.JsonElement.getAsString()" because the return value of "com.google.gson.JsonObject.get(String)" is null
[04Oct2025 00:02:08.507] [main/WARN] [KubeJS Server/]: Failed to parse recipe 'tconstruct:smeltery/melting/metal/zinc/nugget[tconstruct:melting]'! Falling back to vanilla: Cannot invoke "com.google.gson.JsonElement.getAsString()" because the return value of "com.google.gson.JsonObject.get(String)" is null
[04Oct2025 00:02:08.508] [main/WARN] [KubeJS Server/]: Failed to parse recipe 'tconstruct:smeltery/casting/metal/gold/gear_sand_cast[tconstruct:casting_table]'! Falling back to vanilla: Cannot invoke "com.google.gson.JsonElement.getAsString()" because the return value of "com.google.gson.JsonObject.get(String)" is null
[04Oct2025 00:02:08.509] [main/WARN] [KubeJS Server/]: Failed to parse recipe 'tconstruct:smeltery/casting/metal/constantan/coin_gold_cast[tconstruct:casting_table]'! Falling back to vanilla: Cannot invoke "com.google.gson.JsonElement.getAsString()" because the return value of "com.google.gson.JsonObject.get(String)" is null
[04Oct2025 00:02:08.511] [main/WARN] [KubeJS Server/]: Failed to parse recipe 'tconstruct:smeltery/casting/diamond/gem_gold_cast[tconstruct:casting_table]'! Falling back to vanilla: Cannot invoke "com.google.gson.JsonElement.getAsString()" because the return value of "com.google.gson.JsonObject.get(String)" is null
[04Oct2025 00:02:08.511] [main/WARN] [KubeJS Server/]: Failed to parse recipe 'tconstruct:smeltery/melting/metal/tin/nugget[tconstruct:melting]'! Falling back to vanilla: Cannot invoke "com.google.gson.JsonElement.getAsString()" because the return value of "com.google.gson.JsonObject.get(String)" is null
[04Oct2025 00:02:08.512] [main/WARN] [KubeJS Server/]: Failed to parse recipe 'deeperdarker:resonarium_leggings_smithing[minecraft:smithing_transform]'! Falling back to vanilla: Ingredient 'template' can't be empty!
[04Oct2025 00:02:08.513] [main/WARN] [KubeJS Server/]: Failed to parse recipe 'tconstruct:smeltery/casting/metal/nickel/coin_gold_cast[tconstruct:casting_table]'! Falling back to vanilla: Cannot invoke "com.google.gson.JsonElement.getAsString()" because the return value of "com.google.gson.JsonObject.get(String)" is null
[04Oct2025 00:02:08.514] [main/WARN] [KubeJS Server/]: Failed to parse recipe 'tconstruct:smeltery/casting/metal/copper/plate_sand_cast[tconstruct:casting_table]'! Falling back to vanilla: Cannot invoke "com.google.gson.JsonElement.getAsString()" because the return value of "com.google.gson.JsonObject.get(String)" is null
[04Oct2025 00:02:08.514] [main/WARN] [KubeJS Server/]: Failed to parse recipe 'tconstruct:smeltery/casting/scorched/stone_from_magma[tconstruct:casting_basin]'! Falling back to vanilla: Cannot invoke "com.google.gson.JsonElement.getAsString()" because the return value of "com.google.gson.JsonObject.get(String)" is null
[04Oct2025 00:02:08.515] [main/WARN] [KubeJS Server/]: Failed to parse recipe 'tconstruct:smeltery/melting/metal/gold/produce[tconstruct:melting]'! Falling back to vanilla: Cannot invoke "com.google.gson.JsonElement.getAsString()" because the return value of "com.google.gson.JsonObject.get(String)" is null
[04Oct2025 00:02:08.516] [main/WARN] [KubeJS Server/]: Failed to parse recipe 'tconstruct:smeltery/casting/metal/lead/coin_sand_cast[tconstruct:casting_table]'! Falling back to vanilla: Cannot invoke "com.google.gson.JsonElement.getAsString()" because the return value of "com.google.gson.JsonObject.get(String)" is null
[04Oct2025 00:02:08.516] [main/WARN] [KubeJS Server/]: Failed to parse recipe 'tconstruct:smeltery/melting/metal/gold/gear[tconstruct:melting]'! Falling back to vanilla: Cannot invoke "com.google.gson.JsonElement.getAsString()" because the return value of "com.google.gson.JsonObject.get(String)" is null
[04Oct2025 00:02:08.517] [main/WARN] [KubeJS Server/]: Failed to parse recipe 'tconstruct:smeltery/casting/metal/enderium/coin_sand_cast[tconstruct:casting_table]'! Falling back to vanilla: Cannot invoke "com.google.gson.JsonElement.getAsString()" because the return value of "com.google.gson.JsonObject.get(String)" is null
[04Oct2025 00:02:08.519] [main/WARN] [KubeJS Server/]: Failed to parse recipe 'mekanism:rotary/ethene[mekanism:rotary]'! Falling back to vanilla: Cannot invoke "com.google.gson.JsonElement.getAsString()" because the return value of "com.google.gson.JsonObject.get(String)" is null
[04Oct2025 00:02:08.520] [main/WARN] [KubeJS Server/]: Failed to parse recipe 'tconstruct:smeltery/melting/scorched/fluid_cannon[tconstruct:melting]'! Falling back to vanilla: Cannot invoke "com.google.gson.JsonElement.getAsString()" because the return value of "com.google.gson.JsonObject.get(String)" is null
[04Oct2025 00:02:08.520] [main/WARN] [KubeJS Server/]: Failed to parse recipe 'tconstruct:smeltery/casting/metal/refined_glowstone/nugget_gold_cast[tconstruct:casting_table]'! Falling back to vanilla: Cannot invoke "com.google.gson.JsonElement.getAsString()" because the return value of "com.google.gson.JsonObject.get(String)" is null
[04Oct2025 00:02:08.521] [main/WARN] [KubeJS Server/]: Failed to parse recipe 'tconstruct:smeltery/casts/gold/tool_handle[tconstruct:casting_table]'! Falling back to vanilla: Cannot invoke "com.google.gson.JsonElement.getAsString()" because the return value of "com.google.gson.JsonObject.get(String)" is null
[04Oct2025 00:02:08.525] [main/WARN] [KubeJS Server/]: Failed to parse recipe 'tconstruct:smeltery/melting/metal/tin/gear[tconstruct:melting]'! Falling back to vanilla: Cannot invoke "com.google.gson.JsonElement.getAsString()" because the return value of "com.google.gson.JsonObject.get(String)" is null
[04Oct2025 00:02:08.529] [main/WARN] [KubeJS Server/]: Failed to parse recipe 'tconstruct:smeltery/casting/metal/manyullyn/block[tconstruct:casting_basin]'! Falling back to vanilla: Cannot invoke "com.google.gson.JsonElement.getAsString()" because the return value of "com.google.gson.JsonObject.get(String)" is null
[04Oct2025 00:02:08.530] [main/WARN] [KubeJS Server/]: Failed to parse recipe 'tconstruct:smeltery/casting/soup/mushroom[tconstruct:casting_table]'! Falling back to vanilla: Cannot invoke "com.google.gson.JsonElement.getAsString()" because the return value of "com.google.gson.JsonObject.get(String)" is null
[04Oct2025 00:02:08.532] [main/WARN] [KubeJS Server/]: Failed to parse recipe 'tconstruct:smeltery/melting/metal/amethyst_bronze/block[tconstruct:melting]'! Falling back to vanilla: Cannot invoke "com.google.gson.JsonElement.getAsString()" because the return value of "com.google.gson.JsonObject.get(String)" is null
[04Oct2025 00:02:08.533] [main/WARN] [KubeJS Server/]: Failed to parse recipe 'tconstruct:smeltery/casting/quartz/gear_sand_cast[tconstruct:casting_table]'! Falling back to vanilla: Cannot invoke "com.google.gson.JsonElement.getAsString()" because the return value of "com.google.gson.JsonObject.get(String)" is null
[04Oct2025 00:02:08.534] [main/WARN] [KubeJS Server/]: Failed to parse recipe 'tconstruct:smeltery/melting/metal/aluminum/nugget[tconstruct:melting]'! Falling back to vanilla: Cannot invoke "com.google.gson.JsonElement.getAsString()" because the return value of "com.google.gson.JsonObject.get(String)" is null
[04Oct2025 00:02:08.534] [main/WARN] [KubeJS Server/]: Failed to parse recipe 'tconstruct:smeltery/melting/metal/silver/nugget[tconstruct:melting]'! Falling back to vanilla: Cannot invoke "com.google.gson.JsonElement.getAsString()" because the return value of "com.google.gson.JsonObject.get(String)" is null
[04Oct2025 00:02:08.536] [main/WARN] [KubeJS Server/]: Failed to parse recipe 'tconstruct:smeltery/casting/seared/chiseled[tconstruct:casting_basin]'! Falling back to vanilla: Cannot invoke "com.google.gson.JsonElement.getAsString()" because the return value of "com.google.gson.JsonObject.get(String)" is null
[04Oct2025 00:02:08.538] [main/WARN] [KubeJS Server/]: Failed to parse recipe 'tconstruct:smeltery/casting/metal/silver/coin_gold_cast[tconstruct:casting_table]'! Falling back to vanilla: Cannot invoke "com.google.gson.JsonElement.getAsString()" because the return value of "com.google.gson.JsonObject.get(String)" is null
[04Oct2025 00:02:08.539] [main/WARN] [KubeJS Server/]: Failed to parse recipe 'tconstruct:smeltery/melting/metal/cobalt/dust[tconstruct:melting]'! Falling back to vanilla: Cannot invoke "com.google.gson.JsonElement.getAsString()" because the return value of "com.google.gson.JsonObject.get(String)" is null
[04Oct2025 00:02:08.540] [main/WARN] [KubeJS Server/]: Failed to parse recipe 'tconstruct:smeltery/casting/metal/silver/plate_gold_cast[tconstruct:casting_table]'! Falling back to vanilla: Cannot invoke "com.google.gson.JsonElement.getAsString()" because the return value of "com.google.gson.JsonObject.get(String)" is null
[04Oct2025 00:02:08.540] [main/WARN] [KubeJS Server/]: Failed to parse recipe 'tconstruct:tools/armor/slime_skull/rotten_flesh[tconstruct:casting_basin]'! Falling back to vanilla: Cannot invoke "com.google.gson.JsonElement.getAsString()" because the return value of "com.google.gson.JsonObject.get(String)" is null
[04Oct2025 00:02:08.542] [main/WARN] [KubeJS Server/]: Failed to parse recipe 'tconstruct:smeltery/melting/metal/iron/gear[tconstruct:melting]'! Falling back to vanilla: Cannot invoke "com.google.gson.JsonElement.getAsString()" because the return value of "com.google.gson.JsonObject.get(String)" is null
[04Oct2025 00:02:08.542] [main/WARN] [KubeJS Server/]: Failed to parse recipe 'tconstruct:smeltery/casting/metal/signalum/ingot_gold_cast[tconstruct:casting_table]'! Falling back to vanilla: Cannot invoke "com.google.gson.JsonElement.getAsString()" because the return value of "com.google.gson.JsonObject.get(String)" is null
[04Oct2025 00:02:08.543] [main/WARN] [KubeJS Server/]: Failed to parse recipe 'tconstruct:smeltery/casting/metal/tin/gear_gold_cast[tconstruct:casting_table]'! Falling back to vanilla: Cannot invoke "com.google.gson.JsonElement.getAsString()" because the return value of "com.google.gson.JsonObject.get(String)" is null
[04Oct2025 00:02:08.544] [main/WARN] [KubeJS Server/]: Failed to parse recipe 'tconstruct:smeltery/casting/clay/brick_gold_cast[tconstruct:casting_table]'! Falling back to vanilla: Cannot invoke "com.google.gson.JsonElement.getAsString()" because the return value of "com.google.gson.JsonObject.get(String)" is null
[04Oct2025 00:02:08.544] [main/WARN] [KubeJS Server/]: Failed to parse recipe 'tconstruct:smeltery/casting/metal/iron/gear_sand_cast[tconstruct:casting_table]'! Falling back to vanilla: Cannot invoke "com.google.gson.JsonElement.getAsString()" because the return value of "com.google.gson.JsonObject.get(String)" is null
[04Oct2025 00:02:08.549] [main/WARN] [KubeJS Server/]: Failed to parse recipe 'tconstruct:smeltery/casting/metal/refined_glowstone/ingot_gold_cast[tconstruct:casting_table]'! Falling back to vanilla: Cannot invoke "com.google.gson.JsonElement.getAsString()" because the return value of "com.google.gson.JsonObject.get(String)" is null
[04Oct2025 00:02:08.551] [main/WARN] [KubeJS Server/]: Failed to parse recipe 'tconstruct:smeltery/melting/metal/gold/enchanted_apple[tconstruct:melting]'! Falling back to vanilla: Cannot invoke "com.google.gson.JsonElement.getAsString()" because the return value of "com.google.gson.JsonObject.get(String)" is null
[04Oct2025 00:02:08.551] [main/WARN] [KubeJS Server/]: Failed to parse recipe 'tconstruct:smeltery/casting/scorched/glass_pane_soul[tconstruct:casting_table]'! Falling back to vanilla: Cannot invoke "com.google.gson.JsonElement.getAsString()" because the return value of "com.google.gson.JsonObject.get(String)" is null
[04Oct2025 00:02:08.552] [main/WARN] [KubeJS Server/]: Failed to parse recipe 'mekanism:rotary/sulfur_dioxide[mekanism:rotary]'! Falling back to vanilla: Cannot invoke "com.google.gson.JsonElement.getAsString()" because the return value of "com.google.gson.JsonObject.get(String)" is null
[04Oct2025 00:02:08.553] [main/WARN] [KubeJS Server/]: Failed to parse recipe 'tconstruct:smeltery/melting/metal/copper/block[tconstruct:melting]'! Falling back to vanilla: Cannot invoke "com.google.gson.JsonElement.getAsString()" because the return value of "com.google.gson.JsonObject.get(String)" is null
[04Oct2025 00:02:08.553] [main/WARN] [KubeJS Server/]: Failed to parse recipe 'tconstruct:smeltery/melting/metal/refined_obsidian/ingot[tconstruct:melting]'! Falling back to vanilla: Cannot invoke "com.google.gson.JsonElement.getAsString()" because the return value of "com.google.gson.JsonObject.get(String)" is null
[04Oct2025 00:02:08.554] [main/WARN] [KubeJS Server/]: Failed to parse recipe 'tconstruct:smeltery/casting/slime/ender/roots[tconstruct:casting_basin]'! Falling back to vanilla: Cannot invoke "com.google.gson.JsonElement.getAsString()" because the return value of "com.google.gson.JsonObject.get(String)" is null
[04Oct2025 00:02:08.555] [main/WARN] [KubeJS Server/]: Failed to parse recipe 'tconstruct:smeltery/casting/metal/signalum/ingot_sand_cast[tconstruct:casting_table]'! Falling back to vanilla: Cannot invoke "com.google.gson.JsonElement.getAsString()" because the return value of "com.google.gson.JsonObject.get(String)" is null
[04Oct2025 00:02:08.555] [main/WARN] [KubeJS Server/]: Failed to parse recipe 'tconstruct:smeltery/melting/metal/nickel/nugget[tconstruct:melting]'! Falling back to vanilla: Cannot invoke "com.google.gson.JsonElement.getAsString()" because the return value of "com.google.gson.JsonObject.get(String)" is null
[04Oct2025 00:02:08.558] [main/WARN] [KubeJS Server/]: Failed to parse recipe 'tconstruct:smeltery/melting/slime/magma/block[tconstruct:melting]'! Falling back to vanilla: Cannot invoke "com.google.gson.JsonElement.getAsString()" because the return value of "com.google.gson.JsonObject.get(String)" is null
[04Oct2025 00:02:08.560] [main/WARN] [KubeJS Server/]: Failed to parse recipe 'tconstruct:smeltery/casting/soup/beetroot[tconstruct:casting_table]'! Falling back to vanilla: Cannot invoke "com.google.gson.JsonElement.getAsString()" because the return value of "com.google.gson.JsonObject.get(String)" is null
[04Oct2025 00:02:08.560] [main/WARN] [KubeJS Server/]: Failed to parse recipe 'tconstruct:smeltery/melting/metal/osmium/ingot[tconstruct:melting]'! Falling back to vanilla: Cannot invoke "com.google.gson.JsonElement.getAsString()" because the return value of "com.google.gson.JsonObject.get(String)" is null
[04Oct2025 00:02:08.562] [main/WARN] [KubeJS Server/]: Failed to parse recipe 'tconstruct:smeltery/casting/metal/zinc/block[tconstruct:casting_basin]'! Falling back to vanilla: Cannot invoke "com.google.gson.JsonElement.getAsString()" because the return value of "com.google.gson.JsonObject.get(String)" is null
[04Oct2025 00:02:08.562] [main/WARN] [KubeJS Server/]: Failed to parse recipe 'tconstruct:smeltery/casting/metal/aluminum/nugget_sand_cast[tconstruct:casting_table]'! Falling back to vanilla: Cannot invoke "com.google.gson.JsonElement.getAsString()" because the return value of "com.google.gson.JsonObject.get(String)" is null
[04Oct2025 00:02:08.564] [main/WARN] [KubeJS Server/]: Failed to parse recipe 'tconstruct:smeltery/melting/metal/gold/clock[tconstruct:melting]'! Falling back to vanilla: Cannot invoke "com.google.gson.JsonElement.getAsString()" because the return value of "com.google.gson.JsonObject.get(String)" is null
[04Oct2025 00:02:08.564] [main/WARN] [KubeJS Server/]: Failed to parse recipe 'mekanism:rotary/oxygen[mekanism:rotary]'! Falling back to vanilla: Cannot invoke "com.google.gson.JsonElement.getAsString()" because the return value of "com.google.gson.JsonObject.get(String)" is null
[04Oct2025 00:02:08.565] [main/WARN] [KubeJS Server/]: Failed to parse recipe 'tconstruct:smeltery/melting/metal/enderium/coin[tconstruct:melting]'! Falling back to vanilla: Cannot invoke "com.google.gson.JsonElement.getAsString()" because the return value of "com.google.gson.JsonObject.get(String)" is null
[04Oct2025 00:02:08.566] [main/WARN] [KubeJS Server/]: Failed to parse recipe 'tconstruct:smeltery/casting/metal/queens_slime/nugget_gold_cast[tconstruct:casting_table]'! Falling back to vanilla: Cannot invoke "com.google.gson.JsonElement.getAsString()" because the return value of "com.google.gson.JsonObject.get(String)" is null
[04Oct2025 00:02:08.568] [main/WARN] [KubeJS Server/]: Failed to parse recipe 'tconstruct:smeltery/casting/metal/refined_glowstone/nugget_sand_cast[tconstruct:casting_table]'! Falling back to vanilla: Cannot invoke "com.google.gson.JsonElement.getAsString()" because the return value of "com.google.gson.JsonObject.get(String)" is null
[04Oct2025 00:02:08.570] [main/WARN] [KubeJS Server/]: Failed to parse recipe 'tconstruct:smeltery/melting/metal/refined_glowstone/ingot[tconstruct:melting]'! Falling back to vanilla: Cannot invoke "com.google.gson.JsonElement.getAsString()" because the return value of "com.google.gson.JsonObject.get(String)" is null
[04Oct2025 00:02:08.572] [main/WARN] [KubeJS Server/]: Failed to parse recipe 'tconstruct:smeltery/casts/gold/bow_grip[tconstruct:casting_table]'! Falling back to vanilla: Cannot invoke "com.google.gson.JsonElement.getAsString()" because the return value of "com.google.gson.JsonObject.get(String)" is null
[04Oct2025 00:02:08.583] [main/WARN] [KubeJS Server/]: Failed to parse recipe 'tconstruct:smeltery/melting/metal/gold/nugget_3[tconstruct:melting]'! Falling back to vanilla: Cannot invoke "com.google.gson.JsonElement.getAsString()" because the return value of "com.google.gson.JsonObject.get(String)" is null
[04Oct2025 00:02:08.584] [main/WARN] [KubeJS Server/]: Failed to parse recipe 'tconstruct:smeltery/casting/metal/enderium/coin_gold_cast[tconstruct:casting_table]'! Falling back to vanilla: Cannot invoke "com.google.gson.JsonElement.getAsString()" because the return value of "com.google.gson.JsonObject.get(String)" is null
[04Oct2025 00:02:08.586] [main/WARN] [KubeJS Server/]: Failed to parse recipe 'tconstruct:smeltery/melting/metal/signalum/gear[tconstruct:melting]'! Falling back to vanilla: Cannot invoke "com.google.gson.JsonElement.getAsString()" because the return value of "com.google.gson.JsonObject.get(String)" is null
[04Oct2025 00:02:08.587] [main/WARN] [KubeJS Server/]: Failed to parse recipe 'tconstruct:smeltery/casting/metal/bronze/coin_sand_cast[tconstruct:casting_table]'! Falling back to vanilla: Cannot invoke "com.google.gson.JsonElement.getAsString()" because the return value of "com.google.gson.JsonObject.get(String)" is null
[04Oct2025 00:02:08.590] [main/WARN] [KubeJS Server/]: Failed to parse recipe 'tconstruct:smeltery/alloys/molten_nicrosil[tconstruct:alloy]'! Falling back to vanilla: Cannot invoke "com.google.gson.JsonElement.getAsString()" because the return value of "com.google.gson.JsonObject.get(String)" is null
[04Oct2025 00:02:08.591] [main/WARN] [KubeJS Server/]: Failed to parse recipe 'tconstruct:smeltery/casting/metal/steel/nugget_gold_cast[tconstruct:casting_table]'! Falling back to vanilla: Cannot invoke "com.google.gson.JsonElement.getAsString()" because the return value of "com.google.gson.JsonObject.get(String)" is null
[04Oct2025 00:02:08.592] [main/WARN] [KubeJS Server/]: Failed to parse recipe 'tconstruct:smeltery/casting/metal/refined_obsidian/nugget_sand_cast[tconstruct:casting_table]'! Falling back to vanilla: Cannot invoke "com.google.gson.JsonElement.getAsString()" because the return value of "com.google.gson.JsonObject.get(String)" is null
[04Oct2025 00:02:08.594] [main/WARN] [KubeJS Server/]: Failed to parse recipe 'tconstruct:smeltery/casting/metal/pig_iron/ingot_gold_cast[tconstruct:casting_table]'! Falling back to vanilla: Cannot invoke "com.google.gson.JsonElement.getAsString()" because the return value of "com.google.gson.JsonObject.get(String)" is null
[04Oct2025 00:02:08.594] [main/WARN] [KubeJS Server/]: Failed to parse recipe 'tconstruct:smeltery/melting/metal/gold/plate[tconstruct:melting]'! Falling back to vanilla: Cannot invoke "com.google.gson.JsonElement.getAsString()" because the return value of "com.google.gson.JsonObject.get(String)" is null
[04Oct2025 00:02:08.595] [main/WARN] [KubeJS Server/]: Failed to parse recipe 'tconstruct:smeltery/casting/scorched/glass_pane[tconstruct:casting_table]'! Falling back to vanilla: Cannot invoke "com.google.gson.JsonElement.getAsString()" because the return value of "com.google.gson.JsonObject.get(String)" is null
[04Oct2025 00:02:08.597] [main/WARN] [KubeJS Server/]: Failed to parse recipe 'tconstruct:smeltery/casting/metal/iron/nugget_sand_cast[tconstruct:casting_table]'! Falling back to vanilla: Cannot invoke "com.google.gson.JsonElement.getAsString()" because the return value of "com.google.gson.JsonObject.get(String)" is null
[04Oct2025 00:02:08.599] [main/WARN] [KubeJS Server/]: Failed to parse recipe 'tconstruct:smeltery/melting/metal/nickel/coin[tconstruct:melting]'! Falling back to vanilla: Cannot invoke "com.google.gson.JsonElement.getAsString()" because the return value of "com.google.gson.JsonObject.get(String)" is null
[04Oct2025 00:02:08.599] [main/WARN] [KubeJS Server/]: Failed to parse recipe 'tconstruct:smeltery/melting/metal/bronze/plate[tconstruct:melting]'! Falling back to vanilla: Cannot invoke "com.google.gson.JsonElement.getAsString()" because the return value of "com.google.gson.JsonObject.get(String)" is null
[04Oct2025 00:02:08.600] [main/WARN] [KubeJS Server/]: Failed to parse recipe 'tconstruct:smeltery/alloys/molten_pewter[tconstruct:alloy]'! Falling back to vanilla: Cannot invoke "com.google.gson.JsonElement.getAsString()" because the return value of "com.google.gson.JsonObject.get(String)" is null
[04Oct2025 00:02:08.601] [main/WARN] [KubeJS Server/]: Failed to parse recipe 'tconstruct:smeltery/casting/slime/earth/dirt[tconstruct:casting_basin]'! Falling back to vanilla: Cannot invoke "com.google.gson.JsonElement.getAsString()" because the return value of "com.google.gson.JsonObject.get(String)" is null
[04Oct2025 00:02:08.602] [main/WARN] [KubeJS Server/]: Failed to parse recipe 'tconstruct:smeltery/melting/metal/copper/plate[tconstruct:melting]'! Falling back to vanilla: Cannot invoke "com.google.gson.JsonElement.getAsString()" because the return value of "com.google.gson.JsonObject.get(String)" is null
[04Oct2025 00:02:08.603] [main/WARN] [KubeJS Server/]: Failed to parse recipe 'tconstruct:smeltery/casting/metal/nickel/coin_sand_cast[tconstruct:casting_table]'! Falling back to vanilla: Cannot invoke "com.google.gson.JsonElement.getAsString()" because the return value of "com.google.gson.JsonObject.get(String)" is null
[04Oct2025 00:02:08.603] [main/WARN] [KubeJS Server/]: Failed to parse recipe 'tconstruct:smeltery/melting/metal/cobalt/seared_duct[tconstruct:melting]'! Falling back to vanilla: Cannot invoke "com.google.gson.JsonElement.getAsString()" because the return value of "com.google.gson.JsonObject.get(String)" is null
[04Oct2025 00:02:08.604] [main/WARN] [KubeJS Server/]: Failed to parse recipe 'tconstruct:smeltery/casting/slime/ender/congealed[tconstruct:casting_basin]'! Falling back to vanilla: Cannot invoke "com.google.gson.JsonElement.getAsString()" because the return value of "com.google.gson.JsonObject.get(String)" is null
[04Oct2025 00:02:08.607] [main/WARN] [KubeJS Server/]: Failed to parse recipe 'tconstruct:smeltery/melting/metal/netherite/ingot[tconstruct:melting]'! Falling back to vanilla: Cannot invoke "com.google.gson.JsonElement.getAsString()" because the return value of "com.google.gson.JsonObject.get(String)" is null
[04Oct2025 00:02:08.612] [main/WARN] [KubeJS Server/]: Failed to parse recipe 'tconstruct:smeltery/casting/seared/cobble/block[tconstruct:casting_basin]'! Falling back to vanilla: Cannot invoke "com.google.gson.JsonElement.getAsString()" because the return value of "com.google.gson.JsonObject.get(String)" is null
[04Oct2025 00:02:08.613] [main/WARN] [KubeJS Server/]: Failed to parse recipe 'tconstruct:smeltery/casting/metal/steel/rod_gold_cast[tconstruct:casting_table]'! Falling back to vanilla: Cannot invoke "com.google.gson.JsonElement.getAsString()" because the return value of "com.google.gson.JsonObject.get(String)" is null
[04Oct2025 00:02:08.613] [main/WARN] [KubeJS Server/]: Failed to parse recipe 'tconstruct:smeltery/melting/metal/platinum/ingot[tconstruct:melting]'! Falling back to vanilla: Cannot invoke "com.google.gson.JsonElement.getAsString()" because the return value of "com.google.gson.JsonObject.get(String)" is null
[04Oct2025 00:02:08.614] [main/WARN] [KubeJS Server/]: Failed to parse recipe 'mekanism:separator/water[mekanism:separating]'! Falling back to vanilla: Cannot invoke "com.google.gson.JsonElement.getAsString()" because the return value of "com.google.gson.JsonObject.get(String)" is null
[04Oct2025 00:02:08.618] [main/WARN] [KubeJS Server/]: Failed to parse recipe 'tconstruct:smeltery/casting/metal/uranium/ingot_sand_cast[tconstruct:casting_table]'! Falling back to vanilla: Cannot invoke "com.google.gson.JsonElement.getAsString()" because the return value of "com.google.gson.JsonObject.get(String)" is null
[04Oct2025 00:02:08.618] [main/WARN] [KubeJS Server/]: Failed to parse recipe 'tconstruct:smeltery/casting/metal/gold/nugget_sand_cast[tconstruct:casting_table]'! Falling back to vanilla: Cannot invoke "com.google.gson.JsonElement.getAsString()" because the return value of "com.google.gson.JsonObject.get(String)" is null
[04Oct2025 00:02:08.619] [main/WARN] [KubeJS Server/]: Failed to parse recipe 'tconstruct:smeltery/casting/metal/rose_gold/nugget_gold_cast[tconstruct:casting_table]'! Falling back to vanilla: Cannot invoke "com.google.gson.JsonElement.getAsString()" because the return value of "com.google.gson.JsonObject.get(String)" is null
[04Oct2025 00:02:08.620] [main/WARN] [KubeJS Server/]: Failed to parse recipe 'tconstruct:smeltery/casting/metal/signalum/coin_gold_cast[tconstruct:casting_table]'! Falling back to vanilla: Cannot invoke "com.google.gson.JsonElement.getAsString()" because the return value of "com.google.gson.JsonObject.get(String)" is null
[04Oct2025 00:02:08.622] [main/WARN] [KubeJS Server/]: Failed to parse recipe 'tconstruct:smeltery/melting/metal/uranium/ingot[tconstruct:melting]'! Falling back to vanilla: Cannot invoke "com.google.gson.JsonElement.getAsString()" because the return value of "com.google.gson.JsonObject.get(String)" is null
[04Oct2025 00:02:08.624] [main/WARN] [KubeJS Server/]: Failed to parse recipe 'tconstruct:smeltery/casting/metal/gold/apple[tconstruct:casting_table]'! Falling back to vanilla: Cannot invoke "com.google.gson.JsonElement.getAsString()" because the return value of "com.google.gson.JsonObject.get(String)" is null
[04Oct2025 00:02:08.631] [main/WARN] [KubeJS Server/]: Failed to parse recipe 'tconstruct:smeltery/melting/metal/refined_glowstone/nugget[tconstruct:melting]'! Falling back to vanilla: Cannot invoke "com.google.gson.JsonElement.getAsString()" because the return value of "com.google.gson.JsonObject.get(String)" is null
[04Oct2025 00:02:08.632] [main/WARN] [KubeJS Server/]: Failed to parse recipe 'tconstruct:smeltery/casting/bone_purifying[tconstruct:casting_table]'! Falling back to vanilla: Cannot invoke "com.google.gson.JsonElement.getAsString()" because the return value of "com.google.gson.JsonObject.get(String)" is null
[04Oct2025 00:02:08.634] [main/WARN] [KubeJS Server/]: Failed to parse recipe 'tconstruct:smeltery/casting/metal/osmium/ingot_gold_cast[tconstruct:casting_table]'! Falling back to vanilla: Cannot invoke "com.google.gson.JsonElement.getAsString()" because the return value of "com.google.gson.JsonObject.get(String)" is null
[04Oct2025 00:02:08.634] [main/WARN] [KubeJS Server/]: Failed to parse recipe 'tconstruct:smeltery/casting/metal/gold/carrot[tconstruct:casting_table]'! Falling back to vanilla: Cannot invoke "com.google.gson.JsonElement.getAsString()" because the return value of "com.google.gson.JsonObject.get(String)" is null
[04Oct2025 00:02:08.635] [main/WARN] [KubeJS Server/]: Failed to parse recipe 'tconstruct:smeltery/casting/slime/earth/congealed[tconstruct:casting_basin]'! Falling back to vanilla: Cannot invoke "com.google.gson.JsonElement.getAsString()" because the return value of "com.google.gson.JsonObject.get(String)" is null
[04Oct2025 00:02:08.636] [main/WARN] [KubeJS Server/]: Failed to parse recipe 'tconstruct:smeltery/casting/metal/platinum/ingot_gold_cast[tconstruct:casting_table]'! Falling back to vanilla: Cannot invoke "com.google.gson.JsonElement.getAsString()" because the return value of "com.google.gson.JsonObject.get(String)" is null
[04Oct2025 00:02:08.638] [main/WARN] [KubeJS Server/]: Failed to parse recipe 'tconstruct:smeltery/melting/metal/copper/wire[tconstruct:melting]'! Falling back to vanilla: Cannot invoke "com.google.gson.JsonElement.getAsString()" because the return value of "com.google.gson.JsonObject.get(String)" is null
[04Oct2025 00:02:08.639] [main/WARN] [KubeJS Server/]: Failed to parse recipe 'tconstruct:smeltery/casting/blaze/rod_sand_cast[tconstruct:casting_table]'! Falling back to vanilla: Cannot invoke "com.google.gson.JsonElement.getAsString()" because the return value of "com.google.gson.JsonObject.get(String)" is null
[04Oct2025 00:02:08.640] [main/WARN] [KubeJS Server/]: Failed to parse recipe 'tconstruct:smeltery/melting/metal/tin/dust[tconstruct:melting]'! Falling back to vanilla: Cannot invoke "com.google.gson.JsonElement.getAsString()" because the return value of "com.google.gson.JsonObject.get(String)" is null
[04Oct2025 00:02:08.641] [main/WARN] [KubeJS Server/]: Failed to parse recipe 'tconstruct:smeltery/casting/emerald/gear_sand_cast[tconstruct:casting_table]'! Falling back to vanilla: Cannot invoke "com.google.gson.JsonElement.getAsString()" because the return value of "com.google.gson.JsonObject.get(String)" is null
[04Oct2025 00:02:08.644] [main/WARN] [KubeJS Server/]: Failed to parse recipe 'tconstruct:smeltery/melting/metal/amethyst_bronze/nugget[tconstruct:melting]'! Falling back to vanilla: Cannot invoke "com.google.gson.JsonElement.getAsString()" because the return value of "com.google.gson.JsonObject.get(String)" is null
[04Oct2025 00:02:08.644] [main/WARN] [KubeJS Server/]: Failed to parse recipe 'mekanism:reaction/substrate/water_hydrogen[mekanism:reaction]'! Falling back to vanilla: Cannot invoke "com.google.gson.JsonElement.getAsString()" because the return value of "com.google.gson.JsonObject.get(String)" is null
[04Oct2025 00:02:08.646] [main/WARN] [KubeJS Server/]: Failed to parse recipe 'tconstruct:smeltery/casting/metal/silver/plate_sand_cast[tconstruct:casting_table]'! Falling back to vanilla: Cannot invoke "com.google.gson.JsonElement.getAsString()" because the return value of "com.google.gson.JsonObject.get(String)" is null
[04Oct2025 00:02:08.651] [main/WARN] [KubeJS Server/]: Failed to parse recipe 'tconstruct:smeltery/casting/metal/nickel/ingot_gold_cast[tconstruct:casting_table]'! Falling back to vanilla: Cannot invoke "com.google.gson.JsonElement.getAsString()" because the return value of "com.google.gson.JsonObject.get(String)" is null
[04Oct2025 00:02:08.657] [main/WARN] [KubeJS Server/]: Failed to parse recipe 'tconstruct:smeltery/melting/metal/copper/coin[tconstruct:melting]'! Falling back to vanilla: Cannot invoke "com.google.gson.JsonElement.getAsString()" because the return value of "com.google.gson.JsonObject.get(String)" is null
[04Oct2025 00:02:08.659] [main/WARN] [KubeJS Server/]: Failed to parse recipe 'tconstruct:tools/armor/slime_skull/venombone[tconstruct:casting_basin]'! Falling back to vanilla: Cannot invoke "com.google.gson.JsonElement.getAsString()" because the return value of "com.google.gson.JsonObject.get(String)" is null
[04Oct2025 00:02:08.660] [main/WARN] [KubeJS Server/]: Failed to parse recipe 'mekanism:evaporating/lithium[mekanism:evaporating]'! Falling back to vanilla: Cannot invoke "com.google.gson.JsonElement.getAsString()" because the return value of "com.google.gson.JsonObject.get(String)" is null
[04Oct2025 00:02:08.663] [main/WARN] [KubeJS Server/]: Failed to parse recipe 'tconstruct:smeltery/casting/slime/ender/dirt[tconstruct:casting_basin]'! Falling back to vanilla: Cannot invoke "com.google.gson.JsonElement.getAsString()" because the return value of "com.google.gson.JsonObject.get(String)" is null
[04Oct2025 00:02:08.664] [main/WARN] [KubeJS Server/]: Failed to parse recipe 'tconstruct:smeltery/casting/metal/signalum/plate_sand_cast[tconstruct:casting_table]'! Falling back to vanilla: Cannot invoke "com.google.gson.JsonElement.getAsString()" because the return value of "com.google.gson.JsonObject.get(String)" is null
[04Oct2025 00:02:08.664] [main/WARN] [KubeJS Server/]: Failed to parse recipe 'tconstruct:smeltery/casting/quartz/gear_gold_cast[tconstruct:casting_table]'! Falling back to vanilla: Cannot invoke "com.google.gson.JsonElement.getAsString()" because the return value of "com.google.gson.JsonObject.get(String)" is null
[04Oct2025 00:02:08.667] [main/WARN] [KubeJS Server/]: Failed to parse recipe 'tconstruct:smeltery/melting/metal/lumium/block[tconstruct:melting]'! Falling back to vanilla: Cannot invoke "com.google.gson.JsonElement.getAsString()" because the return value of "com.google.gson.JsonObject.get(String)" is null
[04Oct2025 00:02:08.670] [main/WARN] [KubeJS Server/]: Failed to parse recipe 'tconstruct:smeltery/melting/metal/lumium/gear[tconstruct:melting]'! Falling back to vanilla: Cannot invoke "com.google.gson.JsonElement.getAsString()" because the return value of "com.google.gson.JsonObject.get(String)" is null
[04Oct2025 00:02:08.670] [main/WARN] [KubeJS Server/]: Failed to parse recipe 'tconstruct:smeltery/melting/metal/enderium/plate[tconstruct:melting]'! Falling back to vanilla: Cannot invoke "com.google.gson.JsonElement.getAsString()" because the return value of "com.google.gson.JsonObject.get(String)" is null
[04Oct2025 00:02:08.671] [main/WARN] [KubeJS Server/]: Failed to parse recipe 'tconstruct:smeltery/melting/metal/iron/platform[tconstruct:melting]'! Falling back to vanilla: Cannot invoke "com.google.gson.JsonElement.getAsString()" because the return value of "com.google.gson.JsonObject.get(String)" is null
[04Oct2025 00:02:08.673] [main/WARN] [KubeJS Server/]: Failed to parse recipe 'tconstruct:smeltery/casting/obsidian/nahuatl_fence[tconstruct:casting_basin]'! Falling back to vanilla: Cannot invoke "com.google.gson.JsonElement.getAsString()" because the return value of "com.google.gson.JsonObject.get(String)" is null
[04Oct2025 00:02:08.674] [main/WARN] [KubeJS Server/]: Failed to parse recipe 'tconstruct:smeltery/casting/metal/signalum/nugget_gold_cast[tconstruct:casting_table]'! Falling back to vanilla: Cannot invoke "com.google.gson.JsonElement.getAsString()" because the return value of "com.google.gson.JsonObject.get(String)" is null
[04Oct2025 00:02:08.676] [main/WARN] [KubeJS Server/]: Failed to parse recipe 'tconstruct:smeltery/casting/seared/paver[tconstruct:casting_basin]'! Falling back to vanilla: Cannot invoke "com.google.gson.JsonElement.getAsString()" because the return value of "com.google.gson.JsonObject.get(String)" is null
[04Oct2025 00:02:08.677] [main/WARN] [KubeJS Server/]: Failed to parse recipe 'tconstruct:smeltery/melting/metal/copper/gauge[tconstruct:melting]'! Falling back to vanilla: Cannot invoke "com.google.gson.JsonElement.getAsString()" because the return value of "com.google.gson.JsonObject.get(String)" is null
[04Oct2025 00:02:08.678] [main/WARN] [KubeJS Server/]: Failed to parse recipe 'tconstruct:smeltery/casting/water/splash[tconstruct:casting_table]'! Falling back to vanilla: Cannot invoke "com.google.gson.JsonElement.getAsString()" because the return value of "com.google.gson.JsonObject.get(String)" is null
[04Oct2025 00:02:08.679] [main/WARN] [KubeJS Server/]: Failed to parse recipe 'tconstruct:smeltery/casting/metal/electrum/gear_sand_cast[tconstruct:casting_table]'! Falling back to vanilla: Cannot invoke "com.google.gson.JsonElement.getAsString()" because the return value of "com.google.gson.JsonObject.get(String)" is null
[04Oct2025 00:02:08.680] [main/WARN] [KubeJS Server/]: Failed to parse recipe 'tconstruct:smeltery/alloys/molten_amethyst_bronze[tconstruct:alloy]'! Falling back to vanilla: Cannot invoke "com.google.gson.JsonElement.getAsString()" because the return value of "com.google.gson.JsonObject.get(String)" is null
[04Oct2025 00:02:08.681] [main/WARN] [KubeJS Server/]: Failed to parse recipe 'tconstruct:smeltery/casting/metal/iron/block[tconstruct:casting_basin]'! Falling back to vanilla: Cannot invoke "com.google.gson.JsonElement.getAsString()" because the return value of "com.google.gson.JsonObject.get(String)" is null
[04Oct2025 00:02:08.682] [main/WARN] [KubeJS Server/]: Failed to parse recipe 'tconstruct:smeltery/casting/seared/brick_gold_cast[tconstruct:casting_table]'! Falling back to vanilla: Cannot invoke "com.google.gson.JsonElement.getAsString()" because the return value of "com.google.gson.JsonObject.get(String)" is null
[04Oct2025 00:02:08.683] [main/WARN] [KubeJS Server/]: Failed to parse recipe 'tconstruct:smeltery/melting/metal/refined_obsidian/nugget[tconstruct:melting]'! Falling back to vanilla: Cannot invoke "com.google.gson.JsonElement.getAsString()" because the return value of "com.google.gson.JsonObject.get(String)" is null
[04Oct2025 00:02:08.685] [main/WARN] [KubeJS Server/]: Failed to parse recipe 'tconstruct:smeltery/casting/blaze/congealed[tconstruct:casting_basin]'! Falling back to vanilla: Cannot invoke "com.google.gson.JsonElement.getAsString()" because the return value of "com.google.gson.JsonObject.get(String)" is null
[04Oct2025 00:02:08.686] [main/WARN] [KubeJS Server/]: Failed to parse recipe 'tconstruct:smeltery/casting/metal/aluminum/block[tconstruct:casting_basin]'! Falling back to vanilla: Cannot invoke "com.google.gson.JsonElement.getAsString()" because the return value of "com.google.gson.JsonObject.get(String)" is null
[04Oct2025 00:02:08.687] [main/WARN] [KubeJS Server/]: Failed to parse recipe 'tconstruct:smeltery/casting/metal/enderium/nugget_gold_cast[tconstruct:casting_table]'! Falling back to vanilla: Cannot invoke "com.google.gson.JsonElement.getAsString()" because the return value of "com.google.gson.JsonObject.get(String)" is null
[04Oct2025 00:02:08.688] [main/WARN] [KubeJS Server/]: Failed to parse recipe 'tconstruct:smeltery/melting/metal/zinc/plate[tconstruct:melting]'! Falling back to vanilla: Cannot invoke "com.google.gson.JsonElement.getAsString()" because the return value of "com.google.gson.JsonObject.get(String)" is null
[04Oct2025 00:02:08.689] [main/WARN] [KubeJS Server/]: Failed to parse recipe 'tconstruct:smeltery/melting/metal/rose_gold/silky_cloth[tconstruct:melting]'! Falling back to vanilla: Cannot invoke "com.google.gson.JsonElement.getAsString()" because the return value of "com.google.gson.JsonObject.get(String)" is null
[04Oct2025 00:02:08.691] [main/WARN] [KubeJS Server/]: Failed to parse recipe 'mekanism:reaction/wood_gasification/wooden_stairs[mekanism:reaction]'! Falling back to vanilla: Cannot invoke "com.google.gson.JsonElement.getAsString()" because the return value of "com.google.gson.JsonObject.get(String)" is null
[04Oct2025 00:02:08.692] [main/WARN] [KubeJS Server/]: Failed to parse recipe 'tconstruct:smeltery/casting/metal/lumium/plate_gold_cast[tconstruct:casting_table]'! Falling back to vanilla: Cannot invoke "com.google.gson.JsonElement.getAsString()" because the return value of "com.google.gson.JsonObject.get(String)" is null
[04Oct2025 00:02:08.693] [main/WARN] [KubeJS Server/]: Failed to parse recipe 'tconstruct:smeltery/melting/metal/iron/plate[tconstruct:melting]'! Falling back to vanilla: Cannot invoke "com.google.gson.JsonElement.getAsString()" because the return value of "com.google.gson.JsonObject.get(String)" is null
[04Oct2025 00:02:08.694] [main/WARN] [KubeJS Server/]: Failed to parse recipe 'tconstruct:smeltery/casting/metal/constantan/nugget_sand_cast[tconstruct:casting_table]'! Falling back to vanilla: Cannot invoke "com.google.gson.JsonElement.getAsString()" because the return value of "com.google.gson.JsonObject.get(String)" is null
[04Oct2025 00:02:08.696] [main/WARN] [KubeJS Server/]: Failed to parse recipe 'tconstruct:smeltery/melting/metal/amethyst_bronze/ingot[tconstruct:melting]'! Falling back to vanilla: Cannot invoke "com.google.gson.JsonElement.getAsString()" because the return value of "com.google.gson.JsonObject.get(String)" is null
[04Oct2025 00:02:08.697] [main/WARN] [KubeJS Server/]: Failed to parse recipe 'tconstruct:smeltery/melting/metal/lead/nugget[tconstruct:melting]'! Falling back to vanilla: Cannot invoke "com.google.gson.JsonElement.getAsString()" because the return value of "com.google.gson.JsonObject.get(String)" is null
[04Oct2025 00:02:08.698] [main/WARN] [KubeJS Server/]: Failed to parse recipe 'tconstruct:smeltery/casting/metal/lead/ingot_gold_cast[tconstruct:casting_table]'! Falling back to vanilla: Cannot invoke "com.google.gson.JsonElement.getAsString()" because the return value of "com.google.gson.JsonObject.get(String)" is null
[04Oct2025 00:02:08.701] [main/WARN] [KubeJS Server/]: Failed to parse recipe 'tconstruct:smeltery/casting/metal/brass/plate_gold_cast[tconstruct:casting_table]'! Falling back to vanilla: Cannot invoke "com.google.gson.JsonElement.getAsString()" because the return value of "com.google.gson.JsonObject.get(String)" is null
[04Oct2025 00:02:08.702] [main/WARN] [KubeJS Server/]: Failed to parse recipe 'tconstruct:smeltery/melting/metal/refined_glowstone/block[tconstruct:melting]'! Falling back to vanilla: Cannot invoke "com.google.gson.JsonElement.getAsString()" because the return value of "com.google.gson.JsonObject.get(String)" is null
[04Oct2025 00:02:08.703] [main/WARN] [KubeJS Server/]: Failed to parse recipe 'tconstruct:smeltery/melting/metal/osmium/block[tconstruct:melting]'! Falling back to vanilla: Cannot invoke "com.google.gson.JsonElement.getAsString()" because the return value of "com.google.gson.JsonObject.get(String)" is null
[04Oct2025 00:02:08.704] [main/WARN] [KubeJS Server/]: Failed to parse recipe 'mekanism:rotary/brine[mekanism:rotary]'! Falling back to vanilla: Cannot invoke "com.google.gson.JsonElement.getAsString()" because the return value of "com.google.gson.JsonObject.get(String)" is null
[04Oct2025 00:02:08.705] [main/WARN] [KubeJS Server/]: Failed to parse recipe 'tconstruct:smeltery/casting/emerald/gem_sand_cast[tconstruct:casting_table]'! Falling back to vanilla: Cannot invoke "com.google.gson.JsonElement.getAsString()" because the return value of "com.google.gson.JsonObject.get(String)" is null
[04Oct2025 00:02:08.705] [main/WARN] [KubeJS Server/]: Failed to parse recipe 'tconstruct:smeltery/melting/metal/iron/chain[tconstruct:melting]'! Falling back to vanilla: Cannot invoke "com.google.gson.JsonElement.getAsString()" because the return value of "com.google.gson.JsonObject.get(String)" is null
[04Oct2025 00:02:08.706] [main/WARN] [KubeJS Server/]: Failed to parse recipe 'tconstruct:smeltery/casting/metal/nickel/plate_gold_cast[tconstruct:casting_table]'! Falling back to vanilla: Cannot invoke "com.google.gson.JsonElement.getAsString()" because the return value of "com.google.gson.JsonObject.get(String)" is null
[04Oct2025 00:02:08.707] [main/WARN] [KubeJS Server/]: Failed to parse recipe 'mekanism:rotary/lithium[mekanism:rotary]'! Falling back to vanilla: Cannot invoke "com.google.gson.JsonElement.getAsString()" because the return value of "com.google.gson.JsonObject.get(String)" is null
[04Oct2025 00:02:08.708] [main/WARN] [KubeJS Server/]: Failed to parse recipe 'tconstruct:tools/armor/slime_skull/gold[tconstruct:casting_basin]'! Falling back to vanilla: Cannot invoke "com.google.gson.JsonElement.getAsString()" because the return value of "com.google.gson.JsonObject.get(String)" is null
[04Oct2025 00:02:08.709] [main/WARN] [KubeJS Server/]: Failed to parse recipe 'tconstruct:smeltery/melting/metal/copper/cut_block[tconstruct:melting]'! Falling back to vanilla: Cannot invoke "com.google.gson.JsonElement.getAsString()" because the return value of "com.google.gson.JsonObject.get(String)" is null
[04Oct2025 00:02:08.711] [main/WARN] [KubeJS Server/]: Failed to parse recipe 'deeperdarker:resonarium_chestplate_smithing[minecraft:smithing_transform]'! Falling back to vanilla: Ingredient 'template' can't be empty!
[04Oct2025 00:02:08.711] [main/WARN] [KubeJS Server/]: Failed to parse recipe 'tconstruct:smeltery/melting/metal/copper/smeltery_io[tconstruct:melting]'! Falling back to vanilla: Cannot invoke "com.google.gson.JsonElement.getAsString()" because the return value of "com.google.gson.JsonObject.get(String)" is null
[04Oct2025 00:02:08.715] [main/WARN] [KubeJS Server/]: Failed to parse recipe 'tconstruct:smeltery/melting/metal/tin/ingot[tconstruct:melting]'! Falling back to vanilla: Cannot invoke "com.google.gson.JsonElement.getAsString()" because the return value of "com.google.gson.JsonObject.get(String)" is null
[04Oct2025 00:02:08.716] [main/WARN] [KubeJS Server/]: Failed to parse recipe 'deeperdarker:resonarium_shovel_smithing[minecraft:smithing_transform]'! Falling back to vanilla: Ingredient 'template' can't be empty!
[04Oct2025 00:02:08.717] [main/WARN] [KubeJS Server/]: Failed to parse recipe 'tconstruct:smeltery/melting/metal/copper/cut_slab[tconstruct:melting]'! Falling back to vanilla: Cannot invoke "com.google.gson.JsonElement.getAsString()" because the return value of "com.google.gson.JsonObject.get(String)" is null
[04Oct2025 00:02:08.718] [main/WARN] [KubeJS Server/]: Failed to parse recipe 'deeperdarker:resonarium_axe_smithing[minecraft:smithing_transform]'! Falling back to vanilla: Ingredient 'template' can't be empty!
[04Oct2025 00:02:08.719] [main/WARN] [KubeJS Server/]: Failed to parse recipe 'tconstruct:smeltery/casts/gold/plates[tconstruct:casting_table]'! Falling back to vanilla: Cannot invoke "com.google.gson.JsonElement.getAsString()" because the return value of "com.google.gson.JsonObject.get(String)" is null
[04Oct2025 00:02:08.720] [main/WARN] [KubeJS Server/]: Failed to parse recipe 'tconstruct:smeltery/casting/metal/invar/gear_sand_cast[tconstruct:casting_table]'! Falling back to vanilla: Cannot invoke "com.google.gson.JsonElement.getAsString()" because the return value of "com.google.gson.JsonObject.get(String)" is null
[04Oct2025 00:02:08.720] [main/WARN] [KubeJS Server/]: Failed to parse recipe 'tconstruct:smeltery/casting/seared/brick_composite[tconstruct:casting_table]'! Falling back to vanilla: Cannot invoke "com.google.gson.JsonElement.getAsString()" because the return value of "com.google.gson.JsonObject.get(String)" is null
[04Oct2025 00:02:08.721] [main/WARN] [KubeJS Server/]: Failed to parse recipe 'tconstruct:tools/modifiers/seared_reinforcement[tconstruct:casting_table]'! Falling back to vanilla: Array must have size 1, but has size 2
[04Oct2025 00:02:08.722] [main/WARN] [KubeJS Server/]: Failed to parse recipe 'tconstruct:smeltery/melting/metal/uranium/dust[tconstruct:melting]'! Falling back to vanilla: Cannot invoke "com.google.gson.JsonElement.getAsString()" because the return value of "com.google.gson.JsonObject.get(String)" is null
[04Oct2025 00:02:08.725] [main/WARN] [KubeJS Server/]: Failed to parse recipe 'tconstruct:smeltery/casting/metal/uranium/nugget_sand_cast[tconstruct:casting_table]'! Falling back to vanilla: Cannot invoke "com.google.gson.JsonElement.getAsString()" because the return value of "com.google.gson.JsonObject.get(String)" is null
[04Oct2025 00:02:08.725] [main/WARN] [KubeJS Server/]: Failed to parse recipe 'tconstruct:smeltery/casting/ender/pearl[tconstruct:casting_table]'! Falling back to vanilla: Cannot invoke "com.google.gson.JsonElement.getAsString()" because the return value of "com.google.gson.JsonObject.get(String)" is null
[04Oct2025 00:02:08.727] [main/WARN] [KubeJS Server/]: Failed to parse recipe 'tconstruct:smeltery/melting/slime/mushroom_stew[tconstruct:melting]'! Falling back to vanilla: Cannot invoke "com.google.gson.JsonElement.getAsString()" because the return value of "com.google.gson.JsonObject.get(String)" is null
[04Oct2025 00:02:08.729] [main/WARN] [KubeJS Server/]: Failed to parse recipe 'tconstruct:smeltery/melting/metal/invar/dust[tconstruct:melting]'! Falling back to vanilla: Cannot invoke "com.google.gson.JsonElement.getAsString()" because the return value of "com.google.gson.JsonObject.get(String)" is null
[04Oct2025 00:02:08.731] [main/WARN] [KubeJS Server/]: Failed to parse recipe 'tconstruct:smeltery/melting/metal/tin/coin[tconstruct:melting]'! Falling back to vanilla: Cannot invoke "com.google.gson.JsonElement.getAsString()" because the return value of "com.google.gson.JsonObject.get(String)" is null
[04Oct2025 00:02:08.732] [main/WARN] [KubeJS Server/]: Failed to parse recipe 'tconstruct:smeltery/melting/metal/gold/reinforcement[tconstruct:melting]'! Falling back to vanilla: Cannot invoke "com.google.gson.JsonElement.getAsString()" because the return value of "com.google.gson.JsonObject.get(String)" is null
[04Oct2025 00:02:08.733] [main/WARN] [KubeJS Server/]: Failed to parse recipe 'tconstruct:smeltery/melting/metal/gold/powered_rail[tconstruct:melting]'! Falling back to vanilla: Cannot invoke "com.google.gson.JsonElement.getAsString()" because the return value of "com.google.gson.JsonObject.get(String)" is null
[04Oct2025 00:02:08.733] [main/WARN] [KubeJS Server/]: Failed to parse recipe 'tconstruct:smeltery/melting/metal/bronze/nugget[tconstruct:melting]'! Falling back to vanilla: Cannot invoke "com.google.gson.JsonElement.getAsString()" because the return value of "com.google.gson.JsonObject.get(String)" is null
[04Oct2025 00:02:08.735] [main/WARN] [KubeJS Server/]: Failed to parse recipe 'mekanismgenerators:rotary/deuterium[mekanism:rotary]'! Falling back to vanilla: Cannot invoke "com.google.gson.JsonElement.getAsString()" because the return value of "com.google.gson.JsonObject.get(String)" is null
[04Oct2025 00:02:08.737] [main/WARN] [KubeJS Server/]: Failed to parse recipe 'tconstruct:smeltery/casting/metal/netherite/plate_gold_cast[tconstruct:casting_table]'! Falling back to vanilla: Cannot invoke "com.google.gson.JsonElement.getAsString()" because the return value of "com.google.gson.JsonObject.get(String)" is null
[04Oct2025 00:02:08.739] [main/WARN] [KubeJS Server/]: Failed to parse recipe 'tconstruct:smeltery/melting/metal/enderium/ingot[tconstruct:melting]'! Falling back to vanilla: Cannot invoke "com.google.gson.JsonElement.getAsString()" because the return value of "com.google.gson.JsonObject.get(String)" is null
[04Oct2025 00:02:08.740] [main/WARN] [KubeJS Server/]: Failed to parse recipe 'tconstruct:smeltery/melting/metal/lead/plate[tconstruct:melting]'! Falling back to vanilla: Cannot invoke "com.google.gson.JsonElement.getAsString()" because the return value of "com.google.gson.JsonObject.get(String)" is null
[04Oct2025 00:02:08.740] [main/WARN] [KubeJS Server/]: Failed to parse recipe 'tconstruct:smeltery/casting/metal/tin/block[tconstruct:casting_basin]'! Falling back to vanilla: Cannot invoke "com.google.gson.JsonElement.getAsString()" because the return value of "com.google.gson.JsonObject.get(String)" is null
[04Oct2025 00:02:08.742] [main/WARN] [KubeJS Server/]: Failed to parse recipe 'tconstruct:smeltery/casting/filling/bottle[tconstruct:casting_table_potion]'! Falling back to vanilla: Cannot invoke "com.google.gson.JsonElement.getAsString()" because the return value of "com.google.gson.JsonObject.get(String)" is null
[04Oct2025 00:02:08.743] [main/WARN] [KubeJS Server/]: Failed to parse recipe 'tconstruct:tools/armor/slime_skull/iron[tconstruct:casting_basin]'! Falling back to vanilla: Cannot invoke "com.google.gson.JsonElement.getAsString()" because the return value of "com.google.gson.JsonObject.get(String)" is null
[04Oct2025 00:02:08.744] [main/WARN] [KubeJS Server/]: Failed to parse recipe 'tconstruct:smeltery/melting/metal/steel/nugget[tconstruct:melting]'! Falling back to vanilla: Cannot invoke "com.google.gson.JsonElement.getAsString()" because the return value of "com.google.gson.JsonObject.get(String)" is null
[04Oct2025 00:02:08.745] [main/WARN] [KubeJS Server/]: Failed to parse recipe 'tconstruct:smeltery/casting/emerald/gem_gold_cast[tconstruct:casting_table]'! Falling back to vanilla: Cannot invoke "com.google.gson.JsonElement.getAsString()" because the return value of "com.google.gson.JsonObject.get(String)" is null
[04Oct2025 00:02:08.746] [main/WARN] [KubeJS Server/]: Failed to parse recipe 'tconstruct:smeltery/melting/metal/netherite/dust[tconstruct:melting]'! Falling back to vanilla: Cannot invoke "com.google.gson.JsonElement.getAsString()" because the return value of "com.google.gson.JsonObject.get(String)" is null
[04Oct2025 00:02:08.747] [main/WARN] [KubeJS Server/]: Failed to parse recipe 'tconstruct:smeltery/casting/metal/copper/coin_gold_cast[tconstruct:casting_table]'! Falling back to vanilla: Cannot invoke "com.google.gson.JsonElement.getAsString()" because the return value of "com.google.gson.JsonObject.get(String)" is null
[04Oct2025 00:02:08.748] [main/WARN] [KubeJS Server/]: Failed to parse recipe 'tconstruct:smeltery/casting/metal/enderium/ingot_sand_cast[tconstruct:casting_table]'! Falling back to vanilla: Cannot invoke "com.google.gson.JsonElement.getAsString()" because the return value of "com.google.gson.JsonObject.get(String)" is null
[04Oct2025 00:02:08.749] [main/WARN] [KubeJS Server/]: Failed to parse recipe 'tconstruct:tools/modifiers/slimesteel_reinforcement[tconstruct:casting_table]'! Falling back to vanilla: Cannot invoke "com.google.gson.JsonElement.getAsString()" because the return value of "com.google.gson.JsonObject.get(String)" is null
[04Oct2025 00:02:08.750] [main/WARN] [KubeJS Server/]: Failed to parse recipe 'tconstruct:smeltery/casting/glass/pane[tconstruct:casting_table]'! Falling back to vanilla: Cannot invoke "com.google.gson.JsonElement.getAsString()" because the return value of "com.google.gson.JsonObject.get(String)" is null
[04Oct2025 00:02:08.751] [main/WARN] [KubeJS Server/]: Failed to parse recipe 'tconstruct:smeltery/casting/metal/constantan/plate_sand_cast[tconstruct:casting_table]'! Falling back to vanilla: Cannot invoke "com.google.gson.JsonElement.getAsString()" because the return value of "com.google.gson.JsonObject.get(String)" is null
[04Oct2025 00:02:08.751] [main/WARN] [KubeJS Server/]: Failed to parse recipe 'tconstruct:smeltery/casts/gold/broad_blade[tconstruct:casting_table]'! Falling back to vanilla: Cannot invoke "com.google.gson.JsonElement.getAsString()" because the return value of "com.google.gson.JsonObject.get(String)" is null
[04Oct2025 00:02:08.752] [main/WARN] [KubeJS Server/]: Failed to parse recipe 'tconstruct:smeltery/casting/metal/amethyst_bronze/block[tconstruct:casting_basin]'! Falling back to vanilla: Cannot invoke "com.google.gson.JsonElement.getAsString()" because the return value of "com.google.gson.JsonObject.get(String)" is null
[04Oct2025 00:02:08.753] [main/WARN] [KubeJS Server/]: Failed to parse recipe 'tconstruct:smeltery/casting/metal/silver/nugget_gold_cast[tconstruct:casting_table]'! Falling back to vanilla: Cannot invoke "com.google.gson.JsonElement.getAsString()" because the return value of "com.google.gson.JsonObject.get(String)" is null
[04Oct2025 00:02:08.754] [main/WARN] [KubeJS Server/]: Failed to parse recipe 'tconstruct:smeltery/melting/metal/gold/pressure_plate[tconstruct:melting]'! Falling back to vanilla: Cannot invoke "com.google.gson.JsonElement.getAsString()" because the return value of "com.google.gson.JsonObject.get(String)" is null
[04Oct2025 00:02:08.755] [main/WARN] [KubeJS Server/]: Failed to parse recipe 'tconstruct:smeltery/melting/metal/brass/plate[tconstruct:melting]'! Falling back to vanilla: Cannot invoke "com.google.gson.JsonElement.getAsString()" because the return value of "com.google.gson.JsonObject.get(String)" is null
[04Oct2025 00:02:08.757] [main/WARN] [KubeJS Server/]: Failed to parse recipe 'tconstruct:smeltery/casts/gold/small_blade[tconstruct:casting_table]'! Falling back to vanilla: Cannot invoke "com.google.gson.JsonElement.getAsString()" because the return value of "com.google.gson.JsonObject.get(String)" is null
[04Oct2025 00:02:08.758] [main/WARN] [KubeJS Server/]: Failed to parse recipe 'tconstruct:smeltery/casting/filling/tipped_arrow[tconstruct:casting_table_potion]'! Falling back to vanilla: Cannot invoke "com.google.gson.JsonElement.getAsString()" because the return value of "com.google.gson.JsonObject.get(String)" is null
[04Oct2025 00:02:08.758] [main/WARN] [KubeJS Server/]: Failed to parse recipe 'tconstruct:smeltery/casting/metal/steel/ingot_sand_cast[tconstruct:casting_table]'! Falling back to vanilla: Cannot invoke "com.google.gson.JsonElement.getAsString()" because the return value of "com.google.gson.JsonObject.get(String)" is null
[04Oct2025 00:02:08.760] [main/WARN] [KubeJS Server/]: Failed to parse recipe 'tconstruct:smeltery/casting/metal/electrum/nugget_gold_cast[tconstruct:casting_table]'! Falling back to vanilla: Cannot invoke "com.google.gson.JsonElement.getAsString()" because the return value of "com.google.gson.JsonObject.get(String)" is null
[04Oct2025 00:02:08.760] [main/WARN] [KubeJS Server/]: Failed to parse recipe 'tconstruct:smeltery/casting/slime/sky/block[tconstruct:casting_basin]'! Falling back to vanilla: Cannot invoke "com.google.gson.JsonElement.getAsString()" because the return value of "com.google.gson.JsonObject.get(String)" is null
[04Oct2025 00:02:08.764] [main/WARN] [KubeJS Server/]: Failed to parse recipe 'mekanism:reaction/wood_gasification/planks[mekanism:reaction]'! Falling back to vanilla: Cannot invoke "com.google.gson.JsonElement.getAsString()" because the return value of "com.google.gson.JsonObject.get(String)" is null
[04Oct2025 00:02:08.765] [main/WARN] [KubeJS Server/]: Failed to parse recipe 'tconstruct:smeltery/casting/amethyst/gem_sand_cast[tconstruct:casting_table]'! Falling back to vanilla: Cannot invoke "com.google.gson.JsonElement.getAsString()" because the return value of "com.google.gson.JsonObject.get(String)" is null
[04Oct2025 00:02:08.766] [main/WARN] [KubeJS Server/]: Failed to parse recipe 'tconstruct:smeltery/melting/metal/hepatizon/ingot[tconstruct:melting]'! Falling back to vanilla: Cannot invoke "com.google.gson.JsonElement.getAsString()" because the return value of "com.google.gson.JsonObject.get(String)" is null
[04Oct2025 00:02:08.767] [main/WARN] [KubeJS Server/]: Failed to parse recipe 'tconstruct:smeltery/casting/seared/brick_sand_cast[tconstruct:casting_table]'! Falling back to vanilla: Cannot invoke "com.google.gson.JsonElement.getAsString()" because the return value of "com.google.gson.JsonObject.get(String)" is null
[04Oct2025 00:02:08.769] [main/WARN] [KubeJS Server/]: Failed to parse recipe 'tconstruct:smeltery/casting/metal/netherite/scrap_sand_cast[tconstruct:casting_table]'! Falling back to vanilla: Cannot invoke "com.google.gson.JsonElement.getAsString()" because the return value of "com.google.gson.JsonObject.get(String)" is null
[04Oct2025 00:02:08.770] [main/WARN] [KubeJS Server/]: Failed to parse recipe 'tconstruct:smeltery/casting/metal/amethyst_bronze/nugget_sand_cast[tconstruct:casting_table]'! Falling back to vanilla: Cannot invoke "com.google.gson.JsonElement.getAsString()" because the return value of "com.google.gson.JsonObject.get(String)" is null
[04Oct2025 00:02:08.771] [main/WARN] [KubeJS Server/]: Failed to parse recipe 'tconstruct:smeltery/casting/metal/electrum/plate_sand_cast[tconstruct:casting_table]'! Falling back to vanilla: Cannot invoke "com.google.gson.JsonElement.getAsString()" because the return value of "com.google.gson.JsonObject.get(String)" is null
[04Oct2025 00:02:08.773] [main/WARN] [KubeJS Server/]: Failed to parse recipe 'tconstruct:smeltery/melting/metal/iron/coin[tconstruct:melting]'! Falling back to vanilla: Cannot invoke "com.google.gson.JsonElement.getAsString()" because the return value of "com.google.gson.JsonObject.get(String)" is null
[04Oct2025 00:02:08.774] [main/WARN] [KubeJS Server/]: Failed to parse recipe 'tconstruct:smeltery/casting/metal/netherite/gear_gold_cast[tconstruct:casting_table]'! Falling back to vanilla: Cannot invoke "com.google.gson.JsonElement.getAsString()" because the return value of "com.google.gson.JsonObject.get(String)" is null
[04Oct2025 00:02:08.774] [main/WARN] [KubeJS Server/]: Failed to parse recipe 'mekanism:reaction/wood_gasification/rods_wooden[mekanism:reaction]'! Falling back to vanilla: Cannot invoke "com.google.gson.JsonElement.getAsString()" because the return value of "com.google.gson.JsonObject.get(String)" is null
[04Oct2025 00:02:08.777] [main/WARN] [KubeJS Server/]: Failed to parse recipe 'tconstruct:smeltery/casting/metal/hepatizon/ingot_sand_cast[tconstruct:casting_table]'! Falling back to vanilla: Cannot invoke "com.google.gson.JsonElement.getAsString()" because the return value of "com.google.gson.JsonObject.get(String)" is null
[04Oct2025 00:02:08.779] [main/WARN] [KubeJS Server/]: Failed to parse recipe 'mekanismgenerators:rotary/fusion_fuel[mekanism:rotary]'! Falling back to vanilla: Cannot invoke "com.google.gson.JsonElement.getAsString()" because the return value of "com.google.gson.JsonObject.get(String)" is null
[04Oct2025 00:02:08.780] [main/WARN] [KubeJS Server/]: Failed to parse recipe 'tconstruct:smeltery/casting/metal/brass/plate_sand_cast[tconstruct:casting_table]'! Falling back to vanilla: Cannot invoke "com.google.gson.JsonElement.getAsString()" because the return value of "com.google.gson.JsonObject.get(String)" is null
[04Oct2025 00:02:08.780] [main/WARN] [KubeJS Server/]: Failed to parse recipe 'tconstruct:smeltery/melting/metal/lumium/ingot[tconstruct:melting]'! Falling back to vanilla: Cannot invoke "com.google.gson.JsonElement.getAsString()" because the return value of "com.google.gson.JsonObject.get(String)" is null
[04Oct2025 00:02:08.781] [main/WARN] [KubeJS Server/]: Failed to parse recipe 'tconstruct:smeltery/casting/metal/electrum/wire_sand_cast[tconstruct:casting_table]'! Falling back to vanilla: Cannot invoke "com.google.gson.JsonElement.getAsString()" because the return value of "com.google.gson.JsonObject.get(String)" is null
[04Oct2025 00:02:08.782] [main/WARN] [KubeJS Server/]: Failed to parse recipe 'tconstruct:smeltery/casting/metal/uranium/nugget_gold_cast[tconstruct:casting_table]'! Falling back to vanilla: Cannot invoke "com.google.gson.JsonElement.getAsString()" because the return value of "com.google.gson.JsonObject.get(String)" is null
[04Oct2025 00:02:08.783] [main/WARN] [KubeJS Server/]: Failed to parse recipe 'tconstruct:smeltery/melting/metal/signalum/plate[tconstruct:melting]'! Falling back to vanilla: Cannot invoke "com.google.gson.JsonElement.getAsString()" because the return value of "com.google.gson.JsonObject.get(String)" is null
[04Oct2025 00:02:08.784] [main/WARN] [KubeJS Server/]: Failed to parse recipe 'tconstruct:smeltery/casting/metal/iron/plate_gold_cast[tconstruct:casting_table]'! Falling back to vanilla: Cannot invoke "com.google.gson.JsonElement.getAsString()" because the return value of "com.google.gson.JsonObject.get(String)" is null
[04Oct2025 00:02:08.785] [main/WARN] [KubeJS Server/]: Failed to parse recipe 'tconstruct:smeltery/casting/slime/earth/block[tconstruct:casting_basin]'! Falling back to vanilla: Cannot invoke "com.google.gson.JsonElement.getAsString()" because the return value of "com.google.gson.JsonObject.get(String)" is null
[04Oct2025 00:02:08.786] [main/WARN] [KubeJS Server/]: Failed to parse recipe 'tconstruct:smeltery/casting/metal/lumium/ingot_sand_cast[tconstruct:casting_table]'! Falling back to vanilla: Cannot invoke "com.google.gson.JsonElement.getAsString()" because the return value of "com.google.gson.JsonObject.get(String)" is null
[04Oct2025 00:02:08.787] [main/WARN] [KubeJS Server/]: Failed to parse recipe 'tconstruct:smeltery/casting/soup/rabbit[tconstruct:casting_table]'! Falling back to vanilla: Cannot invoke "com.google.gson.JsonElement.getAsString()" because the return value of "com.google.gson.JsonObject.get(String)" is null
[04Oct2025 00:02:08.788] [main/WARN] [KubeJS Server/]: Failed to parse recipe 'tconstruct:smeltery/melting/metal/gold/apple[tconstruct:melting]'! Falling back to vanilla: Cannot invoke "com.google.gson.JsonElement.getAsString()" because the return value of "com.google.gson.JsonObject.get(String)" is null
[04Oct2025 00:02:08.790] [main/WARN] [KubeJS Server/]: Failed to parse recipe 'tconstruct:smeltery/casting/metal/slimesteel/ingot_sand_cast[tconstruct:casting_table]'! Falling back to vanilla: Cannot invoke "com.google.gson.JsonElement.getAsString()" because the return value of "com.google.gson.JsonObject.get(String)" is null
[04Oct2025 00:02:08.791] [main/WARN] [KubeJS Server/]: Failed to parse recipe 'tconstruct:smeltery/melting/metal/rose_gold/nugget[tconstruct:melting]'! Falling back to vanilla: Cannot invoke "com.google.gson.JsonElement.getAsString()" because the return value of "com.google.gson.JsonObject.get(String)" is null
[04Oct2025 00:02:08.792] [main/WARN] [KubeJS Server/]: Failed to parse recipe 'tconstruct:smeltery/casting/metal/queens_slime/ingot_sand_cast[tconstruct:casting_table]'! Falling back to vanilla: Cannot invoke "com.google.gson.JsonElement.getAsString()" because the return value of "com.google.gson.JsonObject.get(String)" is null
[04Oct2025 00:02:08.793] [main/WARN] [KubeJS Server/]: Failed to parse recipe 'tconstruct:smeltery/casting/slime/sky/dirt[tconstruct:casting_basin]'! Falling back to vanilla: Cannot invoke "com.google.gson.JsonElement.getAsString()" because the return value of "com.google.gson.JsonObject.get(String)" is null
[04Oct2025 00:02:08.794] [main/WARN] [KubeJS Server/]: Failed to parse recipe 'mekanism:processing/uranium/slurry/clean[mekanism:washing]'! Falling back to vanilla: Cannot invoke "com.google.gson.JsonElement.getAsString()" because the return value of "com.google.gson.JsonObject.get(String)" is null
[04Oct2025 00:02:08.797] [main/WARN] [KubeJS Server/]: Failed to parse recipe 'tconstruct:smeltery/casting/obsidian/block[tconstruct:casting_basin]'! Falling back to vanilla: Cannot invoke "com.google.gson.JsonElement.getAsString()" because the return value of "com.google.gson.JsonObject.get(String)" is null
[04Oct2025 00:02:08.803] [main/WARN] [KubeJS Server/]: Failed to parse recipe 'tconstruct:smeltery/entity_melting/heads/ender_dragon[tconstruct:melting]'! Falling back to vanilla: Cannot invoke "com.google.gson.JsonElement.getAsString()" because the return value of "com.google.gson.JsonObject.get(String)" is null
[04Oct2025 00:02:08.804] [main/WARN] [KubeJS Server/]: Failed to parse recipe 'tconstruct:smeltery/melting/metal/iron/dust[tconstruct:melting]'! Falling back to vanilla: Cannot invoke "com.google.gson.JsonElement.getAsString()" because the return value of "com.google.gson.JsonObject.get(String)" is null
[04Oct2025 00:02:08.806] [main/WARN] [KubeJS Server/]: Failed to parse recipe 'tconstruct:smeltery/melting/metal/invar/ingot[tconstruct:melting]'! Falling back to vanilla: Cannot invoke "com.google.gson.JsonElement.getAsString()" because the return value of "com.google.gson.JsonObject.get(String)" is null
[04Oct2025 00:02:08.813] [main/WARN] [KubeJS Server/]: Failed to parse recipe 'mekanism:reaction/wood_gasification/dusts_wood[mekanism:reaction]'! Falling back to vanilla: Cannot invoke "com.google.gson.JsonElement.getAsString()" because the return value of "com.google.gson.JsonObject.get(String)" is null
[04Oct2025 00:02:08.814] [main/WARN] [KubeJS Server/]: Failed to parse recipe 'mekanism:rotary/uranium_hexafluoride[mekanism:rotary]'! Falling back to vanilla: Cannot invoke "com.google.gson.JsonElement.getAsString()" because the return value of "com.google.gson.JsonObject.get(String)" is null
[04Oct2025 00:02:08.815] [main/WARN] [KubeJS Server/]: Failed to parse recipe 'tconstruct:smeltery/alloys/molten_signalum[tconstruct:alloy]'! Falling back to vanilla: Cannot invoke "com.google.gson.JsonElement.getAsString()" because the return value of "com.google.gson.JsonObject.get(String)" is null
[04Oct2025 00:02:08.817] [main/WARN] [KubeJS Server/]: Failed to parse recipe 'tconstruct:smeltery/casting/metal/refined_glowstone/block[tconstruct:casting_basin]'! Falling back to vanilla: Cannot invoke "com.google.gson.JsonElement.getAsString()" because the return value of "com.google.gson.JsonObject.get(String)" is null
[04Oct2025 00:02:08.818] [main/WARN] [KubeJS Server/]: Failed to parse recipe 'tconstruct:smeltery/melting/metal/iron/bucket[tconstruct:melting]'! Falling back to vanilla: Cannot invoke "com.google.gson.JsonElement.getAsString()" because the return value of "com.google.gson.JsonObject.get(String)" is null
[04Oct2025 00:02:08.820] [main/WARN] [KubeJS Server/]: Failed to parse recipe 'tconstruct:smeltery/casting/emerald/gear_gold_cast[tconstruct:casting_table]'! Falling back to vanilla: Cannot invoke "com.google.gson.JsonElement.getAsString()" because the return value of "com.google.gson.JsonObject.get(String)" is null
[04Oct2025 00:02:08.822] [main/WARN] [KubeJS Server/]: Failed to parse recipe 'tconstruct:smeltery/melting/metal/signalum/dust[tconstruct:melting]'! Falling back to vanilla: Cannot invoke "com.google.gson.JsonElement.getAsString()" because the return value of "com.google.gson.JsonObject.get(String)" is null
[04Oct2025 00:02:08.824] [main/WARN] [KubeJS Server/]: Failed to parse recipe 'tconstruct:smeltery/melting/metal/hepatizon/nugget[tconstruct:melting]'! Falling back to vanilla: Cannot invoke "com.google.gson.JsonElement.getAsString()" because the return value of "com.google.gson.JsonObject.get(String)" is null
[04Oct2025 00:02:08.826] [main/WARN] [KubeJS Server/]: Failed to parse recipe 'mekanism:separator/brine[mekanism:separating]'! Falling back to vanilla: Cannot invoke "com.google.gson.JsonElement.getAsString()" because the return value of "com.google.gson.JsonObject.get(String)" is null
[04Oct2025 00:02:08.829] [main/WARN] [KubeJS Server/]: Failed to parse recipe 'tconstruct:smeltery/casting/metal/uranium/block[tconstruct:casting_basin]'! Falling back to vanilla: Cannot invoke "com.google.gson.JsonElement.getAsString()" because the return value of "com.google.gson.JsonObject.get(String)" is null
[04Oct2025 00:02:08.830] [main/WARN] [KubeJS Server/]: Failed to parse recipe 'tconstruct:smeltery/melting/metal/tin/block[tconstruct:melting]'! Falling back to vanilla: Cannot invoke "com.google.gson.JsonElement.getAsString()" because the return value of "com.google.gson.JsonObject.get(String)" is null
[04Oct2025 00:02:08.832] [main/WARN] [KubeJS Server/]: Failed to parse recipe 'tconstruct:smeltery/melting/metal/uranium/block[tconstruct:melting]'! Falling back to vanilla: Cannot invoke "com.google.gson.JsonElement.getAsString()" because the return value of "com.google.gson.JsonObject.get(String)" is null
[04Oct2025 00:02:08.835] [main/WARN] [KubeJS Server/]: Failed to parse recipe 'tconstruct:smeltery/melting/metal/uranium/nugget[tconstruct:melting]'! Falling back to vanilla: Cannot invoke "com.google.gson.JsonElement.getAsString()" because the return value of "com.google.gson.JsonObject.get(String)" is null
[04Oct2025 00:02:08.837] [main/WARN] [KubeJS Server/]: Failed to parse recipe 'mekanism:processing/iron/slurry/clean[mekanism:washing]'! Falling back to vanilla: Cannot invoke "com.google.gson.JsonElement.getAsString()" because the return value of "com.google.gson.JsonObject.get(String)" is null
[04Oct2025 00:02:08.838] [main/WARN] [KubeJS Server/]: Failed to parse recipe 'tconstruct:smeltery/casting/slime/earth/roots[tconstruct:casting_basin]'! Falling back to vanilla: Cannot invoke "com.google.gson.JsonElement.getAsString()" because the return value of "com.google.gson.JsonObject.get(String)" is null
[04Oct2025 00:02:08.839] [main/WARN] [KubeJS Server/]: Failed to parse recipe 'tconstruct:smeltery/melting/metal/netherite/lodestone[tconstruct:melting]'! Falling back to vanilla: Cannot invoke "com.google.gson.JsonElement.getAsString()" because the return value of "com.google.gson.JsonObject.get(String)" is null
[04Oct2025 00:02:08.840] [main/WARN] [KubeJS Server/]: Failed to parse recipe 'tconstruct:smeltery/casting/seared/cobble/slab[tconstruct:casting_basin]'! Falling back to vanilla: Cannot invoke "com.google.gson.JsonElement.getAsString()" because the return value of "com.google.gson.JsonObject.get(String)" is null
[04Oct2025 00:02:08.841] [main/WARN] [KubeJS Server/]: Failed to parse recipe 'mekanism:evaporating/brine[mekanism:evaporating]'! Falling back to vanilla: Cannot invoke "com.google.gson.JsonElement.getAsString()" because the return value of "com.google.gson.JsonObject.get(String)" is null
[04Oct2025 00:02:08.842] [main/WARN] [KubeJS Server/]: Failed to parse recipe 'tconstruct:tools/armor/slime_skull/copper[tconstruct:casting_basin]'! Falling back to vanilla: Cannot invoke "com.google.gson.JsonElement.getAsString()" because the return value of "com.google.gson.JsonObject.get(String)" is null
[04Oct2025 00:02:08.843] [main/WARN] [KubeJS Server/]: Failed to parse recipe 'tconstruct:compat/create/andesite_alloy_iron[tconstruct:casting_basin]'! Falling back to vanilla: Cannot invoke "com.google.gson.JsonElement.getAsString()" because the return value of "com.google.gson.JsonObject.get(String)" is null
[04Oct2025 00:02:08.845] [main/WARN] [KubeJS Server/]: Failed to parse recipe 'tconstruct:smeltery/melting/metal/nickel/plate[tconstruct:melting]'! Falling back to vanilla: Cannot invoke "com.google.gson.JsonElement.getAsString()" because the return value of "com.google.gson.JsonObject.get(String)" is null
[04Oct2025 00:02:08.847] [main/WARN] [KubeJS Server/]: Failed to parse recipe 'tconstruct:smeltery/casting/metal/manyullyn/nugget_gold_cast[tconstruct:casting_table]'! Falling back to vanilla: Cannot invoke "com.google.gson.JsonElement.getAsString()" because the return value of "com.google.gson.JsonObject.get(String)" is null
[04Oct2025 00:02:08.848] [main/WARN] [KubeJS Server/]: Failed to parse recipe 'tconstruct:smeltery/casting/metal/queens_slime/ingot_gold_cast[tconstruct:casting_table]'! Falling back to vanilla: Cannot invoke "com.google.gson.JsonElement.getAsString()" because the return value of "com.google.gson.JsonObject.get(String)" is null
[04Oct2025 00:02:08.849] [main/WARN] [KubeJS Server/]: Failed to parse recipe 'tconstruct:smeltery/melting/metal/cobalt/platform[tconstruct:melting]'! Falling back to vanilla: Cannot invoke "com.google.gson.JsonElement.getAsString()" because the return value of "com.google.gson.JsonObject.get(String)" is null
[04Oct2025 00:02:08.851] [main/WARN] [KubeJS Server/]: Failed to parse recipe 'tconstruct:smeltery/casting/metal/electrum/coin_gold_cast[tconstruct:casting_table]'! Falling back to vanilla: Cannot invoke "com.google.gson.JsonElement.getAsString()" because the return value of "com.google.gson.JsonObject.get(String)" is null
[04Oct2025 00:02:08.854] [main/WARN] [KubeJS Server/]: Failed to parse recipe 'tconstruct:smeltery/melting/metal/netherite/coin[tconstruct:melting]'! Falling back to vanilla: Cannot invoke "com.google.gson.JsonElement.getAsString()" because the return value of "com.google.gson.JsonObject.get(String)" is null
[04Oct2025 00:02:08.855] [main/WARN] [KubeJS Server/]: Failed to parse recipe 'tconstruct:smeltery/casting/metal/gold/melon[tconstruct:casting_table]'! Falling back to vanilla: Cannot invoke "com.google.gson.JsonElement.getAsString()" because the return value of "com.google.gson.JsonObject.get(String)" is null
[04Oct2025 00:02:08.856] [main/WARN] [KubeJS Server/]: Failed to parse recipe 'tconstruct:tools/armor/slime_skull/rose_gold[tconstruct:casting_basin]'! Falling back to vanilla: Cannot invoke "com.google.gson.JsonElement.getAsString()" because the return value of "com.google.gson.JsonObject.get(String)" is null
[04Oct2025 00:02:08.857] [main/WARN] [KubeJS Server/]: Failed to parse recipe 'mekanism:reaction/substrate/water_ethene[mekanism:reaction]'! Falling back to vanilla: Cannot invoke "com.google.gson.JsonElement.getAsString()" because the return value of "com.google.gson.JsonObject.get(String)" is null
[04Oct2025 00:02:08.863] [main/WARN] [KubeJS Server/]: Failed to parse recipe 'tconstruct:smeltery/casting/metal/constantan/plate_gold_cast[tconstruct:casting_table]'! Falling back to vanilla: Cannot invoke "com.google.gson.JsonElement.getAsString()" because the return value of "com.google.gson.JsonObject.get(String)" is null
[04Oct2025 00:02:08.866] [main/WARN] [KubeJS Server/]: Failed to parse recipe 'tconstruct:smeltery/casting/diamond/gem_sand_cast[tconstruct:casting_table]'! Falling back to vanilla: Cannot invoke "com.google.gson.JsonElement.getAsString()" because the return value of "com.google.gson.JsonObject.get(String)" is null
[04Oct2025 00:02:08.867] [main/WARN] [KubeJS Server/]: Failed to parse recipe 'tconstruct:smeltery/casting/metal/osmium/nugget_sand_cast[tconstruct:casting_table]'! Falling back to vanilla: Cannot invoke "com.google.gson.JsonElement.getAsString()" because the return value of "com.google.gson.JsonObject.get(String)" is null
[04Oct2025 00:02:08.868] [main/WARN] [KubeJS Server/]: Failed to parse recipe 'tconstruct:smeltery/alloys/molten_constantan[tconstruct:alloy]'! Falling back to vanilla: Cannot invoke "com.google.gson.JsonElement.getAsString()" because the return value of "com.google.gson.JsonObject.get(String)" is null
[04Oct2025 00:02:08.869] [main/WARN] [KubeJS Server/]: Failed to parse recipe 'mekanism:rotary/sodium[mekanism:rotary]'! Falling back to vanilla: Cannot invoke "com.google.gson.JsonElement.getAsString()" because the return value of "com.google.gson.JsonObject.get(String)" is null
[04Oct2025 00:02:08.873] [main/WARN] [KubeJS Server/]: Failed to parse recipe 'tconstruct:smeltery/casting/scorched/polished_from_magma[tconstruct:casting_basin]'! Falling back to vanilla: Cannot invoke "com.google.gson.JsonElement.getAsString()" because the return value of "com.google.gson.JsonObject.get(String)" is null
[04Oct2025 00:02:08.874] [main/WARN] [KubeJS Server/]: Failed to parse recipe 'tconstruct:smeltery/casting/metal/netherite/ancient_repair_kit_gold_cast[tconstruct:casting_table]'! Falling back to vanilla: Cannot invoke "com.google.gson.JsonElement.getAsString()" because the return value of "com.google.gson.JsonObject.get(String)" is null
[04Oct2025 00:02:08.875] [main/WARN] [KubeJS Server/]: Failed to parse recipe 'tconstruct:smeltery/melting/metal/constantan/nugget[tconstruct:melting]'! Falling back to vanilla: Cannot invoke "com.google.gson.JsonElement.getAsString()" because the return value of "com.google.gson.JsonObject.get(String)" is null
[04Oct2025 00:02:08.876] [main/WARN] [KubeJS Server/]: Failed to parse recipe 'tconstruct:tools/modifiers/silky_cloth[tconstruct:casting_table]'! Falling back to vanilla: Cannot invoke "com.google.gson.JsonElement.getAsString()" because the return value of "com.google.gson.JsonObject.get(String)" is null
[04Oct2025 00:02:08.877] [main/WARN] [KubeJS Server/]: Failed to parse recipe 'tconstruct:smeltery/casting/metal/gold/coin_sand_cast[tconstruct:casting_table]'! Falling back to vanilla: Cannot invoke "com.google.gson.JsonElement.getAsString()" because the return value of "com.google.gson.JsonObject.get(String)" is null
[04Oct2025 00:02:08.879] [main/WARN] [KubeJS Server/]: Failed to parse recipe 'tconstruct:smeltery/casting/metal/cobalt/ingot_sand_cast[tconstruct:casting_table]'! Falling back to vanilla: Cannot invoke "com.google.gson.JsonElement.getAsString()" because the return value of "com.google.gson.JsonObject.get(String)" is null
[04Oct2025 00:02:08.884] [main/WARN] [KubeJS Server/]: Failed to parse recipe 'mekanism:reaction/wood_gasification/logs[mekanism:reaction]'! Falling back to vanilla: Cannot invoke "com.google.gson.JsonElement.getAsString()" because the return value of "com.google.gson.JsonObject.get(String)" is null
[04Oct2025 00:02:08.886] [main/WARN] [KubeJS Server/]: Failed to parse recipe 'tconstruct:smeltery/melting/metal/enderium/block[tconstruct:melting]'! Falling back to vanilla: Cannot invoke "com.google.gson.JsonElement.getAsString()" because the return value of "com.google.gson.JsonObject.get(String)" is null
[04Oct2025 00:02:08.887] [main/WARN] [KubeJS Server/]: Failed to parse recipe 'tconstruct:smeltery/casting/metal/invar/coin_sand_cast[tconstruct:casting_table]'! Falling back to vanilla: Cannot invoke "com.google.gson.JsonElement.getAsString()" because the return value of "com.google.gson.JsonObject.get(String)" is null
[04Oct2025 00:02:08.888] [main/WARN] [KubeJS Server/]: Failed to parse recipe 'tconstruct:smeltery/casting/metal/lumium/plate_sand_cast[tconstruct:casting_table]'! Falling back to vanilla: Cannot invoke "com.google.gson.JsonElement.getAsString()" because the return value of "com.google.gson.JsonObject.get(String)" is null
[04Oct2025 00:02:08.889] [main/WARN] [KubeJS Server/]: Failed to parse recipe 'tconstruct:smeltery/casts/gold/pick_head[tconstruct:casting_table]'! Falling back to vanilla: Cannot invoke "com.google.gson.JsonElement.getAsString()" because the return value of "com.google.gson.JsonObject.get(String)" is null
[04Oct2025 00:02:08.890] [main/WARN] [KubeJS Server/]: Failed to parse recipe 'tconstruct:smeltery/melting/metal/zinc/ingot[tconstruct:melting]'! Falling back to vanilla: Cannot invoke "com.google.gson.JsonElement.getAsString()" because the return value of "com.google.gson.JsonObject.get(String)" is null
[04Oct2025 00:02:08.895] [main/WARN] [KubeJS Server/]: Failed to parse recipe 'tconstruct:smeltery/melting/metal/cobalt/scorched_duct[tconstruct:melting]'! Falling back to vanilla: Cannot invoke "com.google.gson.JsonElement.getAsString()" because the return value of "com.google.gson.JsonObject.get(String)" is null
[04Oct2025 00:02:08.897] [main/WARN] [KubeJS Server/]: Failed to parse recipe 'tconstruct:smeltery/melting/metal/signalum/block[tconstruct:melting]'! Falling back to vanilla: Cannot invoke "com.google.gson.JsonElement.getAsString()" because the return value of "com.google.gson.JsonObject.get(String)" is null
[04Oct2025 00:02:08.898] [main/WARN] [KubeJS Server/]: Failed to parse recipe 'deeperdarker:resonarium_boots_smithing[minecraft:smithing_transform]'! Falling back to vanilla: Ingredient 'template' can't be empty!
[04Oct2025 00:02:08.899] [main/WARN] [KubeJS Server/]: Failed to parse recipe 'tconstruct:compat/necronium_bone[tconstruct:casting_table]'! Falling back to vanilla: Cannot invoke "com.google.gson.JsonElement.getAsString()" because the return value of "com.google.gson.JsonObject.get(String)" is null
[04Oct2025 00:02:08.901] [main/WARN] [KubeJS Server/]: Failed to parse recipe 'tconstruct:smeltery/melting/slime/earth/congealed[tconstruct:melting]'! Falling back to vanilla: Cannot invoke "com.google.gson.JsonElement.getAsString()" because the return value of "com.google.gson.JsonObject.get(String)" is null
[04Oct2025 00:02:08.903] [main/WARN] [KubeJS Server/]: Failed to parse recipe 'tconstruct:smeltery/casting/metal/lead/coin_gold_cast[tconstruct:casting_table]'! Falling back to vanilla: Cannot invoke "com.google.gson.JsonElement.getAsString()" because the return value of "com.google.gson.JsonObject.get(String)" is null
[04Oct2025 00:02:08.904] [main/WARN] [KubeJS Server/]: Failed to parse recipe 'tconstruct:smeltery/casting/metal/bronze/block[tconstruct:casting_basin]'! Falling back to vanilla: Cannot invoke "com.google.gson.JsonElement.getAsString()" because the return value of "com.google.gson.JsonObject.get(String)" is null
[04Oct2025 00:02:08.905] [main/WARN] [KubeJS Server/]: Failed to parse recipe 'tconstruct:smeltery/casting/metal/refined_glowstone/ingot_sand_cast[tconstruct:casting_table]'! Falling back to vanilla: Cannot invoke "com.google.gson.JsonElement.getAsString()" because the return value of "com.google.gson.JsonObject.get(String)" is null
[04Oct2025 00:02:08.906] [main/WARN] [KubeJS Server/]: Failed to parse recipe 'tconstruct:smeltery/casting/quartz/block[tconstruct:casting_basin]'! Falling back to vanilla: Cannot invoke "com.google.gson.JsonElement.getAsString()" because the return value of "com.google.gson.JsonObject.get(String)" is null
[04Oct2025 00:02:08.908] [main/WARN] [KubeJS Server/]: Failed to parse recipe 'tconstruct:tools/armor/slime_skull/string[tconstruct:casting_basin]'! Falling back to vanilla: Cannot invoke "com.google.gson.JsonElement.getAsString()" because the return value of "com.google.gson.JsonObject.get(String)" is null
[04Oct2025 00:02:08.910] [main/WARN] [KubeJS Server/]: Failed to parse recipe 'tconstruct:smeltery/casting/blaze/rod_gold_cast[tconstruct:casting_table]'! Falling back to vanilla: Cannot invoke "com.google.gson.JsonElement.getAsString()" because the return value of "com.google.gson.JsonObject.get(String)" is null
[04Oct2025 00:02:08.911] [main/WARN] [KubeJS Server/]: Failed to parse recipe 'tconstruct:smeltery/casting/water/mud[tconstruct:casting_basin]'! Falling back to vanilla: Ingredient 'cast' can't be empty!
[04Oct2025 00:02:08.912] [main/WARN] [KubeJS Server/]: Failed to parse recipe 'tconstruct:smeltery/melting/metal/bronze/dust[tconstruct:melting]'! Falling back to vanilla: Cannot invoke "com.google.gson.JsonElement.getAsString()" because the return value of "com.google.gson.JsonObject.get(String)" is null
[04Oct2025 00:02:08.913] [main/WARN] [KubeJS Server/]: Failed to parse recipe 'tconstruct:smeltery/casting/diamond/smithing_template[tconstruct:table_duplication]'! Falling back to vanilla: Cannot invoke "com.google.gson.JsonElement.getAsString()" because the return value of "com.google.gson.JsonObject.get(String)" is null
[04Oct2025 00:02:08.915] [main/WARN] [KubeJS Server/]: Failed to parse recipe 'tconstruct:smeltery/casting/clay/block[tconstruct:casting_basin]'! Falling back to vanilla: Cannot invoke "com.google.gson.JsonElement.getAsString()" because the return value of "com.google.gson.JsonObject.get(String)" is null
[04Oct2025 00:02:08.918] [main/WARN] [KubeJS Server/]: Failed to parse recipe 'tconstruct:tools/modifiers/gold_reinforcement[tconstruct:casting_table]'! Falling back to vanilla: Cannot invoke "com.google.gson.JsonElement.getAsString()" because the return value of "com.google.gson.JsonObject.get(String)" is null
[04Oct2025 00:02:08.919] [main/WARN] [KubeJS Server/]: Failed to parse recipe 'tconstruct:smeltery/casting/seared/glass_pane_soul[tconstruct:casting_table]'! Falling back to vanilla: Cannot invoke "com.google.gson.JsonElement.getAsString()" because the return value of "com.google.gson.JsonObject.get(String)" is null
[04Oct2025 00:02:08.924] [main/WARN] [KubeJS Server/]: Failed to parse recipe 'tconstruct:smeltery/casting/metal/rose_gold/nugget_sand_cast[tconstruct:casting_table]'! Falling back to vanilla: Cannot invoke "com.google.gson.JsonElement.getAsString()" because the return value of "com.google.gson.JsonObject.get(String)" is null
[04Oct2025 00:02:08.926] [main/WARN] [KubeJS Server/]: Failed to parse recipe 'tconstruct:smeltery/casting/seared/stone/block_from_seared[tconstruct:casting_basin]'! Falling back to vanilla: Cannot invoke "com.google.gson.JsonElement.getAsString()" because the return value of "com.google.gson.JsonObject.get(String)" is null
[04Oct2025 00:02:08.929] [main/WARN] [KubeJS Server/]: Failed to parse recipe 'tconstruct:smeltery/casting/metal/iron/coin_gold_cast[tconstruct:casting_table]'! Falling back to vanilla: Cannot invoke "com.google.gson.JsonElement.getAsString()" because the return value of "com.google.gson.JsonObject.get(String)" is null
[04Oct2025 00:02:08.929] [main/WARN] [KubeJS Server/]: Failed to parse recipe 'tconstruct:smeltery/melting/metal/invar/coin[tconstruct:melting]'! Falling back to vanilla: Cannot invoke "com.google.gson.JsonElement.getAsString()" because the return value of "com.google.gson.JsonObject.get(String)" is null
[04Oct2025 00:02:08.931] [main/WARN] [KubeJS Server/]: Failed to parse recipe 'tconstruct:tools/armor/slime_boots[tconstruct:casting_basin]'! Falling back to vanilla: Cannot invoke "com.google.gson.JsonElement.getAsString()" because the return value of "com.google.gson.JsonObject.get(String)" is null
[04Oct2025 00:02:08.932] [main/WARN] [KubeJS Server/]: Failed to parse recipe 'tconstruct:smeltery/melting/metal/copper/can[tconstruct:melting]'! Falling back to vanilla: Cannot invoke "com.google.gson.JsonElement.getAsString()" because the return value of "com.google.gson.JsonObject.get(String)" is null
[04Oct2025 00:02:08.933] [main/WARN] [KubeJS Server/]: Failed to parse recipe 'tconstruct:smeltery/alloys/molten_pig_iron[tconstruct:alloy]'! Falling back to vanilla: Cannot invoke "com.google.gson.JsonElement.getAsString()" because the return value of "com.google.gson.JsonObject.get(String)" is null
[04Oct2025 00:02:08.933] [main/WARN] [KubeJS Server/]: Failed to parse recipe 'tconstruct:smeltery/casting/metal/zinc/nugget_sand_cast[tconstruct:casting_table]'! Falling back to vanilla: Cannot invoke "com.google.gson.JsonElement.getAsString()" because the return value of "com.google.gson.JsonObject.get(String)" is null
[04Oct2025 00:02:08.935] [main/WARN] [KubeJS Server/]: Failed to parse recipe 'tconstruct:smeltery/casts/gold/tough_binding[tconstruct:casting_table]'! Falling back to vanilla: Cannot invoke "com.google.gson.JsonElement.getAsString()" because the return value of "com.google.gson.JsonObject.get(String)" is null
[04Oct2025 00:02:08.936] [main/WARN] [KubeJS Server/]: Failed to parse recipe 'tconstruct:smeltery/casting/water/lingering[tconstruct:casting_table]'! Falling back to vanilla: Cannot invoke "com.google.gson.JsonElement.getAsString()" because the return value of "com.google.gson.JsonObject.get(String)" is null
[04Oct2025 00:02:08.937] [main/WARN] [KubeJS Server/]: Failed to parse recipe 'tconstruct:smeltery/casting/metal/aluminum/nugget_gold_cast[tconstruct:casting_table]'! Falling back to vanilla: Cannot invoke "com.google.gson.JsonElement.getAsString()" because the return value of "com.google.gson.JsonObject.get(String)" is null
[04Oct2025 00:02:08.938] [main/WARN] [KubeJS Server/]: Failed to parse recipe 'tconstruct:compat/create/andesite_alloy_zinc[tconstruct:casting_basin]'! Falling back to vanilla: Cannot invoke "com.google.gson.JsonElement.getAsString()" because the return value of "com.google.gson.JsonObject.get(String)" is null
[04Oct2025 00:02:08.943] [main/WARN] [KubeJS Server/]: Failed to parse recipe 'tconstruct:smeltery/casting/metal/iron/nugget_gold_cast[tconstruct:casting_table]'! Falling back to vanilla: Cannot invoke "com.google.gson.JsonElement.getAsString()" because the return value of "com.google.gson.JsonObject.get(String)" is null
[04Oct2025 00:02:08.946] [main/WARN] [KubeJS Server/]: Failed to parse recipe 'tconstruct:smeltery/melting/metal/nickel/block[tconstruct:melting]'! Falling back to vanilla: Cannot invoke "com.google.gson.JsonElement.getAsString()" because the return value of "com.google.gson.JsonObject.get(String)" is null
[04Oct2025 00:02:08.948] [main/WARN] [KubeJS Server/]: Failed to parse recipe 'tconstruct:smeltery/casting/metal/enderium/plate_sand_cast[tconstruct:casting_table]'! Falling back to vanilla: Cannot invoke "com.google.gson.JsonElement.getAsString()" because the return value of "com.google.gson.JsonObject.get(String)" is null
[04Oct2025 00:02:08.949] [main/WARN] [KubeJS Server/]: Failed to parse recipe 'tconstruct:smeltery/casting/metal/pig_iron/ingot_sand_cast[tconstruct:casting_table]'! Falling back to vanilla: Cannot invoke "com.google.gson.JsonElement.getAsString()" because the return value of "com.google.gson.JsonObject.get(String)" is null
[04Oct2025 00:02:08.950] [main/WARN] [KubeJS Server/]: Failed to parse recipe 'tconstruct:smeltery/casting/metal/gold/plate_sand_cast[tconstruct:casting_table]'! Falling back to vanilla: Cannot invoke "com.google.gson.JsonElement.getAsString()" because the return value of "com.google.gson.JsonObject.get(String)" is null
[04Oct2025 00:02:08.952] [main/WARN] [KubeJS Server/]: Failed to parse recipe 'tconstruct:smeltery/casting/metal/silver/gear_sand_cast[tconstruct:casting_table]'! Falling back to vanilla: Cannot invoke "com.google.gson.JsonElement.getAsString()" because the return value of "com.google.gson.JsonObject.get(String)" is null
[04Oct2025 00:02:08.954] [main/WARN] [KubeJS Server/]: Failed to parse recipe 'tconstruct:smeltery/casting/metal/steel/rod_sand_cast[tconstruct:casting_table]'! Falling back to vanilla: Cannot invoke "com.google.gson.JsonElement.getAsString()" because the return value of "com.google.gson.JsonObject.get(String)" is null
[04Oct2025 00:02:08.955] [main/WARN] [KubeJS Server/]: Failed to parse recipe 'tconstruct:smeltery/melting/slime/earth/crystal[tconstruct:melting]'! Falling back to vanilla: Cannot invoke "com.google.gson.JsonElement.getAsString()" because the return value of "com.google.gson.JsonObject.get(String)" is null
[04Oct2025 00:02:08.955] [main/WARN] [KubeJS Server/]: Failed to parse recipe 'tconstruct:smeltery/casting/metal/manyullyn/ingot_sand_cast[tconstruct:casting_table]'! Falling back to vanilla: Cannot invoke "com.google.gson.JsonElement.getAsString()" because the return value of "com.google.gson.JsonObject.get(String)" is null
[04Oct2025 00:02:08.956] [main/WARN] [KubeJS Server/]: Failed to parse recipe 'tconstruct:smeltery/casting/metal/copper/nugget_gold_cast[tconstruct:casting_table]'! Falling back to vanilla: Cannot invoke "com.google.gson.JsonElement.getAsString()" because the return value of "com.google.gson.JsonObject.get(String)" is null
[04Oct2025 00:02:08.957] [main/WARN] [KubeJS Server/]: Failed to parse recipe 'tconstruct:smeltery/melting/metal/copper/decorative_block[tconstruct:melting]'! Falling back to vanilla: Cannot invoke "com.google.gson.JsonElement.getAsString()" because the return value of "com.google.gson.JsonObject.get(String)" is null
[04Oct2025 00:02:08.957] [main/WARN] [KubeJS Server/]: Failed to parse recipe 'tconstruct:smeltery/alloys/molten_netherite[tconstruct:alloy]'! Falling back to vanilla: Cannot invoke "com.google.gson.JsonElement.getAsString()" because the return value of "com.google.gson.JsonObject.get(String)" is null
[04Oct2025 00:02:08.958] [main/WARN] [KubeJS Server/]: Failed to parse recipe 'tconstruct:smeltery/casting/metal/iron/lantern[tconstruct:casting_table]'! Falling back to vanilla: Cannot invoke "com.google.gson.JsonElement.getAsString()" because the return value of "com.google.gson.JsonObject.get(String)" is null
[04Oct2025 00:02:08.960] [main/WARN] [KubeJS Server/]: Failed to parse recipe 'tconstruct:smeltery/casting/glass/block[tconstruct:casting_basin]'! Falling back to vanilla: Cannot invoke "com.google.gson.JsonElement.getAsString()" because the return value of "com.google.gson.JsonObject.get(String)" is null
[04Oct2025 00:02:08.961] [main/WARN] [KubeJS Server/]: Failed to parse recipe 'tconstruct:common/mighty_smelting[tconstruct:casting_table]'! Falling back to vanilla: Cannot invoke "com.google.gson.JsonElement.getAsString()" because the return value of "com.google.gson.JsonObject.get(String)" is null
[04Oct2025 00:02:08.963] [main/WARN] [KubeJS Server/]: Failed to parse recipe 'tconstruct:smeltery/melting/metal/netherite/plate[tconstruct:melting]'! Falling back to vanilla: Cannot invoke "com.google.gson.JsonElement.getAsString()" because the return value of "com.google.gson.JsonObject.get(String)" is null
[04Oct2025 00:02:08.964] [main/WARN] [KubeJS Server/]: Failed to parse recipe 'tconstruct:smeltery/casting/metal/rose_gold/ingot_gold_cast[tconstruct:casting_table]'! Falling back to vanilla: Cannot invoke "com.google.gson.JsonElement.getAsString()" because the return value of "com.google.gson.JsonObject.get(String)" is null
[04Oct2025 00:02:08.965] [main/WARN] [KubeJS Server/]: Failed to parse recipe 'tconstruct:smeltery/entity_melting/heads/enderman[tconstruct:melting]'! Falling back to vanilla: Cannot invoke "com.google.gson.JsonElement.getAsString()" because the return value of "com.google.gson.JsonObject.get(String)" is null
[04Oct2025 00:02:08.966] [main/WARN] [KubeJS Server/]: Failed to parse recipe 'tconstruct:smeltery/casting/metal/netherite/coin_sand_cast[tconstruct:casting_table]'! Falling back to vanilla: Cannot invoke "com.google.gson.JsonElement.getAsString()" because the return value of "com.google.gson.JsonObject.get(String)" is null
[04Oct2025 00:02:08.968] [main/WARN] [KubeJS Server/]: Failed to parse recipe 'tconstruct:smeltery/casting/metal/nickel/nugget_gold_cast[tconstruct:casting_table]'! Falling back to vanilla: Cannot invoke "com.google.gson.JsonElement.getAsString()" because the return value of "com.google.gson.JsonObject.get(String)" is null
[04Oct2025 00:02:08.969] [main/WARN] [KubeJS Server/]: Failed to parse recipe 'tconstruct:smeltery/casting/seared/stone/stairs[tconstruct:casting_basin]'! Falling back to vanilla: Cannot invoke "com.google.gson.JsonElement.getAsString()" because the return value of "com.google.gson.JsonObject.get(String)" is null
[04Oct2025 00:02:08.970] [main/WARN] [KubeJS Server/]: Failed to parse recipe 'tconstruct:smeltery/casting/metal/invar/block[tconstruct:casting_basin]'! Falling back to vanilla: Cannot invoke "com.google.gson.JsonElement.getAsString()" because the return value of "com.google.gson.JsonObject.get(String)" is null
[04Oct2025 00:02:08.972] [main/WARN] [KubeJS Server/]: Failed to parse recipe 'tconstruct:smeltery/alloys/molten_lumium[tconstruct:alloy]'! Falling back to vanilla: Cannot invoke "com.google.gson.JsonElement.getAsString()" because the return value of "com.google.gson.JsonObject.get(String)" is null
[04Oct2025 00:02:08.974] [main/WARN] [KubeJS Server/]: Failed to parse recipe 'tconstruct:smeltery/melting/slime/magma/ball[tconstruct:melting]'! Falling back to vanilla: Cannot invoke "com.google.gson.JsonElement.getAsString()" because the return value of "com.google.gson.JsonObject.get(String)" is null
[04Oct2025 00:02:08.975] [main/WARN] [KubeJS Server/]: Failed to parse recipe 'tconstruct:smeltery/casting/metal/queens_slime/block[tconstruct:casting_basin]'! Falling back to vanilla: Cannot invoke "com.google.gson.JsonElement.getAsString()" because the return value of "com.google.gson.JsonObject.get(String)" is null
[04Oct2025 00:02:08.975] [main/WARN] [KubeJS Server/]: Failed to parse recipe 'tconstruct:smeltery/casts/gold/tool_binding[tconstruct:casting_table]'! Falling back to vanilla: Cannot invoke "com.google.gson.JsonElement.getAsString()" because the return value of "com.google.gson.JsonObject.get(String)" is null
[04Oct2025 00:02:08.976] [main/WARN] [KubeJS Server/]: Failed to parse recipe 'tconstruct:smeltery/casting/metal/constantan/gear_sand_cast[tconstruct:casting_table]'! Falling back to vanilla: Cannot invoke "com.google.gson.JsonElement.getAsString()" because the return value of "com.google.gson.JsonObject.get(String)" is null
[04Oct2025 00:02:08.977] [main/WARN] [KubeJS Server/]: Failed to parse recipe 'tconstruct:smeltery/casting/metal/silver/nugget_sand_cast[tconstruct:casting_table]'! Falling back to vanilla: Cannot invoke "com.google.gson.JsonElement.getAsString()" because the return value of "com.google.gson.JsonObject.get(String)" is null
[04Oct2025 00:02:08.978] [main/WARN] [KubeJS Server/]: Failed to parse recipe 'tconstruct:smeltery/casting/venom_bottle[tconstruct:casting_table]'! Falling back to vanilla: Cannot invoke "com.google.gson.JsonElement.getAsString()" because the return value of "com.google.gson.JsonObject.get(String)" is null
[04Oct2025 00:02:08.979] [main/WARN] [KubeJS Server/]: Failed to parse recipe 'tconstruct:smeltery/casting/metal/electrum/nugget_sand_cast[tconstruct:casting_table]'! Falling back to vanilla: Cannot invoke "com.google.gson.JsonElement.getAsString()" because the return value of "com.google.gson.JsonObject.get(String)" is null
[04Oct2025 00:02:08.981] [main/WARN] [KubeJS Server/]: Failed to parse recipe 'tconstruct:smeltery/casting/metal/signalum/plate_gold_cast[tconstruct:casting_table]'! Falling back to vanilla: Cannot invoke "com.google.gson.JsonElement.getAsString()" because the return value of "com.google.gson.JsonObject.get(String)" is null
[04Oct2025 00:02:08.982] [main/WARN] [KubeJS Server/]: Failed to parse recipe 'tconstruct:smeltery/melting/metal/copper/ingot[tconstruct:melting]'! Falling back to vanilla: Cannot invoke "com.google.gson.JsonElement.getAsString()" because the return value of "com.google.gson.JsonObject.get(String)" is null
[04Oct2025 00:02:08.983] [main/WARN] [KubeJS Server/]: Failed to parse recipe 'tconstruct:smeltery/casting/metal/constantan/ingot_sand_cast[tconstruct:casting_table]'! Falling back to vanilla: Cannot invoke "com.google.gson.JsonElement.getAsString()" because the return value of "com.google.gson.JsonObject.get(String)" is null
[04Oct2025 00:02:08.985] [main/WARN] [KubeJS Server/]: Failed to parse recipe 'tconstruct:smeltery/casting/metal/steel/plate_sand_cast[tconstruct:casting_table]'! Falling back to vanilla: Cannot invoke "com.google.gson.JsonElement.getAsString()" because the return value of "com.google.gson.JsonObject.get(String)" is null
[04Oct2025 00:02:08.986] [main/WARN] [KubeJS Server/]: Failed to parse recipe 'tconstruct:smeltery/casting/metal/enderium/block[tconstruct:casting_basin]'! Falling back to vanilla: Cannot invoke "com.google.gson.JsonElement.getAsString()" because the return value of "com.google.gson.JsonObject.get(String)" is null
[04Oct2025 00:02:08.987] [main/WARN] [KubeJS Server/]: Failed to parse recipe 'tconstruct:smeltery/casting/metal/silver/ingot_gold_cast[tconstruct:casting_table]'! Falling back to vanilla: Cannot invoke "com.google.gson.JsonElement.getAsString()" because the return value of "com.google.gson.JsonObject.get(String)" is null
[04Oct2025 00:02:08.988] [main/WARN] [KubeJS Server/]: Failed to parse recipe 'tconstruct:smeltery/casting/metal/constantan/nugget_gold_cast[tconstruct:casting_table]'! Falling back to vanilla: Cannot invoke "com.google.gson.JsonElement.getAsString()" because the return value of "com.google.gson.JsonObject.get(String)" is null
[04Oct2025 00:02:08.989] [main/WARN] [KubeJS Server/]: Failed to parse recipe 'tconstruct:smeltery/melting/metal/enderium/dust[tconstruct:melting]'! Falling back to vanilla: Cannot invoke "com.google.gson.JsonElement.getAsString()" because the return value of "com.google.gson.JsonObject.get(String)" is null
[04Oct2025 00:02:08.990] [main/WARN] [KubeJS Server/]: Failed to parse recipe 'tconstruct:smeltery/casting/metal/enderium/gear_gold_cast[tconstruct:casting_table]'! Falling back to vanilla: Cannot invoke "com.google.gson.JsonElement.getAsString()" because the return value of "com.google.gson.JsonObject.get(String)" is null
[04Oct2025 00:02:08.991] [main/WARN] [KubeJS Server/]: Failed to parse recipe 'tconstruct:smeltery/melting/slime/beetroot_soup[tconstruct:melting]'! Falling back to vanilla: Cannot invoke "com.google.gson.JsonElement.getAsString()" because the return value of "com.google.gson.JsonObject.get(String)" is null
[04Oct2025 00:02:08.992] [main/WARN] [KubeJS Server/]: Failed to parse recipe 'mekanism:processing/tin/slurry/clean[mekanism:washing]'! Falling back to vanilla: Cannot invoke "com.google.gson.JsonElement.getAsString()" because the return value of "com.google.gson.JsonObject.get(String)" is null
[04Oct2025 00:02:08.993] [main/WARN] [KubeJS Server/]: Failed to parse recipe 'tconstruct:smeltery/casting/metal/amethyst_bronze/nugget_gold_cast[tconstruct:casting_table]'! Falling back to vanilla: Cannot invoke "com.google.gson.JsonElement.getAsString()" because the return value of "com.google.gson.JsonObject.get(String)" is null
[04Oct2025 00:02:08.994] [main/WARN] [KubeJS Server/]: Failed to parse recipe 'tconstruct:smeltery/casting/slime/magma_block[tconstruct:casting_basin]'! Falling back to vanilla: Cannot invoke "com.google.gson.JsonElement.getAsString()" because the return value of "com.google.gson.JsonObject.get(String)" is null
[04Oct2025 00:02:08.995] [main/WARN] [KubeJS Server/]: Failed to parse recipe 'tconstruct:smeltery/casting/metal/enderium/nugget_sand_cast[tconstruct:casting_table]'! Falling back to vanilla: Cannot invoke "com.google.gson.JsonElement.getAsString()" because the return value of "com.google.gson.JsonObject.get(String)" is null
[04Oct2025 00:02:08.999] [main/WARN] [KubeJS Server/]: Failed to parse recipe 'tconstruct:smeltery/casting/metal/bronze/gear_sand_cast[tconstruct:casting_table]'! Falling back to vanilla: Cannot invoke "com.google.gson.JsonElement.getAsString()" because the return value of "com.google.gson.JsonObject.get(String)" is null
[04Oct2025 00:02:09.003] [main/WARN] [KubeJS Server/]: Failed to parse recipe 'tconstruct:smeltery/casting/amethyst/gem_gold_cast[tconstruct:casting_table]'! Falling back to vanilla: Cannot invoke "com.google.gson.JsonElement.getAsString()" because the return value of "com.google.gson.JsonObject.get(String)" is null
[04Oct2025 00:02:09.005] [main/WARN] [KubeJS Server/]: Failed to parse recipe 'tconstruct:smeltery/casting/metal/lumium/nugget_gold_cast[tconstruct:casting_table]'! Falling back to vanilla: Cannot invoke "com.google.gson.JsonElement.getAsString()" because the return value of "com.google.gson.JsonObject.get(String)" is null
[04Oct2025 00:02:09.006] [main/WARN] [KubeJS Server/]: Failed to parse recipe 'tconstruct:smeltery/casting/metal/iron/compass[tconstruct:casting_table]'! Falling back to vanilla: Cannot invoke "com.google.gson.JsonElement.getAsString()" because the return value of "com.google.gson.JsonObject.get(String)" is null
[04Oct2025 00:02:09.007] [main/WARN] [KubeJS Server/]: Failed to parse recipe 'tconstruct:smeltery/melting/ender/end_crystal[tconstruct:melting]'! Falling back to vanilla: Cannot invoke "com.google.gson.JsonElement.getAsString()" because the return value of "com.google.gson.JsonObject.get(String)" is null
[04Oct2025 00:02:09.007] [main/WARN] [KubeJS Server/]: Failed to parse recipe 'tconstruct:smeltery/casting/metal/tin/coin_gold_cast[tconstruct:casting_table]'! Falling back to vanilla: Cannot invoke "com.google.gson.JsonElement.getAsString()" because the return value of "com.google.gson.JsonObject.get(String)" is null
[04Oct2025 00:02:09.008] [main/WARN] [KubeJS Server/]: Failed to parse recipe 'tconstruct:smeltery/melting/metal/electrum/gear[tconstruct:melting]'! Falling back to vanilla: Cannot invoke "com.google.gson.JsonElement.getAsString()" because the return value of "com.google.gson.JsonObject.get(String)" is null
[04Oct2025 00:02:09.011] [main/WARN] [KubeJS Server/]: Failed to parse recipe 'tconstruct:smeltery/melting/metal/bronze/coin[tconstruct:melting]'! Falling back to vanilla: Cannot invoke "com.google.gson.JsonElement.getAsString()" because the return value of "com.google.gson.JsonObject.get(String)" is null
[04Oct2025 00:02:09.019] [main/INFO] [KubeJS Server/]: Found 14253 recipes in 1.454 s
[04Oct2025 00:02:09.275] [KubeJS Recipe Event Worker 0/INFO] [STDOUT/]: [earth.terrarium.botarium.common.energy.EnergyApi:finalizeItemRegistration:54]: Finalizing energy item registration
[04Oct2025 00:02:09.277] [KubeJS Recipe Event Worker 0/INFO] [STDOUT/]: [earth.terrarium.botarium.common.fluid.FluidApi:finalizeItemRegistration:55]: Finalizing fluid item registration
[04Oct2025 00:02:09.319] [KubeJS Recipe Event Worker 0/WARN] [com.simibubi.create.Create/]: Your custom createaddition:rolling/electrum_ingot recipe (createaddition:rolling/electrum_ingot) specified a duration. Durations have no impact on this type of recipe.
[04Oct2025 00:02:09.631] [KubeJS Recipe Event Worker 0/WARN] [com.simibubi.create.Create/]: Your custom createaddition:rolling/iron_ingot recipe (createaddition:rolling/iron_ingot) specified a duration. Durations have no impact on this type of recipe.
[04Oct2025 00:02:09.746] [KubeJS Recipe Event Worker 0/WARN] [com.simibubi.create.Create/]: Your custom createaddition:rolling/gold_ingot recipe (createaddition:rolling/gold_ingot) specified a duration. Durations have no impact on this type of recipe.
[04Oct2025 00:02:09.749] [KubeJS Recipe Event Worker 0/WARN] [com.simibubi.create.Create/]: Your custom createaddition:rolling/straw recipe (createaddition:rolling/straw) specified a duration. Durations have no impact on this type of recipe.
[04Oct2025 00:02:09.929] [KubeJS Recipe Event Worker 0/WARN] [com.simibubi.create.Create/]: Your custom createaddition:rolling/copper_plate recipe (createaddition:rolling/copper_plate) specified a duration. Durations have no impact on this type of recipe.
[04Oct2025 00:02:10.065] [KubeJS Recipe Event Worker 0/WARN] [com.simibubi.create.Create/]: Your custom createaddition:rolling/electrum_plate recipe (createaddition:rolling/electrum_plate) specified a duration. Durations have no impact on this type of recipe.
[04Oct2025 00:02:10.137] [KubeJS Recipe Event Worker 0/WARN] [com.simibubi.create.Create/]: Your custom createaddition:rolling/iron_plate recipe (createaddition:rolling/iron_plate) specified a duration. Durations have no impact on this type of recipe.
[04Oct2025 00:02:10.192] [KubeJS Recipe Event Worker 0/WARN] [com.simibubi.create.Create/]: Your custom createaddition:rolling/gold_plate recipe (createaddition:rolling/gold_plate) specified a duration. Durations have no impact on this type of recipe.
[04Oct2025 00:02:10.345] [KubeJS Recipe Event Worker 0/WARN] [com.simibubi.create.Create/]: Your custom createaddition:rolling/brass_ingot recipe (createaddition:rolling/brass_ingot) specified a duration. Durations have no impact on this type of recipe.
[04Oct2025 00:02:10.425] [KubeJS Recipe Event Worker 0/WARN] [com.simibubi.create.Create/]: Your custom createaddition:rolling/copper_ingot recipe (createaddition:rolling/copper_ingot) specified a duration. Durations have no impact on this type of recipe.
[04Oct2025 00:02:13.024] [main/INFO] [KubeJS Server/]: Posted recipe events in 4.004 s
[04Oct2025 00:02:13.091] [KubeJS Recipe Event Worker 0/WARN] [com.simibubi.create.Create/]: Your custom create:compacting recipe (create_ultimate_factory:compacting_coalblock) has more item inputs (12) than supported (9).
[04Oct2025 00:02:13.149] [KubeJS Recipe Event Worker 0/WARN] [com.simibubi.create.Create/]: Your custom create:mixing recipe (createaddition:compat/tconstruct/pig_iron_2) has more item inputs (13) than supported (9).
[04Oct2025 00:02:13.232] [KubeJS Recipe Event Worker 0/WARN] [com.simibubi.create.Create/]: Your custom create:compacting recipe (create_ultimate_factory:compacting_tuff) has more item inputs (16) than supported (9).
[04Oct2025 00:02:13.378] [KubeJS Recipe Event Worker 0/WARN] [com.simibubi.create.Create/]: Your custom create:compacting recipe (create_ultimate_factory:f_compacting_veridium) has more item inputs (17) than supported (9).
[04Oct2025 00:02:13.491] [main/INFO] [Extended Crafting/]: Loaded 19 singularity type(s) in 16 ms
[04Oct2025 00:02:13.492] [main/INFO] [Cucumber Library/]: Registered 19 recipes in 18 ms (KubeJS mode)
[04Oct2025 00:02:13.531] [main/INFO] [KubeJS Server/]: Added 820 recipes, removed 961 recipes, modified 18 recipes, with 0 failed recipes in 500.4 ms
[04Oct2025 00:02:13.532] [main/INFO] [ModernFix/]: Clearing KubeJS recipe lists...
[04Oct2025 00:02:13.953] [main/INFO] [net.minecraft.advancements.AdvancementList/]: Loaded 6513 advancements
[04Oct2025 00:02:13.958] [main/INFO] [net.minecraft.advancements.AdvancementList/]: Loaded 6525 advancements
[04Oct2025 00:02:13.965] [main/INFO] [placebo/]: Registered 0 additional recipes.
[04Oct2025 00:02:13.968] [main/INFO] [atomicstryker.dynamiclights.server.ItemLightLevels/]: Clearing item tag to light level mapping cache
[04Oct2025 00:02:13.992] [main/INFO] [twilightforest/]: Loaded 9 Stalactite configs!
[04Oct2025 00:02:13.999] [main/INFO] [top.theillusivec4.curios.Curios/]: Loaded 13 curio slots
[04Oct2025 00:02:14.004] [main/INFO] [top.theillusivec4.curios.Curios/]: Loaded 1 curio entities
[04Oct2025 00:02:14.027] [main/INFO] [slimeknights.tconstruct.library.materials.definition.MaterialManager/]: Loaded 68 materials in 7.036813 ms
[04Oct2025 00:02:14.033] [main/INFO] [slimeknights.tconstruct.library.materials.definition.MaterialManager/]: Loaded 9 material tags for 52 materials in 5.531557 ms
[04Oct2025 00:02:14.045] [main/INFO] [slimeknights.tconstruct.library.materials.stats.MaterialStatsManager/]: 412 stats loaded for 69 materials in 11.624895 ms
[04Oct2025 00:02:14.058] [main/INFO] [slimeknights.tconstruct.library.materials.traits.MaterialTraitsManager/]: 229 traits loaded for 69 materials in 12.563629 ms
[04Oct2025 00:02:14.180] [main/INFO] [slimeknights.tconstruct.library.modifiers.ModifierManager/]: Loaded 154 dynamic modifiers and 4 modifier redirects in 121.044136 ms
[04Oct2025 00:02:14.189] [main/INFO] [slimeknights.tconstruct.library.modifiers.ModifierManager/]: Loaded 42 modifier tags for 142 modifiers in 9.784332 ms
[04Oct2025 00:02:14.191] [main/INFO] [slimeknights.tconstruct.library.modifiers.ModifierManager/]: Loaded 50 enchantment to modifier mappings in 1.239424 ms
[04Oct2025 00:02:14.198] [main/INFO] [tconstruct/]: Loaded 68 spilling fluids in 6.966009 ms
[04Oct2025 00:02:14.200] [main/INFO] [enderio/]: Data loader for eio_soul/spawner loaded 73 jsons
[04Oct2025 00:02:14.201] [main/INFO] [enderio/]: Data loader for eio_soul/engine loaded 5 jsons
[04Oct2025 00:02:14.203] [main/INFO] [slimeknights.mantle.fluid.transfer.FluidContainerTransferManager/]: Loaded 25 dynamic modifiers in 1.84514 ms
[04Oct2025 00:02:14.223] [main/INFO] [placebo/]: Registered 4 gear_sets.
[04Oct2025 00:02:14.263] [main/INFO] [Gateways to Eternity/]: Registered 7 gateways.
[04Oct2025 00:02:14.279] [main/INFO] [slimeknights.tconstruct.library.tools.definition.ToolDefinitionLoader/]: Loaded 38 tool definitions in 16.037697 ms
[04Oct2025 00:02:14.285] [main/INFO] [slimeknights.tconstruct.library.tools.layout.StationSlotLayoutLoader/]: Loaded 19 station slot layouts in 5.419762 ms
[04Oct2025 00:02:15.249] [main/INFO] [Cucumber Library/]: Loaded cucumber-tags.json in 0 ms
[04Oct2025 00:02:15.261] [main/WARN] [ModernFix/]: Initial datapack load took 19.35 s
[04Oct2025 00:02:15.868] [Server thread/INFO] [net.minecraft.server.dedicated.DedicatedServer/]: Starting minecraft server version 1.20.1
[04Oct2025 00:02:15.869] [Server thread/INFO] [net.minecraft.server.dedicated.DedicatedServer/]: Loading properties
[04Oct2025 00:02:15.869] [Server thread/INFO] [net.minecraft.server.dedicated.DedicatedServer/]: Default game type: SURVIVAL
[04Oct2025 00:02:15.870] [Server thread/INFO] [net.minecraft.server.MinecraftServer/]: Generating keypair
[04Oct2025 00:02:16.417] [Server thread/INFO] [net.minecraft.server.dedicated.DedicatedServer/]: Starting Minecraft server on *:25565
[04Oct2025 00:02:16.478] [Server thread/INFO] [net.minecraft.server.network.ServerConnectionListener/]: Using epoll channel type
[04Oct2025 00:02:16.837] [Server thread/INFO] [journeymap/]: Loading JourneyMap Forge Configs
[04Oct2025 00:02:16.847] [Server thread/INFO] [com.tom.createores.CreateOreExcavation/]: Loaded Create Ore Excavation config file createoreexcavation-server.toml
[04Oct2025 00:02:16.852] [Server thread/INFO] [FluxNetworks/Energy]: Energy blacklist loaded: 1 block entries, 0 item entries
[04Oct2025 00:02:17.579] [Server thread/INFO] [FTB Teams/]: loaded team data: 2 known players, 3 teams total
[04Oct2025 00:02:17.595] [Server thread/INFO] [atomicstryker.dynamiclights.server.modules.PlayerSelfLightSource/]: item config parser identified itemstack 1 torch
[04Oct2025 00:02:17.596] [Server thread/INFO] [atomicstryker.dynamiclights.server.modules.PlayerSelfLightSource/]: item config parser identified itemstack 1 glowstone
[04Oct2025 00:02:17.597] [Server thread/INFO] [atomicstryker.dynamiclights.server.modules.PlayerSelfLightSource/]: item config parser finished, item count: 2
[04Oct2025 00:02:17.597] [Server thread/INFO] [atomicstryker.dynamiclights.server.modules.PlayerSelfLightSource/]: item config parser identified itemstack 1 torch
[04Oct2025 00:02:17.598] [Server thread/INFO] [atomicstryker.dynamiclights.server.modules.PlayerSelfLightSource/]: item config parser finished, item count: 1
[04Oct2025 00:02:17.599] [Server thread/INFO] [atomicstryker.dynamiclights.server.modules.DroppedItemsLightSource/]: item config parser identified itemstack 1 torch
[04Oct2025 00:02:17.601] [Server thread/INFO] [atomicstryker.dynamiclights.server.modules.DroppedItemsLightSource/]: item config parser identified itemstack 1 glowstone
[04Oct2025 00:02:17.602] [Server thread/INFO] [atomicstryker.dynamiclights.server.modules.DroppedItemsLightSource/]: item config parser finished, item count: 2
[04Oct2025 00:02:17.602] [Server thread/INFO] [atomicstryker.dynamiclights.server.modules.DroppedItemsLightSource/]: item config parser identified itemstack 1 torch
[04Oct2025 00:02:17.605] [Server thread/INFO] [atomicstryker.dynamiclights.server.modules.DroppedItemsLightSource/]: item config parser finished, item count: 1
[04Oct2025 00:02:17.628] [Server thread/INFO] [net.minecraft.server.dedicated.DedicatedServer/]: Preparing level "world"
[04Oct2025 00:02:19.033] [Server thread/INFO] [net.minecraft.server.MinecraftServer/]: Preparing start region for dimension minecraft:overworld
[04Oct2025 00:02:19.059] [Server thread/INFO] [KubeJS Server/]: Server resource reload complete!
[04Oct2025 00:02:21.825] [Server thread/INFO] [net.minecraft.server.level.progress.LoggerChunkProgressListener/]: Preparing spawn area: 0%
[04Oct2025 00:02:21.826] [Server thread/INFO] [net.minecraft.server.level.progress.LoggerChunkProgressListener/]: Preparing spawn area: 0%
[04Oct2025 00:02:21.826] [Server thread/INFO] [net.minecraft.server.level.progress.LoggerChunkProgressListener/]: Preparing spawn area: 0%
[04Oct2025 00:02:21.827] [Server thread/INFO] [net.minecraft.server.level.progress.LoggerChunkProgressListener/]: Preparing spawn area: 0%
[04Oct2025 00:02:21.827] [Server thread/INFO] [net.minecraft.server.level.progress.LoggerChunkProgressListener/]: Preparing spawn area: 0%
[04Oct2025 00:02:21.827] [Server thread/INFO] [net.minecraft.server.level.progress.LoggerChunkProgressListener/]: Preparing spawn area: 0%
[04Oct2025 00:02:22.040] [Server thread/INFO] [net.minecraft.server.level.progress.LoggerChunkProgressListener/]: Preparing spawn area: 0%
[04Oct2025 00:02:22.355] [Server thread/INFO] [STDOUT/]: [earth.terrarium.botarium.common.energy.EnergyApi:finalizeBlockRegistration:39]: Finalizing energy block registration
[04Oct2025 00:02:22.357] [Server thread/INFO] [STDOUT/]: [earth.terrarium.botarium.common.fluid.FluidApi:finalizeBlockRegistration:42]: Finalizing fluid block registration
[04Oct2025 00:02:23.127] [Server thread/INFO] [net.minecraft.server.level.progress.LoggerChunkProgressListener/]: Preparing spawn area: 100%
[04Oct2025 00:02:23.128] [Server thread/INFO] [net.minecraft.server.level.progress.LoggerChunkProgressListener/]: Preparing spawn area: 100%
[04Oct2025 00:02:23.543] [Server thread/INFO] [net.minecraft.server.level.progress.LoggerChunkProgressListener/]: Preparing spawn area: 100%
[04Oct2025 00:02:24.041] [Server thread/INFO] [net.minecraft.server.level.progress.LoggerChunkProgressListener/]: Preparing spawn area: 100%
[04Oct2025 00:02:24.556] [Server thread/INFO] [net.minecraft.server.level.progress.LoggerChunkProgressListener/]: Preparing spawn area: 100%
[04Oct2025 00:02:25.040] [Server thread/INFO] [net.minecraft.server.level.progress.LoggerChunkProgressListener/]: Preparing spawn area: 100%
[04Oct2025 00:02:25.226] [Server thread/INFO] [net.minecraft.server.level.progress.LoggerChunkProgressListener/]: Time elapsed: 6187 ms
[04Oct2025 00:02:25.227] [Server thread/INFO] [net.minecraft.server.dedicated.DedicatedServer/]: Done (8.468s)! For help, type "help"
[04Oct2025 00:02:25.388] [Server thread/INFO] [net.minecraftforge.server.permission.PermissionAPI/]: Successfully initialized permission handler forge:default_handler
[04Oct2025 00:02:25.486] [Server thread/INFO] [FTB Quests/]: Loading quests from /home/debian/minecraft/server/config/ftbquests/quests
[04Oct2025 00:02:25.595] [Server thread/INFO] [FTB Quests/]: Loaded 6 chapter groups, 33 chapters, 1001 quests, 0 reward tables
[04Oct2025 00:02:25.914] [Server thread/INFO] [MEGA Cells/]: (Re-)initialised bulk cell compression.
[04Oct2025 00:02:25.917] [Server thread/INFO] [patchouli/]: Sending reload packet to clients
[04Oct2025 00:02:25.920] [Server thread/WARN] [ModernFix/]: Dedicated server took 99.191 seconds to load
[04Oct2025 00:02:28.296] [User Authenticator #1/INFO] [net.minecraft.server.network.ServerLoginPacketListenerImpl/]: UUID of player cxxi121 is 583cd9f0-f476-42bd-bd42-f1edb50ada82
[04Oct2025 00:02:28.702] [Server thread/WARN] [net.minecraft.server.MinecraftServer/]: Can't keep up! Is the server overloaded? Running 2478ms or 49 ticks behind
[04Oct2025 00:02:29.042] [FTB Backups scheduled executor 0/INFO] [net.creeperhost.ftbbackups.FTBBackups/]: More backups than 3 found, Removing oldest backup
[04Oct2025 00:02:29.050] [FTB Backups scheduled executor 0/INFO] [net.creeperhost.ftbbackups.FTBBackups/]: Removed old backup 2025-10-3_22-0-0.zip
[04Oct2025 00:02:29.051] [FTB Backups scheduled executor 0/INFO] [net.creeperhost.ftbbackups.FTBBackups/]: File missing, removing from backups /home/debian/minecraft/server/backups/2025-10-3_22-0-0.zip
[04Oct2025 00:02:29.066] [FTB Backups scheduled executor 0/INFO] [net.creeperhost.ftbbackups.FTBBackups/]: Writing to file /home/debian/minecraft/server/backups/backups.json
[04Oct2025 00:02:34.612] [Server thread/INFO] [net.minecraft.server.players.PlayerList/]: cxxi121[/90.120.218.43:53944] logged in with entity id 579 at (-732.8760954015295, 69.0, -1513.6852827184875)
[04Oct2025 00:02:35.494] [Server thread/INFO] [ModernFix/]: Using enhanced recipe sync for player cxxi121
[04Oct2025 00:02:35.694] [Server thread/INFO] [net.minecraft.server.MinecraftServer/]: cxxi121 joined the game
[04Oct2025 00:02:55.778] [Server thread/WARN] [net.minecraft.server.MinecraftServer/]: Can't keep up! Is the server overloaded? Running 12105ms or 242 ticks behind
[04Oct2025 00:24:01.610] [Server thread/INFO] [net.minecraft.server.MinecraftServer/]: Reloading!
[04Oct2025 00:24:01.916] [Server thread/INFO] [KubeJS/]: Added bindings for script type SERVER from mod 'almostunified': [AlmostUnified]
[04Oct2025 00:24:01.927] [Server thread/INFO] [KubeJS Server/]: Loaded script server_scripts:first_join.js in 0.001 s
[04Oct2025 00:24:01.928] [Server thread/INFO] [KubeJS Server/]: Loaded script server_scripts:mechanics/space_food.js in 0.0 s
[04Oct2025 00:24:01.938] [Server thread/INFO] [KubeJS Server/]: Loaded script server_scripts:recipes/ae2/crafting.js in 0.002 s
[04Oct2025 00:24:01.940] [Server thread/INFO] [KubeJS Server/]: Loaded script server_scripts:recipes/extendedcrafting/combination.js in 0.001 s
[04Oct2025 00:24:01.945] [Server thread/INFO] [KubeJS Server/]: Loaded script server_scripts:recipes/extendedcrafting/crafting.js in 0.004 s
[04Oct2025 00:24:01.960] [Server thread/INFO] [KubeJS Server/]: Loaded script server_scripts:recipes/extendedcrafting/_all.js in 0.005 s
[04Oct2025 00:24:01.964] [Server thread/INFO] [KubeJS Server/]: Loaded script server_scripts:recipes/naturescompass/tools.js in 0.002 s
[04Oct2025 00:24:01.965] [Server thread/INFO] [KubeJS Server/]: Loaded script server_scripts:recipes/structurecompass/tools.js in 0.001 s
[04Oct2025 00:24:01.984] [Server thread/INFO] [KubeJS Server/]: Loaded script server_scripts:recipes/tconstruct/casting_table.js in 0.019 s
[04Oct2025 00:24:01.986] [Server thread/INFO] [KubeJS Server/]: Loaded script server_scripts:recipes/tconstruct/crafting.js in 0.001 s
[04Oct2025 00:24:02.001] [Server thread/INFO] [KubeJS Server/]: Loaded script server_scripts:recipes/tconstruct/melting.js in 0.014 s
[04Oct2025 00:24:02.014] [Server thread/INFO] [KubeJS Server/]: Loaded script server_scripts:recipes/tconstruct/alloying.js in 0.013 s
[04Oct2025 00:24:02.016] [Server thread/INFO] [KubeJS Server/]: Loaded script server_scripts:recipes/tconstruct/modify.js in 0.001 s
[04Oct2025 00:24:02.018] [Server thread/INFO] [KubeJS Server/]: Loaded script server_scripts:recipes/tconstruct/consumables.js in 0.001 s
[04Oct2025 00:24:02.020] [Server thread/INFO] [KubeJS Server/]: Loaded script server_scripts:recipes/tconstruct/casting_basin.js in 0.001 s
[04Oct2025 00:24:02.021] [Server thread/INFO] [KubeJS Server/]: Loaded script server_scripts:recipes/minecraft/smelting.js in 0.001 s
[04Oct2025 00:24:02.036] [Server thread/INFO] [KubeJS Server/]: Loaded script server_scripts:recipes/minecraft/blasting.js in 0.008 s
[04Oct2025 00:24:02.038] [Server thread/INFO] [KubeJS Server/]: Loaded script server_scripts:recipes/minecraft/crafting.js in 0.002 s
[04Oct2025 00:24:02.040] [Server thread/INFO] [KubeJS Server/]: Loaded script server_scripts:recipes/minecraft/stone_cutting.js in 0.0 s
[04Oct2025 00:24:02.041] [Server thread/INFO] [KubeJS Server/]: Loaded script server_scripts:recipes/createdieselgenerators/compression_molding.js in 0.0 s
[04Oct2025 00:24:02.042] [Server thread/INFO] [KubeJS Server/]: Loaded script server_scripts:recipes/createdieselgenerators/crafting.js in 0.001 s
[04Oct2025 00:24:02.043] [Server thread/INFO] [KubeJS Server/]: Loaded script server_scripts:recipes/createdieselgenerators/casting.js in 0.001 s
[04Oct2025 00:24:02.053] [Server thread/INFO] [KubeJS Server/]: Loaded script server_scripts:recipes/createdieselgenerators/bulk_fermenting.js in 0.001 s
[04Oct2025 00:24:02.054] [Server thread/INFO] [KubeJS Server/]: Loaded script server_scripts:recipes/immersive_aircraft/misc.js in 0.0 s
[04Oct2025 00:24:02.054] [Server thread/INFO] [KubeJS Server/]: Loaded script server_scripts:recipes/sleeping_bags/misc.js in 0.0 s
[04Oct2025 00:24:02.055] [Server thread/INFO] [KubeJS Server/]: Loaded script server_scripts:recipes/ftbquests/misc.js in 0.0 s
[04Oct2025 00:24:02.056] [Server thread/INFO] [KubeJS Server/]: Loaded script server_scripts:recipes/remover.js in 0.001 s
[04Oct2025 00:24:02.057] [Server thread/INFO] [KubeJS Server/]: Loaded script server_scripts:recipes/treetap/extracting.js in 0.0 s
[04Oct2025 00:24:02.058] [Server thread/INFO] [KubeJS Server/]: Loaded script server_scripts:recipes/enderio/machines.js in 0.0 s
[04Oct2025 00:24:02.059] [Server thread/INFO] [KubeJS Server/]: Loaded script server_scripts:recipes/enderio/alloy.js in 0.0 s
[04Oct2025 00:24:02.060] [Server thread/INFO] [KubeJS Server/]: Loaded script server_scripts:recipes/enderio/conduits.js in 0.001 s
[04Oct2025 00:24:02.061] [Server thread/INFO] [KubeJS Server/]: Loaded script server_scripts:recipes/enderio/crafting.js in 0.001 s
[04Oct2025 00:24:02.062] [Server thread/INFO] [KubeJS Server/]: Loaded script server_scripts:recipes/enderio/tools.js in 0.001 s
[04Oct2025 00:24:02.072] [Server thread/INFO] [KubeJS Server/]: Loaded script server_scripts:recipes/enderio/gears.js in 0.009 s
[04Oct2025 00:24:02.073] [Server thread/INFO] [KubeJS Server/]: Loaded script server_scripts:recipes/enderio/slicing.js in 0.001 s
[04Oct2025 00:24:02.074] [Server thread/INFO] [KubeJS Server/]: Loaded script server_scripts:recipes/enderio/sag_milling.js in 0.001 s
[04Oct2025 00:24:02.075] [Server thread/INFO] [KubeJS Server/]: Loaded script server_scripts:recipes/enderio/consumables.js in 0.001 s
[04Oct2025 00:24:02.075] [Server thread/INFO] [KubeJS Server/]: Loaded script server_scripts:recipes/create_mechanical_chicken/crafting.js in 0.0 s
[04Oct2025 00:24:02.076] [Server thread/INFO] [KubeJS Server/]: Loaded script server_scripts:recipes/create_mechanical_chicken/compacting.js in 0.0 s
[04Oct2025 00:24:02.078] [Server thread/INFO] [KubeJS Server/]: Loaded script server_scripts:recipes/create/milling.js in 0.002 s
[04Oct2025 00:24:02.138] [Server thread/ERROR] [KubeJS Server/]: 		const processingTime = d => switch(d) {#85: syntax error
[04Oct2025 00:24:02.143] [Server thread/ERROR] [KubeJS Server/]: …rhino.EvaluatorException: syntax error (server_scripts:recipes/create/crushing.js#85)
[04Oct2025 00:24:02.144] [Server thread/ERROR] [KubeJS Server/]:   at …rhino.DefaultErrorReporter.runtimeError(DefaultErrorReporter.java:67)
[04Oct2025 00:24:02.145] [Server thread/ERROR] [KubeJS Server/]:   at …rhino.DefaultErrorReporter.error(DefaultErrorReporter.java:58)
[04Oct2025 00:24:02.145] [Server thread/ERROR] [KubeJS Server/]:   at …rhino.Parser.addError(Parser.java:281)
[04Oct2025 00:24:02.145] [Server thread/ERROR] [KubeJS Server/]:   at …rhino.Parser.reportError(Parser.java:335)
[04Oct2025 00:24:02.146] [Server thread/ERROR] [KubeJS Server/]:   at …rhino.Parser.reportError(Parser.java:326)
[04Oct2025 00:24:02.146] [Server thread/ERROR] [KubeJS Server/]:   at …rhino.Parser.reportError(Parser.java:319)
[04Oct2025 00:24:02.147] [Server thread/ERROR] [KubeJS Server/]:   at …rhino.Parser.primaryExpr(Parser.java:2781)
[04Oct2025 00:24:02.147] [Server thread/ERROR] [KubeJS Server/]:   at …rhino.Parser.memberExpr(Parser.java:2515)
[04Oct2025 00:24:02.151] [Server thread/ERROR] [KubeJS Server/]:   at …rhino.Parser.unaryExpr(Parser.java:2453)
[04Oct2025 00:24:02.152] [Server thread/ERROR] [KubeJS Server/]:   at …rhino.Parser.mulExpr(Parser.java:2396)
[04Oct2025 00:24:02.152] [Server thread/ERROR] [KubeJS Server/]:   at …rhino.Parser.addExpr(Parser.java:2382)
[04Oct2025 00:24:02.152] [Server thread/ERROR] [KubeJS Server/]:   at …rhino.Parser.shiftExpr(Parser.java:2366)
[04Oct2025 00:24:02.153] [Server thread/ERROR] [KubeJS Server/]:   at …rhino.Parser.relExpr(Parser.java:2342)
[04Oct2025 00:24:02.153] [Server thread/ERROR] [KubeJS Server/]:   at …rhino.Parser.eqExpr(Parser.java:2326)
[04Oct2025 00:24:02.153] [Server thread/ERROR] [KubeJS Server/]:   at …rhino.Parser.bitAndExpr(Parser.java:2317)
[04Oct2025 00:24:02.153] [Server thread/ERROR] [KubeJS Server/]:   at …rhino.Parser.bitXorExpr(Parser.java:2308)
[04Oct2025 00:24:02.154] [Server thread/ERROR] [KubeJS Server/]:   at …rhino.Parser.bitOrExpr(Parser.java:2299)
[04Oct2025 00:24:02.154] [Server thread/ERROR] [KubeJS Server/]:   at …rhino.Parser.powExpr(Parser.java:2290)
[04Oct2025 00:24:02.154] [Server thread/ERROR] [KubeJS Server/]:   at …rhino.Parser.andExpr(Parser.java:2281)
[04Oct2025 00:24:02.154] [Server thread/ERROR] [KubeJS Server/]:   at …rhino.Parser.orExpr(Parser.java:2272)
[04Oct2025 00:24:02.155] [Server thread/ERROR] [KubeJS Server/]:   at …rhino.Parser.ncoExpr(Parser.java:2263)
[04Oct2025 00:24:02.155] [Server thread/ERROR] [KubeJS Server/]:   at …rhino.Parser.condExpr(Parser.java:2226)
[04Oct2025 00:24:02.155] [Server thread/ERROR] [KubeJS Server/]:   at …rhino.Parser.assignExpr(Parser.java:2184)
[04Oct2025 00:24:02.155] [Server thread/ERROR] [KubeJS Server/]:   at …rhino.Parser.parseFunctionBody(Parser.java:648)
[04Oct2025 00:24:02.156] [Server thread/ERROR] [KubeJS Server/]:   at …rhino.Parser.arrowFunction(Parser.java:899)
[04Oct2025 00:24:02.156] [Server thread/ERROR] [KubeJS Server/]:   at …rhino.Parser.assignExpr(Parser.java:2220)
[04Oct2025 00:24:02.156] [Server thread/ERROR] [KubeJS Server/]:   at …rhino.Parser.variables(Parser.java:2021)
[04Oct2025 00:24:02.156] [Server thread/ERROR] [KubeJS Server/]:   at …rhino.Parser.statementHelper(Parser.java:1079)
[04Oct2025 00:24:02.163] [Server thread/ERROR] [KubeJS Server/]:   at …rhino.Parser.statement(Parser.java:993)
[04Oct2025 00:24:02.164] [Server thread/ERROR] [KubeJS Server/]:   at …rhino.Parser.parseFunctionBody(Parser.java:676)
[04Oct2025 00:24:02.164] [Server thread/ERROR] [KubeJS Server/]:   at …rhino.Parser.arrowFunction(Parser.java:899)
[04Oct2025 00:24:02.171] [Server thread/ERROR] [KubeJS Server/]:   at …rhino.Parser.assignExpr(Parser.java:2220)
[04Oct2025 00:24:02.171] [Server thread/ERROR] [KubeJS Server/]:   at …rhino.Parser.argumentList(Parser.java:2485)
[04Oct2025 00:24:02.172] [Server thread/ERROR] [KubeJS Server/]:   at …rhino.Parser.memberExprTail(Parser.java:2613)
[04Oct2025 00:24:02.172] [Server thread/ERROR] [KubeJS Server/]:   at …rhino.Parser.memberExpr(Parser.java:2553)
[04Oct2025 00:24:02.172] [Server thread/ERROR] [KubeJS Server/]:   at …rhino.Parser.unaryExpr(Parser.java:2453)
[04Oct2025 00:24:02.172] [Server thread/ERROR] [KubeJS Server/]:   at …rhino.Parser.mulExpr(Parser.java:2396)
[04Oct2025 00:24:02.173] [Server thread/ERROR] [KubeJS Server/]:   at …rhino.Parser.addExpr(Parser.java:2382)
[04Oct2025 00:24:02.173] [Server thread/ERROR] [KubeJS Server/]:   at …rhino.Parser.shiftExpr(Parser.java:2366)
[04Oct2025 00:24:02.173] [Server thread/ERROR] [KubeJS Server/]:   at …rhino.Parser.relExpr(Parser.java:2342)
[04Oct2025 00:24:02.173] [Server thread/ERROR] [KubeJS Server/]:   at …rhino.Parser.eqExpr(Parser.java:2326)
[04Oct2025 00:24:02.174] [Server thread/ERROR] [KubeJS Server/]:   at …rhino.Parser.bitAndExpr(Parser.java:2317)
[04Oct2025 00:24:02.174] [Server thread/ERROR] [KubeJS Server/]:   at …rhino.Parser.bitXorExpr(Parser.java:2308)
[04Oct2025 00:24:02.174] [Server thread/ERROR] [KubeJS Server/]:   at …rhino.Parser.bitOrExpr(Parser.java:2299)
[04Oct2025 00:24:02.174] [Server thread/ERROR] [KubeJS Server/]:   at …rhino.Parser.powExpr(Parser.java:2290)
[04Oct2025 00:24:02.175] [Server thread/ERROR] [KubeJS Server/]:   at …rhino.Parser.andExpr(Parser.java:2281)
[04Oct2025 00:24:02.175] [Server thread/ERROR] [KubeJS Server/]:   at …rhino.Parser.orExpr(Parser.java:2272)
[04Oct2025 00:24:02.175] [Server thread/ERROR] [KubeJS Server/]:   at …rhino.Parser.ncoExpr(Parser.java:2263)
[04Oct2025 00:24:02.175] [Server thread/ERROR] [KubeJS Server/]:   at …rhino.Parser.condExpr(Parser.java:2226)
[04Oct2025 00:24:02.175] [Server thread/ERROR] [KubeJS Server/]:   at …rhino.Parser.assignExpr(Parser.java:2184)
[04Oct2025 00:24:02.176] [Server thread/ERROR] [KubeJS Server/]:   at …rhino.Parser.expr(Parser.java:2164)
[04Oct2025 00:24:02.176] [Server thread/ERROR] [KubeJS Server/]:   at …rhino.Parser.nameOrLabel(Parser.java:1914)
[04Oct2025 00:24:02.176] [Server thread/ERROR] [KubeJS Server/]:   at …rhino.Parser.statementHelper(Parser.java:1114)
[04Oct2025 00:24:02.176] [Server thread/ERROR] [KubeJS Server/]:   at …rhino.Parser.statement(Parser.java:993)
[04Oct2025 00:24:02.177] [Server thread/ERROR] [KubeJS Server/]:   at …rhino.Parser.parseFunctionBody(Parser.java:676)
[04Oct2025 00:24:02.177] [Server thread/ERROR] [KubeJS Server/]:   at …rhino.Parser.arrowFunction(Parser.java:899)
[04Oct2025 00:24:02.177] [Server thread/ERROR] [KubeJS Server/]:   at …rhino.Parser.assignExpr(Parser.java:2220)
[04Oct2025 00:24:02.177] [Server thread/ERROR] [KubeJS Server/]:   at …rhino.Parser.argumentList(Parser.java:2485)
[04Oct2025 00:24:02.178] [Server thread/ERROR] [KubeJS Server/]:   at …rhino.Parser.memberExprTail(Parser.java:2613)
[04Oct2025 00:24:02.178] [Server thread/ERROR] [KubeJS Server/]:   at …rhino.Parser.memberExpr(Parser.java:2553)
[04Oct2025 00:24:02.178] [Server thread/ERROR] [KubeJS Server/]:   at …rhino.Parser.unaryExpr(Parser.java:2453)
[04Oct2025 00:24:02.178] [Server thread/ERROR] [KubeJS Server/]:   at …rhino.Parser.mulExpr(Parser.java:2396)
[04Oct2025 00:24:02.179] [Server thread/ERROR] [KubeJS Server/]:   at …rhino.Parser.addExpr(Parser.java:2382)
[04Oct2025 00:24:02.179] [Server thread/ERROR] [KubeJS Server/]:   at …rhino.Parser.shiftExpr(Parser.java:2366)
[04Oct2025 00:24:02.179] [Server thread/ERROR] [KubeJS Server/]:   at …rhino.Parser.relExpr(Parser.java:2342)
[04Oct2025 00:24:02.179] [Server thread/ERROR] [KubeJS Server/]:   at …rhino.Parser.eqExpr(Parser.java:2326)
[04Oct2025 00:24:02.180] [Server thread/ERROR] [KubeJS Server/]:   at …rhino.Parser.bitAndExpr(Parser.java:2317)
[04Oct2025 00:24:02.180] [Server thread/ERROR] [KubeJS Server/]:   at …rhino.Parser.bitXorExpr(Parser.java:2308)
[04Oct2025 00:24:02.180] [Server thread/ERROR] [KubeJS Server/]:   at …rhino.Parser.bitOrExpr(Parser.java:2299)
[04Oct2025 00:24:02.180] [Server thread/ERROR] [KubeJS Server/]:   at …rhino.Parser.powExpr(Parser.java:2290)
[04Oct2025 00:24:02.180] [Server thread/ERROR] [KubeJS Server/]:   at …rhino.Parser.andExpr(Parser.java:2281)
[04Oct2025 00:24:02.183] [Server thread/ERROR] [KubeJS Server/]:   at …rhino.Parser.orExpr(Parser.java:2272)
[04Oct2025 00:24:02.184] [Server thread/ERROR] [KubeJS Server/]:   at …rhino.Parser.ncoExpr(Parser.java:2263)
[04Oct2025 00:24:02.184] [Server thread/ERROR] [KubeJS Server/]:   at …rhino.Parser.condExpr(Parser.java:2226)
[04Oct2025 00:24:02.191] [Server thread/ERROR] [KubeJS Server/]:   at …rhino.Parser.assignExpr(Parser.java:2184)
[04Oct2025 00:24:02.191] [Server thread/ERROR] [KubeJS Server/]:   at …rhino.Parser.expr(Parser.java:2164)
[04Oct2025 00:24:02.192] [Server thread/ERROR] [KubeJS Server/]:   at …rhino.Parser.nameOrLabel(Parser.java:1914)
[04Oct2025 00:24:02.192] [Server thread/ERROR] [KubeJS Server/]:   at …rhino.Parser.statementHelper(Parser.java:1114)
[04Oct2025 00:24:02.192] [Server thread/ERROR] [KubeJS Server/]:   at …rhino.Parser.statement(Parser.java:993)
[04Oct2025 00:24:02.193] [Server thread/ERROR] [KubeJS Server/]:   at …rhino.Parser.parse(Parser.java:584)
[04Oct2025 00:24:02.193] [Server thread/ERROR] [KubeJS Server/]:   at …rhino.Parser.parse(Parser.java:532)
[04Oct2025 00:24:02.194] [Server thread/ERROR] [KubeJS Server/]:   at …rhino.Context.parse(Context.java:1088)
[04Oct2025 00:24:02.194] [Server thread/ERROR] [KubeJS Server/]:   at …rhino.Context.compileImpl(Context.java:1050)
[04Oct2025 00:24:02.194] [Server thread/ERROR] [KubeJS Server/]:   at …rhino.Context.compileString(Context.java:654)
[04Oct2025 00:24:02.194] [Server thread/ERROR] [KubeJS Server/]:   at …rhino.Context.compileString(Context.java:649)
[04Oct2025 00:24:02.195] [Server thread/ERROR] [KubeJS Server/]:   at …rhino.Context.evaluateString(Context.java:571)
[04Oct2025 00:24:02.195] [Server thread/ERROR] [KubeJS Server/]:   at …kubejs.script.ScriptFile.load(ScriptFile.java:17)
[04Oct2025 00:24:02.195] [Server thread/ERROR] [KubeJS Server/]:   at …kubejs.script.ScriptManager.load(ScriptManager.java:217)
[04Oct2025 00:24:02.196] [Server thread/ERROR] [KubeJS Server/]:   at …kubejs.script.ScriptManager.reload(ScriptManager.java:78)
[04Oct2025 00:24:02.196] [Server thread/ERROR] [KubeJS Server/]:   at …kubejs.server.ServerScriptManager.wrapResourceManager(ServerScriptManager.java:85)
[04Oct2025 00:24:02.196] [Server thread/ERROR] [KubeJS Server/]:   at net.minecraft.server.MinecraftServer.localvar$zmi000$wrapResourceManager(MinecraftServer.java:5336)
[04Oct2025 00:24:02.197] [Server thread/ERROR] [KubeJS Server/]:   at net.minecraft.server.MinecraftServer.lambda$reloadResources$25(MinecraftServer.java:1322)
[04Oct2025 00:24:02.197] [Server thread/ERROR] [KubeJS Server/]:   at java.util.concurrent.CompletableFuture.uniComposeStage(CompletableFuture.java:1187)
[04Oct2025 00:24:02.197] [Server thread/ERROR] [KubeJS Server/]:   at java.util.concurrent.CompletableFuture.thenCompose(CompletableFuture.java:2341)
[04Oct2025 00:24:02.198] [Server thread/ERROR] [KubeJS Server/]:   at net.minecraft.server.MinecraftServer.m_129861_(MinecraftServer.java:1321)
[04Oct2025 00:24:02.198] [Server thread/ERROR] [KubeJS Server/]:   at net.minecraft.server.commands.ReloadCommand.m_138235_(ReloadCommand.java:22)
[04Oct2025 00:24:02.199] [Server thread/ERROR] [KubeJS Server/]:   at net.minecraft.server.commands.ReloadCommand.m_287964_(ReloadCommand.java:53)
[04Oct2025 00:24:02.207] [Server thread/ERROR] [KubeJS Server/]:   at MC-BOOTSTRAP/brigadier@1.1.8/com.mojang.brigadier.CommandDispatcher.execute(CommandDispatcher.java:264)
[04Oct2025 00:24:02.208] [Server thread/ERROR] [KubeJS Server/]:   at net.minecraft.commands.Commands.m_242674_(Commands.java:257)
[04Oct2025 00:24:02.208] [Server thread/ERROR] [KubeJS Server/]:   at net.minecraft.commands.Commands.m_230957_(Commands.java:237)
[04Oct2025 00:24:02.208] [Server thread/ERROR] [KubeJS Server/]:   at net.minecraft.server.dedicated.DedicatedServer.m_139665_(DedicatedServer.java:298)
[04Oct2025 00:24:02.208] [Server thread/ERROR] [KubeJS Server/]:   at net.minecraft.server.dedicated.DedicatedServer.m_5703_(DedicatedServer.java:284)
[04Oct2025 00:24:02.209] [Server thread/ERROR] [KubeJS Server/]:   at net.minecraft.server.MinecraftServer.m_5705_(MinecraftServer.java:814)
[04Oct2025 00:24:02.209] [Server thread/ERROR] [KubeJS Server/]:   at net.minecraft.server.MinecraftServer.m_130011_(MinecraftServer.java:661)
[04Oct2025 00:24:02.209] [Server thread/ERROR] [KubeJS Server/]:   at net.minecraft.server.MinecraftServer.m_206580_(MinecraftServer.java:251)
[04Oct2025 00:24:02.210] [Server thread/ERROR] [KubeJS Server/]:   at java.lang.Thread.run(Thread.java:1583)
[04Oct2025 00:24:02.211] [Server thread/INFO] [KubeJS Server/]: Loaded script server_scripts:recipes/create/crafting.js in 0.0 s
[04Oct2025 00:24:02.211] [Server thread/INFO] [KubeJS Server/]: Loaded script server_scripts:recipes/create/cutting.js in 0.0 s
[04Oct2025 00:24:02.212] [Server thread/INFO] [KubeJS Server/]: Loaded script server_scripts:recipes/create/compacting.js in 0.0 s
[04Oct2025 00:24:02.213] [Server thread/INFO] [KubeJS Server/]: Loaded script server_scripts:recipes/create/item_application.js in 0.0 s
[04Oct2025 00:24:02.216] [Server thread/INFO] [KubeJS Server/]: Loaded script server_scripts:recipes/create/deploying.js in 0.003 s
[04Oct2025 00:24:02.220] [Server thread/INFO] [KubeJS Server/]: Loaded script server_scripts:recipes/create/sequenced_assembling.js in 0.002 s
[04Oct2025 00:24:02.221] [Server thread/INFO] [KubeJS Server/]: Loaded script server_scripts:recipes/create/mixing.js in 0.0 s
[04Oct2025 00:24:02.222] [Server thread/INFO] [KubeJS Server/]: Loaded script server_scripts:recipes/create/splashing.js in 0.001 s
[04Oct2025 00:24:02.224] [Server thread/INFO] [KubeJS Server/]: Loaded script server_scripts:recipes/create/filling.js in 0.001 s
[04Oct2025 00:24:02.228] [Server thread/INFO] [KubeJS Server/]: Loaded script server_scripts:recipes/create/pressing.js in 0.001 s
[04Oct2025 00:24:02.229] [Server thread/INFO] [KubeJS Server/]: Loaded script server_scripts:recipes/farmersdelight/consumables.js in 0.0 s
[04Oct2025 00:24:02.229] [Server thread/INFO] [KubeJS Server/]: Loaded script server_scripts:recipes/alexsmobs/crafting.js in 0.0 s
[04Oct2025 00:24:02.241] [Server thread/INFO] [KubeJS Server/]: Loaded script server_scripts:recipes/createaddition/crafting.js in 0.002 s
[04Oct2025 00:24:02.242] [Server thread/INFO] [KubeJS Server/]: Loaded script server_scripts:recipes/thermal/misc.js in 0.001 s
[04Oct2025 00:24:02.244] [Server thread/INFO] [KubeJS Server/]: Loaded script server_scripts:recipes/botanypots/crafting.js in 0.001 s
[04Oct2025 00:24:02.245] [Server thread/INFO] [KubeJS Server/]: Loaded script server_scripts:recipes/waystones/misc.js in 0.001 s
[04Oct2025 00:24:02.246] [Server thread/INFO] [KubeJS Server/]: Loaded script server_scripts:recipes/enderstorage/crafting.js in 0.001 s
[04Oct2025 00:24:02.247] [Server thread/INFO] [KubeJS Server/]: Loaded script server_scripts:recipes/ad_astra/crafting.js in 0.001 s
[04Oct2025 00:24:02.248] [Server thread/INFO] [KubeJS Server/]: Loaded script server_scripts:recipes/twilightforest/crafting.js in 0.001 s
[04Oct2025 00:24:02.250] [Server thread/INFO] [KubeJS Server/]: Loaded script server_scripts:recipes/mekanism/enriching.js in 0.002 s
[04Oct2025 00:24:02.261] [Server thread/INFO] [KubeJS Server/]: Loaded script server_scripts:recipes/mekanism/infusion_conversion.js in 0.001 s
[04Oct2025 00:24:02.262] [Server thread/INFO] [KubeJS Server/]: Loaded script server_scripts:recipes/mekanism/infusing.js in 0.0 s
[04Oct2025 00:24:02.264] [Server thread/INFO] [KubeJS Server/]: Loaded script server_scripts:recipes/mekanism/crushing.js in 0.001 s
[04Oct2025 00:24:02.272] [Server thread/INFO] [KubeJS Server/]: Loaded script server_scripts:recipes/mekanism/combining.js in 0.002 s
[04Oct2025 00:24:02.276] [Server thread/INFO] [KubeJS Server/]: Loaded script server_scripts:recipes/mekanism/crafting.js in 0.003 s
[04Oct2025 00:24:02.285] [Server thread/INFO] [KubeJS Server/]: Loaded script server_scripts:recipes/mekanism/reaction.js in 0.0 s
[04Oct2025 00:24:02.286] [Server thread/INFO] [KubeJS Server/]: Loaded script server_scripts:recipes/mekanism/injecting.js in 0.001 s
[04Oct2025 00:24:02.287] [Server thread/INFO] [KubeJS Server/]: Loaded script server_scripts:recipes/mekanismgenerators/fusion_reactor.js in 0.0 s
[04Oct2025 00:24:02.296] [Server thread/INFO] [KubeJS Server/]: Loaded script server_scripts:recipes/mekanismgenerators/fission_reactor.js in 0.0 s
[04Oct2025 00:24:02.298] [Server thread/INFO] [KubeJS Server/]: Loaded script server_scripts:recipes/platinum_mod/crafting.js in 0.001 s
[04Oct2025 00:24:02.299] [Server thread/INFO] [KubeJS Server/]: Loaded script server_scripts:recipes/bigreactors/fluidizing.js in 0.001 s
[04Oct2025 00:24:02.300] [Server thread/INFO] [KubeJS Server/]: Loaded script server_scripts:recipes/bigreactors/crafting.js in 0.0 s
[04Oct2025 00:24:02.301] [Server thread/INFO] [KubeJS Server/]: Loaded script server_scripts:recipes/createoreexcavation/extracting.js in 0.0 s
[04Oct2025 00:24:02.303] [Server thread/INFO] [KubeJS Server/]: Loaded script server_scripts:recipes/createoreexcavation/crafting.js in 0.001 s
[04Oct2025 00:24:02.307] [Server thread/INFO] [KubeJS Server/]: Loaded script server_scripts:recipes/createoreexcavation/drilling.js in 0.002 s
[04Oct2025 00:24:02.318] [Server thread/INFO] [KubeJS Server/]: Loaded script server_scripts:recipes/createoreexcavation/veins.js in 0.002 s
[04Oct2025 00:24:02.320] [Server thread/INFO] [KubeJS Server/]: Loaded script server_scripts:recipes/elevatorid/crafting.js in 0.001 s
[04Oct2025 00:24:02.321] [Server thread/INFO] [KubeJS Server/]: Loaded script server_scripts:recipes/createsifter/crafting.js in 0.0 s
[04Oct2025 00:24:02.324] [Server thread/INFO] [KubeJS Server/]: Loaded script server_scripts:recipes/createsifter/sifting.js in 0.002 s
[04Oct2025 00:24:02.332] [Server thread/INFO] [KubeJS Server/]: Loaded script server_scripts:recipes/petrolsparts/cutting.js in 0.0 s
[04Oct2025 00:24:02.334] [Server thread/INFO] [KubeJS Server/]: Loaded script server_scripts:recipes/gateways/_all.js in 0.0 s
[04Oct2025 00:24:02.341] [Server thread/INFO] [KubeJS Server/]: Loaded script server_scripts:commands/tpdim.js in 0.006 s
[04Oct2025 00:24:02.342] [Server thread/INFO] [KubeJS Server/]: Loaded script server_scripts:commands/gm.js in 0.001 s
[04Oct2025 00:24:02.343] [Server thread/INFO] [KubeJS Server/]: Loaded script server_scripts:tags/worldgen/biomes/ad_astra.js in 0.0 s
[04Oct2025 00:24:02.345] [Server thread/INFO] [KubeJS Server/]: Loaded script server_scripts:tags/worldgen/biomes/ae2.js in 0.001 s
[04Oct2025 00:24:02.346] [Server thread/INFO] [KubeJS Server/]: Loaded script server_scripts:tags/worldgen/biomes/astro_rise.js in 0.001 s
[04Oct2025 00:24:02.348] [Server thread/INFO] [KubeJS Server/]: Loaded script server_scripts:tags/blocks/redstone_ore.js in 0.0 s
[04Oct2025 00:24:02.349] [Server thread/INFO] [KubeJS Server/]: Loaded script server_scripts:tags/fluids/seed_oil.js in 0.001 s
[04Oct2025 00:24:02.350] [Server thread/INFO] [KubeJS Server/]: Loaded script server_scripts:tags/fluids/yellorium.js in 0.001 s
[04Oct2025 00:24:02.351] [Server thread/INFO] [KubeJS Server/]: Loaded script server_scripts:tags/items/sleeping_bags.js in 0.0 s
[04Oct2025 00:24:02.356] [Server thread/INFO] [KubeJS Server/]: Loaded script server_scripts:tags/items/reptils_head.js in 0.004 s
[04Oct2025 00:24:02.357] [Server thread/INFO] [KubeJS Server/]: Loaded script server_scripts:tags/items/sulfur_dust.js in 0.0 s
[04Oct2025 00:24:02.363] [Server thread/INFO] [KubeJS Server/]: Loaded script server_scripts:tags/items/redstone_ore.js in 0.006 s
[04Oct2025 00:24:02.365] [Server thread/INFO] [KubeJS Server/]: Loaded script server_scripts:tags/items/silicon.js in 0.001 s
[04Oct2025 00:24:02.366] [Server thread/INFO] [KubeJS Server/]: Loaded script server_scripts:tags/items/reptils_scale.js in 0.001 s
[04Oct2025 00:24:02.368] [Server thread/INFO] [KubeJS Server/]: Loaded script server_scripts:tags/items/yellorium.js in 0.0 s
[04Oct2025 00:24:02.368] [Server thread/INFO] [KubeJS Server/]: Loaded 96/97 KubeJS server scripts in 0.576 s with 1 errors and 0 warnings
[04Oct2025 00:24:02.369] [Server thread/INFO] [KubeJS Server/]: Scripts loaded
[04Oct2025 00:24:02.384] [Server thread/INFO] [KubeJS Server/]: Initializing recipe event...
[04Oct2025 00:24:02.442] [Server thread/INFO] [com.github.alexthe666.alexsmobs.AlexsMobs/]: Adding datapack listener capsid_recipes
[04Oct2025 00:24:02.619] [Worker-ResourceReload-0/INFO] [KubeJS Server/]: [minecraft:worldgen/biome] Found 241 tags, added 14 objects, removed 1 objects
[04Oct2025 00:24:03.152] [Worker-ResourceReload-0/INFO] [KubeJS Server/]: [minecraft:item] Found 2113 tags, added 104 objects, removed 6 objects
[04Oct2025 00:24:03.197] [Worker-ResourceReload-0/ERROR] [net.minecraft.tags.TagLoader/]: Couldn't load tag storagedrawers:gold_keyrings as it is missing following references: storagedrawers:keyring_personal_priority (from StorageDrawers-forge-1.20.1-12.11.6.jar), 
	storagedrawers:keyring_personal_priority_p1 (from StorageDrawers-forge-1.20.1-12.11.6.jar), 
	storagedrawers:keyring_personal_priority_p2 (from StorageDrawers-forge-1.20.1-12.11.6.jar), 
	storagedrawers:keyring_personal_priority_n1 (from StorageDrawers-forge-1.20.1-12.11.6.jar), 
	storagedrawers:keyring_personal_priority_n2 (from StorageDrawers-forge-1.20.1-12.11.6.jar)
[04Oct2025 00:24:03.199] [Worker-ResourceReload-0/ERROR] [net.minecraft.tags.TagLoader/]: Couldn't load tag storagedrawers:keyrings as it is missing following references: #storagedrawers:gold_keyrings (from StorageDrawers-forge-1.20.1-12.11.6.jar)
[04Oct2025 00:24:03.203] [Worker-ResourceReload-0/ERROR] [net.minecraft.tags.TagLoader/]: Couldn't load tag create:crushed_ores as it is missing following references: minecraft:crushed_calorite_ore (from create_ad_astra_compat-forge-1.20.1-1.0.0.jar), 
	minecraft:crushed_desh_ore (from create_ad_astra_compat-forge-1.20.1-1.0.0.jar), 
	minecraft:crushed_ostrum_ore (from create_ad_astra_compat-forge-1.20.1-1.0.0.jar)
[04Oct2025 00:24:03.669] [Worker-ResourceReload-0/INFO] [KubeJS Server/]: [minecraft:block] Found 1132 tags, added 19 objects, removed 4 objects
[04Oct2025 00:24:03.717] [Worker-ResourceReload-0/INFO] [com.amronos.createaddoncompatibility.CreateAddonCompatibility/]: Adding modPriorities for AlmostUnified, this will not reflect in unify.json
[04Oct2025 00:24:03.718] [Worker-ResourceReload-0/INFO] [com.amronos.createaddoncompatibility.CreateAddonCompatibility/]: Adding tags for AlmostUnified, this will not reflect in unify.json
[04Oct2025 00:24:03.726] [Worker-ResourceReload-0/WARN] [AlmostUnified/]: The following tags are invalid and will be ignored: [forge:raw_materials/cinnabar, forge:wires/quartz, forge:gears/apatite, forge:rods/cobalt, forge:storage_blocks/raw_fluorite, forge:gems/coal_coke, forge:wires/signalum, forge:rods/platinum, forge:gems/charcoal, forge:wires/osmium, forge:wires/amber, forge:dusts/platinum, forge:gears/sulfur, forge:rods/quartz, forge:nuggets/tungsten, forge:gems/potassium_nitrate, forge:rods/osmium, forge:ingots/sapphire, forge:plates/amber, forge:ingots/emerald, forge:rods/bitumen, forge:rods/ruby, forge:wires/constantan, forge:wires/peridot, forge:gems/lumium, forge:ores/obsidian, forge:wires/ruby, forge:dusts/coal_coke, forge:wires/graphite, forge:storage_blocks/raw_sapphire, forge:gears/tungsten, forge:plates/chrome, forge:gems/iridium, forge:gems/netherite, forge:storage_blocks/raw_enderium, forge:plates/aeternium, forge:raw_materials/lapis, forge:gems/cobalt, forge:raw_materials/constantan, forge:rods/ender_pearl, forge:nuggets/peridot, forge:ores/chrome, forge:ingots/sulfur, forge:gems/invar, forge:nuggets/cinnabar, forge:nuggets/quartz, forge:ingots/peridot, forge:plates/charcoal, forge:wires/potassium_nitrate, forge:gears/cinnabar, forge:ingots/aeternium, forge:ores/ender_pearl, forge:raw_materials/invar, forge:gems/nickel, forge:gears/coal_coke, forge:ingots/amber, forge:gems/graphite, forge:ingots/bitumen, forge:gems/gold, forge:raw_materials/bitumen, forge:wires/platinum, forge:wires/tungsten, forge:gems/osmium, forge:raw_materials/bronze, forge:rods/tin, forge:storage_blocks/raw_electrum, forge:plates/apatite, forge:raw_materials/emerald, forge:ores/electrum, forge:plates/elementium, forge:rods/graphite, forge:gears/obsidian, forge:storage_blocks/aeternium, forge:nuggets/obsidian, forge:raw_materials/chrome, forge:plates/fluorite, forge:storage_blocks/elementium, forge:storage_blocks/raw_netherite, forge:gems/constantan, forge:rods/coal_coke, forge:ores/invar, forge:wires/steel, forge:rods/constantan, forge:rods/uranium, forge:raw_materials/potassium_nitrate, forge:rods/charcoal, forge:wires/coal, forge:ores/constantan, forge:storage_blocks/raw_charcoal, forge:plates/sapphire, forge:wires/bitumen, forge:wires/cobalt, forge:gems/tin, forge:wires/emerald, forge:rods/lumium, forge:nuggets/iridium, forge:wires/ender_pearl, forge:gears/peridot, forge:raw_materials/mithril, forge:dusts/peridot, forge:gems/bitumen, forge:rods/sapphire, forge:storage_blocks/amber, forge:ingots/obsidian, forge:ores/coal_coke, forge:nuggets/graphite, forge:gems/brass, forge:gears/chrome, forge:raw_materials/steel, forge:gems/tungsten, forge:gears/platinum, forge:dusts/mithril, forge:raw_materials/quartz, forge:rods/silver, forge:raw_materials/signalum, forge:ores/amber, forge:rods/fluorite, forge:raw_materials/sapphire, forge:storage_blocks/raw_lapis, forge:rods/chrome, forge:nuggets/coal, forge:raw_materials/electrum, forge:plates/bitumen, forge:ores/netherite, forge:wires/lead, forge:storage_blocks/tungsten, forge:plates/lapis, forge:gears/elementium, forge:rods/bronze, forge:rods/lead, forge:rods/enderium, forge:ores/bronze, forge:raw_materials/coal, forge:raw_materials/iridium, forge:storage_blocks/raw_quartz, forge:gears/charcoal, forge:plates/mithril, forge:storage_blocks/raw_cinnabar, forge:ingots/coal, forge:storage_blocks/peridot, forge:ingots/chrome, forge:plates/ender_pearl, forge:wires/charcoal, forge:ingots/iridium, forge:wires/obsidian, forge:rods/signalum, forge:nuggets/ender_pearl, forge:ores/lumium, forge:dusts/amber, forge:wires/netherite, forge:dusts/potassium_nitrate, forge:wires/uranium, forge:raw_materials/fluorite, forge:gears/amber, forge:gears/uranium, forge:raw_materials/sulfur, forge:rods/netherite, forge:rods/diamond, forge:storage_blocks/raw_diamond, forge:storage_blocks/raw_bitumen, forge:nuggets/elementium, forge:storage_blocks/raw_signalum, forge:nuggets/ruby, forge:nuggets/emerald, forge:wires/zinc, forge:storage_blocks/raw_invar, forge:rods/coal, forge:raw_materials/obsidian, forge:gears/potassium_nitrate, forge:plates/diamond, forge:ingots/fluorite, forge:dusts/elementium, forge:rods/mithril, forge:nuggets/chrome, forge:ores/potassium_nitrate, forge:ores/steel, forge:storage_blocks/raw_aeternium, forge:storage_blocks/raw_brass, forge:gears/coal, forge:gems/copper, forge:ores/enderium, forge:storage_blocks/raw_mithril, forge:storage_blocks/raw_elementium, forge:storage_blocks/raw_platinum, forge:nuggets/apatite, forge:ingots/charcoal, forge:raw_materials/amber, forge:ingots/potassium_nitrate, forge:storage_blocks/raw_constantan, forge:plates/emerald, forge:storage_blocks/raw_emerald, forge:ingots/coal_coke, forge:rods/apatite, forge:storage_blocks/potassium_nitrate, forge:raw_materials/charcoal, forge:wires/sulfur, forge:nuggets/fluorite, forge:gears/aeternium, forge:raw_materials/diamond, forge:raw_materials/ruby, forge:ingots/tungsten, forge:storage_blocks/raw_tungsten, forge:gems/obsidian, forge:rods/obsidian, forge:ores/graphite, forge:raw_materials/aeternium, forge:raw_materials/brass, forge:gems/steel, forge:ingots/diamond, forge:rods/sulfur, forge:ores/peridot, forge:dusts/aeternium, forge:wires/tin, forge:rods/cinnabar, forge:gems/coal, forge:gears/bitumen, forge:gears/fluorite, forge:dusts/aluminum, forge:plates/coal, forge:rods/amber, forge:wires/diamond, forge:storage_blocks/raw_ruby, forge:dusts/bitumen, forge:gears/osmium, forge:raw_materials/elementium, forge:raw_materials/apatite, forge:gears/steel, forge:plates/uranium, forge:ingots/apatite, forge:wires/sapphire, forge:ores/elementium, forge:storage_blocks/mithril, forge:wires/coal_coke, forge:nuggets/diamond, forge:gems/ender_pearl, forge:ores/brass, forge:wires/elementium, forge:gems/amber, forge:storage_blocks/raw_peridot, forge:nuggets/potassium_nitrate, forge:rods/aluminum, forge:storage_blocks/raw_coal, forge:storage_blocks/raw_iridium, forge:gems/lead, forge:storage_blocks/ender_pearl, forge:ores/signalum, forge:wires/fluorite, forge:gears/cobalt, forge:ores/charcoal, forge:gems/aeternium, forge:wires/mithril, forge:storage_blocks/chrome, forge:plates/peridot, forge:gears/zinc, forge:gems/electrum, forge:gears/ender_pearl, forge:ores/iridium, forge:rods/lapis, forge:nuggets/amber, forge:plates/tungsten, forge:rods/aeternium, forge:wires/apatite, forge:storage_blocks/raw_amber, forge:dusts/zinc, forge:gems/mithril, forge:ingots/quartz, forge:ores/tungsten, forge:plates/osmium, forge:ingots/ruby, forge:raw_materials/ender_pearl, forge:gears/aluminum, forge:rods/elementium, forge:gems/elementium, forge:raw_materials/platinum, forge:storage_blocks/raw_steel, forge:nuggets/coal_coke, forge:nuggets/sulfur, forge:storage_blocks/obsidian, forge:nuggets/aeternium, forge:plates/quartz, forge:rods/zinc, forge:storage_blocks/raw_sulfur, forge:plates/potassium_nitrate, forge:dusts/iridium, forge:rods/tungsten, forge:wires/invar, forge:nuggets/bitumen, forge:wires/lapis, forge:gems/bronze, forge:wires/aeternium, forge:raw_materials/enderium, forge:rods/potassium_nitrate, forge:rods/iridium, forge:rods/peridot, forge:gems/enderium, forge:storage_blocks/raw_coal_coke, forge:storage_blocks/raw_graphite, forge:wires/chrome, forge:dusts/brass, forge:gems/zinc, forge:plates/graphite, forge:gears/mithril, forge:gems/silver, forge:plates/cobalt, forge:storage_blocks/raw_obsidian, forge:plates/sulfur, forge:ingots/cinnabar, forge:nuggets/platinum, forge:raw_materials/tungsten, forge:gems/aluminum, forge:rods/invar, forge:rods/nickel, forge:ingots/mithril, forge:nuggets/charcoal, forge:plates/coal_coke, forge:gears/brass, forge:nuggets/lapis, forge:raw_materials/lumium, forge:raw_materials/netherite, forge:wires/nickel, forge:gears/graphite, forge:plates/platinum, forge:gears/iridium, forge:plates/iridium, forge:storage_blocks/raw_lumium, forge:storage_blocks/raw_apatite, forge:storage_blocks/raw_potassium_nitrate, forge:wires/bronze, forge:ores/aeternium, forge:gems/signalum, forge:ingots/ender_pearl, forge:nuggets/mithril, forge:gems/uranium, forge:rods/emerald, forge:raw_materials/graphite, forge:ores/mithril, forge:storage_blocks/raw_ender_pearl, forge:wires/enderium, forge:dusts/chrome, forge:raw_materials/coal_coke, forge:nuggets/sapphire, forge:wires/cinnabar, forge:wires/iridium, forge:ingots/elementium, forge:storage_blocks/platinum, forge:plates/ruby, forge:wires/lumium, forge:dusts/tungsten, forge:gems/chrome, forge:gems/peridot, forge:storage_blocks/iridium, forge:storage_blocks/raw_bronze, forge:wires/brass, forge:gems/platinum, forge:plates/cinnabar, forge:wires/silver, forge:raw_materials/peridot, forge:ingots/lapis, forge:wires/aluminum, forge:ores/bitumen, forge:gems/iron, forge:storage_blocks/raw_chrome]
[04Oct2025 00:24:03.951] [Worker-ResourceReload-0/INFO] [KubeJS Server/]: [minecraft:fluid] Found 196 tags, added 2 objects, removed 2 objects
[04Oct2025 00:24:04.889] [Worker-ResourceReload-0/ERROR] [net.minecraftforge.common.ForgeHooks/]: Couldn't parse element loot_tables:megacells:blocks/mega_emc_interface
com.google.gson.JsonSyntaxException: Expected name to be an item, was unknown string 'megacells:mega_emc_interface'
	at net.minecraft.util.GsonHelper.m_13866_(GsonHelper.java:145) ~[server-1.20.1-20230612.114412-srg.jar%23345!/:?]
	at java.util.Optional.orElseThrow(Optional.java:403) ~[?:?]
	at net.minecraft.util.GsonHelper.m_13874_(GsonHelper.java:145) ~[server-1.20.1-20230612.114412-srg.jar%23345!/:?]
	at net.minecraft.util.GsonHelper.m_13909_(GsonHelper.java:153) ~[server-1.20.1-20230612.114412-srg.jar%23345!/:?]
	at net.minecraft.world.level.storage.loot.entries.LootItem$Serializer.m_7267_(LootItem.java:55) ~[server-1.20.1-20230612.114412-srg.jar%23345!/:?]
	at net.minecraft.world.level.storage.loot.entries.LootItem$Serializer.m_7267_(LootItem.java:40) ~[server-1.20.1-20230612.114412-srg.jar%23345!/:?]
	at net.minecraft.world.level.storage.loot.entries.LootPoolSingletonContainer$Serializer.m_5921_(LootPoolSingletonContainer.java:151) ~[server-1.20.1-20230612.114412-srg.jar%23345!/:?]
	at net.minecraft.world.level.storage.loot.entries.LootPoolSingletonContainer$Serializer.m_5921_(LootPoolSingletonContainer.java:129) ~[server-1.20.1-20230612.114412-srg.jar%23345!/:?]
	at net.minecraft.world.level.storage.loot.entries.LootPoolEntryContainer$Serializer.m_7561_(LootPoolEntryContainer.java:86) ~[server-1.20.1-20230612.114412-srg.jar%23345!/:?]
	at net.minecraft.world.level.storage.loot.entries.LootPoolEntryContainer$Serializer.m_7561_(LootPoolEntryContainer.java:74) ~[server-1.20.1-20230612.114412-srg.jar%23345!/:?]
	at net.minecraft.world.level.storage.loot.GsonAdapterFactory$JsonAdapter.deserialize(GsonAdapterFactory.java:102) ~[server-1.20.1-20230612.114412-srg.jar%23345!/:?]
	at com.google.gson.internal.bind.TreeTypeAdapter.read(TreeTypeAdapter.java:76) ~[gson-2.10.jar%2372!/:?]
	at com.google.gson.internal.bind.TypeAdapterRuntimeTypeWrapper.read(TypeAdapterRuntimeTypeWrapper.java:40) ~[gson-2.10.jar%2372!/:?]
	at com.google.gson.internal.bind.ArrayTypeAdapter.read(ArrayTypeAdapter.java:72) ~[gson-2.10.jar%2372!/:?]
	at com.google.gson.Gson.fromJson(Gson.java:1214) ~[gson-2.10.jar%2372!/:?]
	at com.google.gson.Gson.fromJson(Gson.java:1319) ~[gson-2.10.jar%2372!/:?]
	at com.google.gson.Gson.fromJson(Gson.java:1290) ~[gson-2.10.jar%2372!/:?]
	at com.google.gson.internal.bind.TreeTypeAdapter$GsonContextImpl.deserialize(TreeTypeAdapter.java:179) ~[gson-2.10.jar%2372!/:?]
	at net.minecraft.util.GsonHelper.m_13808_(GsonHelper.java:463) ~[server-1.20.1-20230612.114412-srg.jar%23345!/:?]
	at net.minecraft.util.GsonHelper.m_13836_(GsonHelper.java:471) ~[server-1.20.1-20230612.114412-srg.jar%23345!/:?]
	at net.minecraft.world.level.storage.loot.LootPool$Serializer.deserialize(LootPool.java:192) ~[server-1.20.1-20230612.114412-srg.jar%23345!/:?]
	at net.minecraft.world.level.storage.loot.LootPool$Serializer.deserialize(LootPool.java:189) ~[server-1.20.1-20230612.114412-srg.jar%23345!/:?]
	at com.google.gson.internal.bind.TreeTypeAdapter.read(TreeTypeAdapter.java:76) ~[gson-2.10.jar%2372!/:?]
	at com.google.gson.internal.bind.TypeAdapterRuntimeTypeWrapper.read(TypeAdapterRuntimeTypeWrapper.java:40) ~[gson-2.10.jar%2372!/:?]
	at com.google.gson.internal.bind.ArrayTypeAdapter.read(ArrayTypeAdapter.java:72) ~[gson-2.10.jar%2372!/:?]
	at com.google.gson.Gson.fromJson(Gson.java:1214) ~[gson-2.10.jar%2372!/:?]
	at com.google.gson.Gson.fromJson(Gson.java:1319) ~[gson-2.10.jar%2372!/:?]
	at com.google.gson.Gson.fromJson(Gson.java:1290) ~[gson-2.10.jar%2372!/:?]
	at com.google.gson.internal.bind.TreeTypeAdapter$GsonContextImpl.deserialize(TreeTypeAdapter.java:179) ~[gson-2.10.jar%2372!/:?]
	at net.minecraft.util.GsonHelper.m_13808_(GsonHelper.java:463) ~[server-1.20.1-20230612.114412-srg.jar%23345!/:?]
	at net.minecraft.util.GsonHelper.m_13845_(GsonHelper.java:481) ~[server-1.20.1-20230612.114412-srg.jar%23345!/:?]
	at net.minecraft.world.level.storage.loot.LootTable$Serializer.deserialize(LootTable.java:294) ~[server-1.20.1-20230612.114412-srg.jar%23345!/:?]
	at net.minecraft.world.level.storage.loot.LootTable$Serializer.deserialize(LootTable.java:291) ~[server-1.20.1-20230612.114412-srg.jar%23345!/:?]
	at com.google.gson.internal.bind.TreeTypeAdapter.read(TreeTypeAdapter.java:76) ~[gson-2.10.jar%2372!/:?]
	at com.google.gson.Gson.fromJson(Gson.java:1214) ~[gson-2.10.jar%2372!/:?]
	at com.google.gson.Gson.fromJson(Gson.java:1319) ~[gson-2.10.jar%2372!/:?]
	at com.google.gson.Gson.fromJson(Gson.java:1261) ~[gson-2.10.jar%2372!/:?]
	at net.minecraftforge.common.ForgeHooks.loadLootTable(ForgeHooks.java:871) ~[forge-1.20.1-47.4.0-universal.jar%23350!/:?]
	at net.minecraftforge.common.ForgeHooks.lambda$getLootTableDeserializer$3(ForgeHooks.java:848) ~[forge-1.20.1-47.4.0-universal.jar%23350!/:?]
	at net.minecraft.world.level.storage.loot.LootDataType.deserialize(LootDataType.java:45) ~[server-1.20.1-20230612.114412-srg.jar%23345!/:?]
	at net.minecraft.world.level.storage.loot.LootDataManager.lambda$scheduleElementParse$4(LootDataManager.java:56) ~[server-1.20.1-20230612.114412-srg.jar%23345!/:?]
	at java.util.HashMap.forEach(HashMap.java:1429) ~[?:?]
	at net.minecraft.world.level.storage.loot.LootDataManager.m_278660_(LootDataManager.java:55) ~[server-1.20.1-20230612.114412-srg.jar%23345!/:?]
	at java.util.concurrent.CompletableFuture$AsyncRun.run(CompletableFuture.java:1804) ~[?:?]
	at java.util.concurrent.CompletableFuture$AsyncRun.exec(CompletableFuture.java:1796) ~[?:?]
	at java.util.concurrent.ForkJoinTask.doExec(ForkJoinTask.java:387) ~[?:?]
	at java.util.concurrent.ForkJoinPool$WorkQueue.topLevelExec(ForkJoinPool.java:1312) ~[?:?]
	at java.util.concurrent.ForkJoinPool.scan(ForkJoinPool.java:1843) ~[?:?]
	at java.util.concurrent.ForkJoinPool.runWorker(ForkJoinPool.java:1808) ~[?:?]
	at java.util.concurrent.ForkJoinWorkerThread.run(ForkJoinWorkerThread.java:188) ~[?:?]
[04Oct2025 00:24:06.906] [Worker-ResourceReload-0/INFO] [Mantle/]: Loaded 20 loot table injectors injecting into 18 tables in 16.213327 ms
[04Oct2025 00:24:07.059] [Server thread/WARN] [AlmostUnified/]: Recipe count: 18069
[04Oct2025 00:24:07.749] [Server thread/WARN] [AlmostUnified/]: Recipe count afterwards: 17863 (done in 689.4 ms)
[04Oct2025 00:24:07.750] [Server thread/INFO] [KubeJS Server/]: Processing recipes...
[04Oct2025 00:24:07.754] [Server thread/WARN] [KubeJS Server/]: Failed to parse recipe 'tconstruct:smeltery/casting/metal/iron/ingot_gold_cast[tconstruct:casting_table]'! Falling back to vanilla: Cannot invoke "com.google.gson.JsonElement.getAsString()" because the return value of "com.google.gson.JsonObject.get(String)" is null
[04Oct2025 00:24:07.757] [Server thread/WARN] [KubeJS Server/]: Failed to parse recipe 'tconstruct:smeltery/melting/metal/rose_gold/block[tconstruct:melting]'! Falling back to vanilla: Cannot invoke "com.google.gson.JsonElement.getAsString()" because the return value of "com.google.gson.JsonObject.get(String)" is null
[04Oct2025 00:24:07.762] [Server thread/WARN] [KubeJS Server/]: Failed to parse recipe 'tconstruct:smeltery/melting/metal/invar/gear[tconstruct:melting]'! Falling back to vanilla: Cannot invoke "com.google.gson.JsonElement.getAsString()" because the return value of "com.google.gson.JsonObject.get(String)" is null
[04Oct2025 00:24:07.764] [Server thread/WARN] [KubeJS Server/]: Failed to parse recipe 'tconstruct:smeltery/melting/metal/constantan/block[tconstruct:melting]'! Falling back to vanilla: Cannot invoke "com.google.gson.JsonElement.getAsString()" because the return value of "com.google.gson.JsonObject.get(String)" is null
[04Oct2025 00:24:07.766] [Server thread/WARN] [KubeJS Server/]: Failed to parse recipe 'tconstruct:smeltery/casting/seared/bricks/stairs[tconstruct:casting_basin]'! Falling back to vanilla: Cannot invoke "com.google.gson.JsonElement.getAsString()" because the return value of "com.google.gson.JsonObject.get(String)" is null
[04Oct2025 00:24:07.767] [Server thread/WARN] [KubeJS Server/]: Failed to parse recipe 'tconstruct:smeltery/casting/metal/nickel/gear_gold_cast[tconstruct:casting_table]'! Falling back to vanilla: Cannot invoke "com.google.gson.JsonElement.getAsString()" because the return value of "com.google.gson.JsonObject.get(String)" is null
[04Oct2025 00:24:07.769] [Server thread/WARN] [KubeJS Server/]: Failed to parse recipe 'tconstruct:smeltery/entity_melting/heads/zombie[tconstruct:melting]'! Falling back to vanilla: Cannot invoke "com.google.gson.JsonElement.getAsString()" because the return value of "com.google.gson.JsonObject.get(String)" is null
[04Oct2025 00:24:07.770] [Server thread/WARN] [KubeJS Server/]: Failed to parse recipe 'tconstruct:smeltery/casting/metal/iron/rod_sand_cast[tconstruct:casting_table]'! Falling back to vanilla: Cannot invoke "com.google.gson.JsonElement.getAsString()" because the return value of "com.google.gson.JsonObject.get(String)" is null
[04Oct2025 00:24:07.771] [Server thread/WARN] [KubeJS Server/]: Failed to parse recipe 'tconstruct:smeltery/casting/metal/enderium/plate_gold_cast[tconstruct:casting_table]'! Falling back to vanilla: Cannot invoke "com.google.gson.JsonElement.getAsString()" because the return value of "com.google.gson.JsonObject.get(String)" is null
[04Oct2025 00:24:07.773] [Server thread/WARN] [KubeJS Server/]: Failed to parse recipe 'tconstruct:smeltery/casting/metal/slimesteel/block[tconstruct:casting_basin]'! Falling back to vanilla: Cannot invoke "com.google.gson.JsonElement.getAsString()" because the return value of "com.google.gson.JsonObject.get(String)" is null
[04Oct2025 00:24:07.774] [Server thread/WARN] [KubeJS Server/]: Failed to parse recipe 'tconstruct:smeltery/melting/metal/tin/plate[tconstruct:melting]'! Falling back to vanilla: Cannot invoke "com.google.gson.JsonElement.getAsString()" because the return value of "com.google.gson.JsonObject.get(String)" is null
[04Oct2025 00:24:07.778] [Server thread/WARN] [KubeJS Server/]: Failed to parse recipe 'tconstruct:smeltery/casting/metal/copper/nugget_sand_cast[tconstruct:casting_table]'! Falling back to vanilla: Cannot invoke "com.google.gson.JsonElement.getAsString()" because the return value of "com.google.gson.JsonObject.get(String)" is null
[04Oct2025 00:24:07.779] [Server thread/WARN] [KubeJS Server/]: Failed to parse recipe 'mekanism:rotary/hydrofluoric_acid[mekanism:rotary]'! Falling back to vanilla: Cannot invoke "com.google.gson.JsonElement.getAsString()" because the return value of "com.google.gson.JsonObject.get(String)" is null
[04Oct2025 00:24:07.781] [Server thread/WARN] [KubeJS Server/]: Failed to parse recipe 'tconstruct:smeltery/casting/metal/refined_obsidian/block[tconstruct:casting_basin]'! Falling back to vanilla: Cannot invoke "com.google.gson.JsonElement.getAsString()" because the return value of "com.google.gson.JsonObject.get(String)" is null
[04Oct2025 00:24:07.788] [Server thread/WARN] [KubeJS Server/]: Failed to parse recipe 'tconstruct:smeltery/casting/slime/ender/bottle[tconstruct:casting_table]'! Falling back to vanilla: Cannot invoke "com.google.gson.JsonElement.getAsString()" because the return value of "com.google.gson.JsonObject.get(String)" is null
[04Oct2025 00:24:07.790] [Server thread/WARN] [KubeJS Server/]: Failed to parse recipe 'tconstruct:smeltery/melting/metal/invar/nugget[tconstruct:melting]'! Falling back to vanilla: Cannot invoke "com.google.gson.JsonElement.getAsString()" because the return value of "com.google.gson.JsonObject.get(String)" is null
[04Oct2025 00:24:07.793] [Server thread/WARN] [KubeJS Server/]: Failed to parse recipe 'tconstruct:smeltery/casting/soul/glass[tconstruct:casting_basin]'! Falling back to vanilla: Cannot invoke "com.google.gson.JsonElement.getAsString()" because the return value of "com.google.gson.JsonObject.get(String)" is null
[04Oct2025 00:24:07.794] [Server thread/WARN] [KubeJS Server/]: Failed to parse recipe 'tconstruct:smeltery/casting/metal/slimesteel/nugget_gold_cast[tconstruct:casting_table]'! Falling back to vanilla: Cannot invoke "com.google.gson.JsonElement.getAsString()" because the return value of "com.google.gson.JsonObject.get(String)" is null
[04Oct2025 00:24:07.795] [Server thread/WARN] [KubeJS Server/]: Failed to parse recipe 'tconstruct:smeltery/melting/metal/copper/gear[tconstruct:melting]'! Falling back to vanilla: Cannot invoke "com.google.gson.JsonElement.getAsString()" because the return value of "com.google.gson.JsonObject.get(String)" is null
[04Oct2025 00:24:07.796] [Server thread/WARN] [KubeJS Server/]: Failed to parse recipe 'tconstruct:smeltery/melting/metal/signalum/ingot[tconstruct:melting]'! Falling back to vanilla: Cannot invoke "com.google.gson.JsonElement.getAsString()" because the return value of "com.google.gson.JsonObject.get(String)" is null
[04Oct2025 00:24:07.799] [Server thread/WARN] [KubeJS Server/]: Failed to parse recipe 'mekanism:rotary/sulfuric_acid[mekanism:rotary]'! Falling back to vanilla: Cannot invoke "com.google.gson.JsonElement.getAsString()" because the return value of "com.google.gson.JsonObject.get(String)" is null
[04Oct2025 00:24:07.800] [Server thread/WARN] [KubeJS Server/]: Failed to parse recipe 'tconstruct:smeltery/melting/metal/iron/nugget[tconstruct:melting]'! Falling back to vanilla: Cannot invoke "com.google.gson.JsonElement.getAsString()" because the return value of "com.google.gson.JsonObject.get(String)" is null
[04Oct2025 00:24:07.802] [Server thread/WARN] [KubeJS Server/]: Failed to parse recipe 'tconstruct:smeltery/casting/metal/netherite/ingot_sand_cast[tconstruct:casting_table]'! Falling back to vanilla: Cannot invoke "com.google.gson.JsonElement.getAsString()" because the return value of "com.google.gson.JsonObject.get(String)" is null
[04Oct2025 00:24:07.803] [Server thread/WARN] [KubeJS Server/]: Failed to parse recipe 'tconstruct:smeltery/casting/metal/lead/nugget_gold_cast[tconstruct:casting_table]'! Falling back to vanilla: Cannot invoke "com.google.gson.JsonElement.getAsString()" because the return value of "com.google.gson.JsonObject.get(String)" is null
[04Oct2025 00:24:07.805] [Server thread/WARN] [KubeJS Server/]: Failed to parse recipe 'tconstruct:smeltery/melting/metal/silver/dust[tconstruct:melting]'! Falling back to vanilla: Cannot invoke "com.google.gson.JsonElement.getAsString()" because the return value of "com.google.gson.JsonObject.get(String)" is null
[04Oct2025 00:24:07.806] [Server thread/WARN] [KubeJS Server/]: Failed to parse recipe 'tconstruct:smeltery/alloys/molten_invar[tconstruct:alloy]'! Falling back to vanilla: Cannot invoke "com.google.gson.JsonElement.getAsString()" because the return value of "com.google.gson.JsonObject.get(String)" is null
[04Oct2025 00:24:07.808] [Server thread/WARN] [KubeJS Server/]: Failed to parse recipe 'tconstruct:smeltery/melting/metal/cobalt/reinforcement[tconstruct:melting]'! Falling back to vanilla: Cannot invoke "com.google.gson.JsonElement.getAsString()" because the return value of "com.google.gson.JsonObject.get(String)" is null
[04Oct2025 00:24:07.810] [Server thread/WARN] [KubeJS Server/]: Failed to parse recipe 'tconstruct:smeltery/casting/diamond/block[tconstruct:casting_basin]'! Falling back to vanilla: Cannot invoke "com.google.gson.JsonElement.getAsString()" because the return value of "com.google.gson.JsonObject.get(String)" is null
[04Oct2025 00:24:07.812] [Server thread/WARN] [KubeJS Server/]: Failed to parse recipe 'mekanismgenerators:rotary/tritium[mekanism:rotary]'! Falling back to vanilla: Cannot invoke "com.google.gson.JsonElement.getAsString()" because the return value of "com.google.gson.JsonObject.get(String)" is null
[04Oct2025 00:24:07.813] [Server thread/WARN] [KubeJS Server/]: Failed to parse recipe 'tconstruct:smeltery/melting/metal/nickel/ingot[tconstruct:melting]'! Falling back to vanilla: Cannot invoke "com.google.gson.JsonElement.getAsString()" because the return value of "com.google.gson.JsonObject.get(String)" is null
[04Oct2025 00:24:07.814] [Server thread/WARN] [KubeJS Server/]: Failed to parse recipe 'tconstruct:smeltery/casting/metal/lead/block[tconstruct:casting_basin]'! Falling back to vanilla: Cannot invoke "com.google.gson.JsonElement.getAsString()" because the return value of "com.google.gson.JsonObject.get(String)" is null
[04Oct2025 00:24:07.816] [Server thread/WARN] [KubeJS Server/]: Failed to parse recipe 'tconstruct:smeltery/casting/metal/constantan/block[tconstruct:casting_basin]'! Falling back to vanilla: Cannot invoke "com.google.gson.JsonElement.getAsString()" because the return value of "com.google.gson.JsonObject.get(String)" is null
[04Oct2025 00:24:07.817] [Server thread/WARN] [KubeJS Server/]: Failed to parse recipe 'tconstruct:smeltery/casting/metal/tin/nugget_gold_cast[tconstruct:casting_table]'! Falling back to vanilla: Cannot invoke "com.google.gson.JsonElement.getAsString()" because the return value of "com.google.gson.JsonObject.get(String)" is null
[04Oct2025 00:24:07.819] [Server thread/WARN] [KubeJS Server/]: Failed to parse recipe 'tconstruct:smeltery/casts/gold/tough_handle[tconstruct:casting_table]'! Falling back to vanilla: Cannot invoke "com.google.gson.JsonElement.getAsString()" because the return value of "com.google.gson.JsonObject.get(String)" is null
[04Oct2025 00:24:07.820] [Server thread/WARN] [KubeJS Server/]: Failed to parse recipe 'tconstruct:smeltery/casting/obsidian/chest[tconstruct:casting_basin]'! Falling back to vanilla: Cannot invoke "com.google.gson.JsonElement.getAsString()" because the return value of "com.google.gson.JsonObject.get(String)" is null
[04Oct2025 00:24:07.823] [Server thread/WARN] [KubeJS Server/]: Failed to parse recipe 'tconstruct:smeltery/casting/metal/invar/plate_gold_cast[tconstruct:casting_table]'! Falling back to vanilla: Cannot invoke "com.google.gson.JsonElement.getAsString()" because the return value of "com.google.gson.JsonObject.get(String)" is null
[04Oct2025 00:24:07.825] [Server thread/WARN] [KubeJS Server/]: Failed to parse recipe 'tconstruct:smeltery/casting/metal/invar/nugget_sand_cast[tconstruct:casting_table]'! Falling back to vanilla: Cannot invoke "com.google.gson.JsonElement.getAsString()" because the return value of "com.google.gson.JsonObject.get(String)" is null
[04Oct2025 00:24:07.826] [Server thread/WARN] [KubeJS Server/]: Failed to parse recipe 'tconstruct:smeltery/casting/metal/refined_obsidian/ingot_sand_cast[tconstruct:casting_table]'! Falling back to vanilla: Cannot invoke "com.google.gson.JsonElement.getAsString()" because the return value of "com.google.gson.JsonObject.get(String)" is null
[04Oct2025 00:24:07.834] [Server thread/WARN] [KubeJS Server/]: Failed to parse recipe 'tconstruct:smeltery/casting/metal/netherite/ingot_gold_cast[tconstruct:casting_table]'! Falling back to vanilla: Cannot invoke "com.google.gson.JsonElement.getAsString()" because the return value of "com.google.gson.JsonObject.get(String)" is null
[04Oct2025 00:24:07.836] [Server thread/WARN] [KubeJS Server/]: Failed to parse recipe 'tconstruct:smeltery/casting/amethyst/block[tconstruct:casting_basin]'! Falling back to vanilla: Cannot invoke "com.google.gson.JsonElement.getAsString()" because the return value of "com.google.gson.JsonObject.get(String)" is null
[04Oct2025 00:24:07.837] [Server thread/WARN] [KubeJS Server/]: Failed to parse recipe 'tconstruct:smeltery/casting/blazewood_fence[tconstruct:casting_basin]'! Falling back to vanilla: Cannot invoke "com.google.gson.JsonElement.getAsString()" because the return value of "com.google.gson.JsonObject.get(String)" is null
[04Oct2025 00:24:07.839] [Server thread/WARN] [KubeJS Server/]: Failed to parse recipe 'tconstruct:smeltery/melting/metal/electrum/ingot[tconstruct:melting]'! Falling back to vanilla: Cannot invoke "com.google.gson.JsonElement.getAsString()" because the return value of "com.google.gson.JsonObject.get(String)" is null
[04Oct2025 00:24:07.850] [Server thread/WARN] [KubeJS Server/]: Failed to parse recipe 'tconstruct:smeltery/melting/slime/earth/sapling[tconstruct:melting]'! Falling back to vanilla: Cannot invoke "com.google.gson.JsonElement.getAsString()" because the return value of "com.google.gson.JsonObject.get(String)" is null
[04Oct2025 00:24:07.851] [Server thread/WARN] [KubeJS Server/]: Failed to parse recipe 'tconstruct:smeltery/casting/metal/enderium/gear_sand_cast[tconstruct:casting_table]'! Falling back to vanilla: Cannot invoke "com.google.gson.JsonElement.getAsString()" because the return value of "com.google.gson.JsonObject.get(String)" is null
[04Oct2025 00:24:07.853] [Server thread/WARN] [KubeJS Server/]: Failed to parse recipe 'mekanism:rotary/hydrogen_chloride[mekanism:rotary]'! Falling back to vanilla: Cannot invoke "com.google.gson.JsonElement.getAsString()" because the return value of "com.google.gson.JsonObject.get(String)" is null
[04Oct2025 00:24:07.860] [Server thread/WARN] [KubeJS Server/]: Failed to parse recipe 'deeperdarker:resonarium_hoe_smithing[minecraft:smithing_transform]'! Falling back to vanilla: Ingredient 'template' can't be empty!
[04Oct2025 00:24:07.861] [Server thread/WARN] [KubeJS Server/]: Failed to parse recipe 'tconstruct:smeltery/casting/scorched/brick_gold_cast[tconstruct:casting_table]'! Falling back to vanilla: Cannot invoke "com.google.gson.JsonElement.getAsString()" because the return value of "com.google.gson.JsonObject.get(String)" is null
[04Oct2025 00:24:07.862] [Server thread/WARN] [KubeJS Server/]: Failed to parse recipe 'tconstruct:smeltery/entity_melting/heads/piglin[tconstruct:melting]'! Falling back to vanilla: Cannot invoke "com.google.gson.JsonElement.getAsString()" because the return value of "com.google.gson.JsonObject.get(String)" is null
[04Oct2025 00:24:07.863] [Server thread/WARN] [KubeJS Server/]: Failed to parse recipe 'tconstruct:smeltery/casting/metal/nickel/nugget_sand_cast[tconstruct:casting_table]'! Falling back to vanilla: Cannot invoke "com.google.gson.JsonElement.getAsString()" because the return value of "com.google.gson.JsonObject.get(String)" is null
[04Oct2025 00:24:07.865] [Server thread/WARN] [KubeJS Server/]: Failed to parse recipe 'tconstruct:smeltery/melting/metal/manyullyn/ingot[tconstruct:melting]'! Falling back to vanilla: Cannot invoke "com.google.gson.JsonElement.getAsString()" because the return value of "com.google.gson.JsonObject.get(String)" is null
[04Oct2025 00:24:07.866] [Server thread/WARN] [KubeJS Server/]: Failed to parse recipe 'tconstruct:smeltery/casting/metal/cobalt/nugget_gold_cast[tconstruct:casting_table]'! Falling back to vanilla: Cannot invoke "com.google.gson.JsonElement.getAsString()" because the return value of "com.google.gson.JsonObject.get(String)" is null
[04Oct2025 00:24:07.867] [Server thread/WARN] [KubeJS Server/]: Failed to parse recipe 'tconstruct:smeltery/melting/metal/osmium/dust[tconstruct:melting]'! Falling back to vanilla: Cannot invoke "com.google.gson.JsonElement.getAsString()" because the return value of "com.google.gson.JsonObject.get(String)" is null
[04Oct2025 00:24:07.869] [Server thread/WARN] [KubeJS Server/]: Failed to parse recipe 'tconstruct:smeltery/casting/metal/netherite/block[tconstruct:casting_basin]'! Falling back to vanilla: Cannot invoke "com.google.gson.JsonElement.getAsString()" because the return value of "com.google.gson.JsonObject.get(String)" is null
[04Oct2025 00:24:07.872] [Server thread/WARN] [KubeJS Server/]: Failed to parse recipe 'tconstruct:smeltery/melting/metal/lead/block[tconstruct:melting]'! Falling back to vanilla: Cannot invoke "com.google.gson.JsonElement.getAsString()" because the return value of "com.google.gson.JsonObject.get(String)" is null
[04Oct2025 00:24:07.873] [Server thread/WARN] [KubeJS Server/]: Failed to parse recipe 'tconstruct:smeltery/casts/gold/nuggets[tconstruct:casting_table]'! Falling back to vanilla: Cannot invoke "com.google.gson.JsonElement.getAsString()" because the return value of "com.google.gson.JsonObject.get(String)" is null
[04Oct2025 00:24:07.874] [Server thread/WARN] [KubeJS Server/]: Failed to parse recipe 'tconstruct:smeltery/casting/metal/invar/coin_gold_cast[tconstruct:casting_table]'! Falling back to vanilla: Cannot invoke "com.google.gson.JsonElement.getAsString()" because the return value of "com.google.gson.JsonObject.get(String)" is null
[04Oct2025 00:24:07.876] [Server thread/WARN] [KubeJS Server/]: Failed to parse recipe 'tconstruct:smeltery/casting/metal/bronze/ingot_gold_cast[tconstruct:casting_table]'! Falling back to vanilla: Cannot invoke "com.google.gson.JsonElement.getAsString()" because the return value of "com.google.gson.JsonObject.get(String)" is null
[04Oct2025 00:24:07.878] [Server thread/WARN] [KubeJS Server/]: Failed to parse recipe 'tconstruct:smeltery/casting/metal/netherite/nugget_sand_cast[tconstruct:casting_table]'! Falling back to vanilla: Cannot invoke "com.google.gson.JsonElement.getAsString()" because the return value of "com.google.gson.JsonObject.get(String)" is null
[04Oct2025 00:24:07.880] [Server thread/WARN] [KubeJS Server/]: Failed to parse recipe 'tconstruct:smeltery/casts/gold/leggings_plating[tconstruct:casting_table]'! Falling back to vanilla: Cannot invoke "com.google.gson.JsonElement.getAsString()" because the return value of "com.google.gson.JsonObject.get(String)" is null
[04Oct2025 00:24:07.882] [Server thread/WARN] [KubeJS Server/]: Failed to parse recipe 'tconstruct:smeltery/casting/metal/osmium/block[tconstruct:casting_basin]'! Falling back to vanilla: Cannot invoke "com.google.gson.JsonElement.getAsString()" because the return value of "com.google.gson.JsonObject.get(String)" is null
[04Oct2025 00:24:07.884] [Server thread/WARN] [KubeJS Server/]: Failed to parse recipe 'tconstruct:smeltery/casting/obsidian/nahuatl[tconstruct:casting_basin]'! Falling back to vanilla: Cannot invoke "com.google.gson.JsonElement.getAsString()" because the return value of "com.google.gson.JsonObject.get(String)" is null
[04Oct2025 00:24:07.885] [Server thread/WARN] [KubeJS Server/]: Failed to parse recipe 'tconstruct:smeltery/casting/metal/steel/block[tconstruct:casting_basin]'! Falling back to vanilla: Cannot invoke "com.google.gson.JsonElement.getAsString()" because the return value of "com.google.gson.JsonObject.get(String)" is null
[04Oct2025 00:24:07.887] [Server thread/WARN] [KubeJS Server/]: Failed to parse recipe 'mekanism:rotary/superheated_sodium[mekanism:rotary]'! Falling back to vanilla: Cannot invoke "com.google.gson.JsonElement.getAsString()" because the return value of "com.google.gson.JsonObject.get(String)" is null
[04Oct2025 00:24:07.888] [Server thread/WARN] [KubeJS Server/]: Failed to parse recipe 'mekanism:processing/copper/slurry/clean[mekanism:washing]'! Falling back to vanilla: Cannot invoke "com.google.gson.JsonElement.getAsString()" because the return value of "com.google.gson.JsonObject.get(String)" is null
[04Oct2025 00:24:07.889] [Server thread/WARN] [KubeJS Server/]: Failed to parse recipe 'tconstruct:smeltery/melting/metal/brass/ingot[tconstruct:melting]'! Falling back to vanilla: Cannot invoke "com.google.gson.JsonElement.getAsString()" because the return value of "com.google.gson.JsonObject.get(String)" is null
[04Oct2025 00:24:07.891] [Server thread/WARN] [KubeJS Server/]: Failed to parse recipe 'tconstruct:smeltery/casting/metal/pig_iron/nugget_gold_cast[tconstruct:casting_table]'! Falling back to vanilla: Cannot invoke "com.google.gson.JsonElement.getAsString()" because the return value of "com.google.gson.JsonObject.get(String)" is null
[04Oct2025 00:24:07.892] [Server thread/WARN] [KubeJS Server/]: Failed to parse recipe 'tconstruct:smeltery/melting/metal/cobalt/ingot[tconstruct:melting]'! Falling back to vanilla: Cannot invoke "com.google.gson.JsonElement.getAsString()" because the return value of "com.google.gson.JsonObject.get(String)" is null
[04Oct2025 00:24:07.893] [Server thread/WARN] [KubeJS Server/]: Failed to parse recipe 'tconstruct:smeltery/casting/metal/slimesteel/nugget_sand_cast[tconstruct:casting_table]'! Falling back to vanilla: Cannot invoke "com.google.gson.JsonElement.getAsString()" because the return value of "com.google.gson.JsonObject.get(String)" is null
[04Oct2025 00:24:07.894] [Server thread/WARN] [KubeJS Server/]: Failed to parse recipe 'tconstruct:smeltery/casting/metal/lumium/coin_gold_cast[tconstruct:casting_table]'! Falling back to vanilla: Cannot invoke "com.google.gson.JsonElement.getAsString()" because the return value of "com.google.gson.JsonObject.get(String)" is null
[04Oct2025 00:24:07.896] [Server thread/WARN] [KubeJS Server/]: Failed to parse recipe 'tconstruct:smeltery/casting/metal/hepatizon/nugget_sand_cast[tconstruct:casting_table]'! Falling back to vanilla: Cannot invoke "com.google.gson.JsonElement.getAsString()" because the return value of "com.google.gson.JsonObject.get(String)" is null
[04Oct2025 00:24:07.899] [Server thread/WARN] [KubeJS Server/]: Failed to parse recipe 'tconstruct:smeltery/casting/metal/cobalt/ingot_gold_cast[tconstruct:casting_table]'! Falling back to vanilla: Cannot invoke "com.google.gson.JsonElement.getAsString()" because the return value of "com.google.gson.JsonObject.get(String)" is null
[04Oct2025 00:24:07.901] [Server thread/WARN] [KubeJS Server/]: Failed to parse recipe 'tconstruct:smeltery/casting/metal/signalum/block[tconstruct:casting_basin]'! Falling back to vanilla: Cannot invoke "com.google.gson.JsonElement.getAsString()" because the return value of "com.google.gson.JsonObject.get(String)" is null
[04Oct2025 00:24:07.902] [Server thread/WARN] [KubeJS Server/]: Failed to parse recipe 'mekanism:processing/gold/slurry/clean[mekanism:washing]'! Falling back to vanilla: Cannot invoke "com.google.gson.JsonElement.getAsString()" because the return value of "com.google.gson.JsonObject.get(String)" is null
[04Oct2025 00:24:07.905] [Server thread/WARN] [KubeJS Server/]: Failed to parse recipe 'tconstruct:smeltery/casts/gold/helmet_plating[tconstruct:casting_table]'! Falling back to vanilla: Cannot invoke "com.google.gson.JsonElement.getAsString()" because the return value of "com.google.gson.JsonObject.get(String)" is null
[04Oct2025 00:24:07.907] [Server thread/WARN] [KubeJS Server/]: Failed to parse recipe 'tconstruct:smeltery/casting/metal/tin/plate_sand_cast[tconstruct:casting_table]'! Falling back to vanilla: Cannot invoke "com.google.gson.JsonElement.getAsString()" because the return value of "com.google.gson.JsonObject.get(String)" is null
[04Oct2025 00:24:07.908] [Server thread/WARN] [KubeJS Server/]: Failed to parse recipe 'tconstruct:smeltery/casting/metal/gold/ingot_gold_cast[tconstruct:casting_table]'! Falling back to vanilla: Cannot invoke "com.google.gson.JsonElement.getAsString()" because the return value of "com.google.gson.JsonObject.get(String)" is null
[04Oct2025 00:24:07.910] [Server thread/WARN] [KubeJS Server/]: Failed to parse recipe 'tconstruct:smeltery/casts/gold/coins[tconstruct:casting_table]'! Falling back to vanilla: Cannot invoke "com.google.gson.JsonElement.getAsString()" because the return value of "com.google.gson.JsonObject.get(String)" is null
[04Oct2025 00:24:07.914] [Server thread/WARN] [KubeJS Server/]: Failed to parse recipe 'tconstruct:smeltery/melting/metal/iron/nugget_3[tconstruct:melting]'! Falling back to vanilla: Cannot invoke "com.google.gson.JsonElement.getAsString()" because the return value of "com.google.gson.JsonObject.get(String)" is null
[04Oct2025 00:24:07.917] [Server thread/WARN] [KubeJS Server/]: Failed to parse recipe 'tconstruct:smeltery/casting/metal/pig_iron/block[tconstruct:casting_basin]'! Falling back to vanilla: Cannot invoke "com.google.gson.JsonElement.getAsString()" because the return value of "com.google.gson.JsonObject.get(String)" is null
[04Oct2025 00:24:07.918] [Server thread/WARN] [KubeJS Server/]: Failed to parse recipe 'tconstruct:smeltery/casting/metal/refined_obsidian/ingot_gold_cast[tconstruct:casting_table]'! Falling back to vanilla: Cannot invoke "com.google.gson.JsonElement.getAsString()" because the return value of "com.google.gson.JsonObject.get(String)" is null
[04Oct2025 00:24:07.920] [Server thread/WARN] [KubeJS Server/]: Failed to parse recipe 'tconstruct:smeltery/casting/metal/brass/ingot_sand_cast[tconstruct:casting_table]'! Falling back to vanilla: Cannot invoke "com.google.gson.JsonElement.getAsString()" because the return value of "com.google.gson.JsonObject.get(String)" is null
[04Oct2025 00:24:07.921] [Server thread/WARN] [KubeJS Server/]: Failed to parse recipe 'tconstruct:smeltery/casting/metal/tin/plate_gold_cast[tconstruct:casting_table]'! Falling back to vanilla: Cannot invoke "com.google.gson.JsonElement.getAsString()" because the return value of "com.google.gson.JsonObject.get(String)" is null
[04Oct2025 00:24:07.922] [Server thread/WARN] [KubeJS Server/]: Failed to parse recipe 'tconstruct:smeltery/melting/metal/gold/nugget[tconstruct:melting]'! Falling back to vanilla: Cannot invoke "com.google.gson.JsonElement.getAsString()" because the return value of "com.google.gson.JsonObject.get(String)" is null
[04Oct2025 00:24:07.924] [Server thread/WARN] [KubeJS Server/]: Failed to parse recipe 'tconstruct:smeltery/melting/metal/electrum/nugget[tconstruct:melting]'! Falling back to vanilla: Cannot invoke "com.google.gson.JsonElement.getAsString()" because the return value of "com.google.gson.JsonObject.get(String)" is null
[04Oct2025 00:24:07.926] [Server thread/WARN] [KubeJS Server/]: Failed to parse recipe 'tconstruct:smeltery/casting/metal/zinc/ingot_sand_cast[tconstruct:casting_table]'! Falling back to vanilla: Cannot invoke "com.google.gson.JsonElement.getAsString()" because the return value of "com.google.gson.JsonObject.get(String)" is null
[04Oct2025 00:24:07.927] [Server thread/WARN] [KubeJS Server/]: Failed to parse recipe 'tconstruct:smeltery/melting/metal/signalum/nugget[tconstruct:melting]'! Falling back to vanilla: Cannot invoke "com.google.gson.JsonElement.getAsString()" because the return value of "com.google.gson.JsonObject.get(String)" is null
[04Oct2025 00:24:07.929] [Server thread/WARN] [KubeJS Server/]: Failed to parse recipe 'tconstruct:smeltery/casting/metal/pig_iron/nugget_sand_cast[tconstruct:casting_table]'! Falling back to vanilla: Cannot invoke "com.google.gson.JsonElement.getAsString()" because the return value of "com.google.gson.JsonObject.get(String)" is null
[04Oct2025 00:24:07.932] [Server thread/WARN] [KubeJS Server/]: Failed to parse recipe 'tconstruct:smeltery/casting/metal/lead/nugget_sand_cast[tconstruct:casting_table]'! Falling back to vanilla: Cannot invoke "com.google.gson.JsonElement.getAsString()" because the return value of "com.google.gson.JsonObject.get(String)" is null
[04Oct2025 00:24:07.934] [Server thread/WARN] [KubeJS Server/]: Failed to parse recipe 'tconstruct:smeltery/casting/scorched/brick_sand_cast[tconstruct:casting_table]'! Falling back to vanilla: Cannot invoke "com.google.gson.JsonElement.getAsString()" because the return value of "com.google.gson.JsonObject.get(String)" is null
[04Oct2025 00:24:07.937] [Server thread/WARN] [KubeJS Server/]: Failed to parse recipe 'tconstruct:smeltery/casting/metal/copper/wire_sand_cast[tconstruct:casting_table]'! Falling back to vanilla: Cannot invoke "com.google.gson.JsonElement.getAsString()" because the return value of "com.google.gson.JsonObject.get(String)" is null
[04Oct2025 00:24:07.939] [Server thread/WARN] [KubeJS Server/]: Failed to parse recipe 'tconstruct:smeltery/casting/metal/lumium/coin_sand_cast[tconstruct:casting_table]'! Falling back to vanilla: Cannot invoke "com.google.gson.JsonElement.getAsString()" because the return value of "com.google.gson.JsonObject.get(String)" is null
[04Oct2025 00:24:07.941] [Server thread/WARN] [KubeJS Server/]: Failed to parse recipe 'tconstruct:smeltery/melting/metal/gold/bell[tconstruct:melting]'! Falling back to vanilla: Cannot invoke "com.google.gson.JsonElement.getAsString()" because the return value of "com.google.gson.JsonObject.get(String)" is null
[04Oct2025 00:24:07.944] [Server thread/WARN] [KubeJS Server/]: Failed to parse recipe 'tconstruct:smeltery/casting/emerald/block[tconstruct:casting_basin]'! Falling back to vanilla: Cannot invoke "com.google.gson.JsonElement.getAsString()" because the return value of "com.google.gson.JsonObject.get(String)" is null
[04Oct2025 00:24:07.945] [Server thread/WARN] [KubeJS Server/]: Failed to parse recipe 'tconstruct:smeltery/melting/metal/silver/coin[tconstruct:melting]'! Falling back to vanilla: Cannot invoke "com.google.gson.JsonElement.getAsString()" because the return value of "com.google.gson.JsonObject.get(String)" is null
[04Oct2025 00:24:07.947] [Server thread/WARN] [KubeJS Server/]: Failed to parse recipe 'tconstruct:smeltery/casting/scorched/glass_tinted[tconstruct:casting_basin]'! Falling back to vanilla: Cannot invoke "com.google.gson.JsonElement.getAsString()" because the return value of "com.google.gson.JsonObject.get(String)" is null
[04Oct2025 00:24:07.949] [Server thread/WARN] [KubeJS Server/]: Failed to parse recipe 'tconstruct:smeltery/melting/metal/copper/nugget[tconstruct:melting]'! Falling back to vanilla: Cannot invoke "com.google.gson.JsonElement.getAsString()" because the return value of "com.google.gson.JsonObject.get(String)" is null
[04Oct2025 00:24:07.950] [Server thread/WARN] [KubeJS Server/]: Failed to parse recipe 'tconstruct:smeltery/casting/metal/hepatizon/nugget_gold_cast[tconstruct:casting_table]'! Falling back to vanilla: Cannot invoke "com.google.gson.JsonElement.getAsString()" because the return value of "com.google.gson.JsonObject.get(String)" is null
[04Oct2025 00:24:07.952] [Server thread/WARN] [KubeJS Server/]: Failed to parse recipe 'tconstruct:smeltery/melting/metal/lumium/coin[tconstruct:melting]'! Falling back to vanilla: Cannot invoke "com.google.gson.JsonElement.getAsString()" because the return value of "com.google.gson.JsonObject.get(String)" is null
[04Oct2025 00:24:07.953] [Server thread/WARN] [KubeJS Server/]: Failed to parse recipe 'tconstruct:smeltery/casting/metal/netherite/ancient_repair_kit_sand_cast[tconstruct:casting_table]'! Falling back to vanilla: Cannot invoke "com.google.gson.JsonElement.getAsString()" because the return value of "com.google.gson.JsonObject.get(String)" is null
[04Oct2025 00:24:07.956] [Server thread/WARN] [KubeJS Server/]: Failed to parse recipe 'tconstruct:smeltery/casting/metal/gold/ingot_sand_cast[tconstruct:casting_table]'! Falling back to vanilla: Cannot invoke "com.google.gson.JsonElement.getAsString()" because the return value of "com.google.gson.JsonObject.get(String)" is null
[04Oct2025 00:24:07.958] [Server thread/WARN] [KubeJS Server/]: Failed to parse recipe 'tconstruct:smeltery/melting/metal/iron/tripwire[tconstruct:melting]'! Falling back to vanilla: Cannot invoke "com.google.gson.JsonElement.getAsString()" because the return value of "com.google.gson.JsonObject.get(String)" is null
[04Oct2025 00:24:07.960] [Server thread/WARN] [KubeJS Server/]: Failed to parse recipe 'tconstruct:smeltery/casting/metal/bronze/ingot_sand_cast[tconstruct:casting_table]'! Falling back to vanilla: Cannot invoke "com.google.gson.JsonElement.getAsString()" because the return value of "com.google.gson.JsonObject.get(String)" is null
[04Oct2025 00:24:07.963] [Server thread/WARN] [KubeJS Server/]: Failed to parse recipe 'tconstruct:smeltery/casting/metal/gold/plate_gold_cast[tconstruct:casting_table]'! Falling back to vanilla: Cannot invoke "com.google.gson.JsonElement.getAsString()" because the return value of "com.google.gson.JsonObject.get(String)" is null
[04Oct2025 00:24:07.965] [Server thread/WARN] [KubeJS Server/]: Failed to parse recipe 'tconstruct:smeltery/casting/metal/iron/plate_sand_cast[tconstruct:casting_table]'! Falling back to vanilla: Cannot invoke "com.google.gson.JsonElement.getAsString()" because the return value of "com.google.gson.JsonObject.get(String)" is null
[04Oct2025 00:24:07.967] [Server thread/WARN] [KubeJS Server/]: Failed to parse recipe 'tconstruct:smeltery/melting/metal/rose_gold/ingot[tconstruct:melting]'! Falling back to vanilla: Cannot invoke "com.google.gson.JsonElement.getAsString()" because the return value of "com.google.gson.JsonObject.get(String)" is null
[04Oct2025 00:24:07.969] [Server thread/WARN] [KubeJS Server/]: Failed to parse recipe 'tconstruct:smeltery/melting/metal/signalum/coin[tconstruct:melting]'! Falling back to vanilla: Cannot invoke "com.google.gson.JsonElement.getAsString()" because the return value of "com.google.gson.JsonObject.get(String)" is null
[04Oct2025 00:24:07.970] [Server thread/WARN] [KubeJS Server/]: Failed to parse recipe 'tconstruct:smeltery/melting/metal/silver/block[tconstruct:melting]'! Falling back to vanilla: Cannot invoke "com.google.gson.JsonElement.getAsString()" because the return value of "com.google.gson.JsonObject.get(String)" is null
[04Oct2025 00:24:07.972] [Server thread/WARN] [KubeJS Server/]: Failed to parse recipe 'tconstruct:smeltery/melting/metal/brass/nugget[tconstruct:melting]'! Falling back to vanilla: Cannot invoke "com.google.gson.JsonElement.getAsString()" because the return value of "com.google.gson.JsonObject.get(String)" is null
[04Oct2025 00:24:07.973] [Server thread/WARN] [KubeJS Server/]: Failed to parse recipe 'tconstruct:smeltery/casting/scorched/brick_composite[tconstruct:casting_table]'! Falling back to vanilla: Cannot invoke "com.google.gson.JsonElement.getAsString()" because the return value of "com.google.gson.JsonObject.get(String)" is null
[04Oct2025 00:24:07.976] [Server thread/WARN] [KubeJS Server/]: Failed to parse recipe 'mekanism:rotary/sulfur_trioxide[mekanism:rotary]'! Falling back to vanilla: Cannot invoke "com.google.gson.JsonElement.getAsString()" because the return value of "com.google.gson.JsonObject.get(String)" is null
[04Oct2025 00:24:07.978] [Server thread/WARN] [KubeJS Server/]: Failed to parse recipe 'tconstruct:smeltery/casting/metal/slimesteel/ingot_gold_cast[tconstruct:casting_table]'! Falling back to vanilla: Cannot invoke "com.google.gson.JsonElement.getAsString()" because the return value of "com.google.gson.JsonObject.get(String)" is null
[04Oct2025 00:24:07.979] [Server thread/WARN] [KubeJS Server/]: Failed to parse recipe 'tconstruct:smeltery/casting/metal/netherite/nugget_gold_cast[tconstruct:casting_table]'! Falling back to vanilla: Cannot invoke "com.google.gson.JsonElement.getAsString()" because the return value of "com.google.gson.JsonObject.get(String)" is null
[04Oct2025 00:24:07.981] [Server thread/WARN] [KubeJS Server/]: Failed to parse recipe 'tconstruct:smeltery/casting/quartz/granite[tconstruct:casting_basin]'! Falling back to vanilla: Cannot invoke "com.google.gson.JsonElement.getAsString()" because the return value of "com.google.gson.JsonObject.get(String)" is null
[04Oct2025 00:24:07.982] [Server thread/WARN] [KubeJS Server/]: Failed to parse recipe 'tconstruct:smeltery/casting/metal/silver/gear_gold_cast[tconstruct:casting_table]'! Falling back to vanilla: Cannot invoke "com.google.gson.JsonElement.getAsString()" because the return value of "com.google.gson.JsonObject.get(String)" is null
[04Oct2025 00:24:07.984] [Server thread/WARN] [KubeJS Server/]: Failed to parse recipe 'tconstruct:smeltery/casting/metal/gold/block[tconstruct:casting_basin]'! Falling back to vanilla: Cannot invoke "com.google.gson.JsonElement.getAsString()" because the return value of "com.google.gson.JsonObject.get(String)" is null
[04Oct2025 00:24:07.986] [Server thread/WARN] [KubeJS Server/]: Failed to parse recipe 'tconstruct:smeltery/melting/metal/electrum/block[tconstruct:melting]'! Falling back to vanilla: Cannot invoke "com.google.gson.JsonElement.getAsString()" because the return value of "com.google.gson.JsonObject.get(String)" is null
[04Oct2025 00:24:07.987] [Server thread/WARN] [KubeJS Server/]: Failed to parse recipe 'tconstruct:smeltery/casting/slime/sky/slimeball[tconstruct:casting_table]'! Falling back to vanilla: Cannot invoke "com.google.gson.JsonElement.getAsString()" because the return value of "com.google.gson.JsonObject.get(String)" is null
[04Oct2025 00:24:07.989] [Server thread/WARN] [KubeJS Server/]: Failed to parse recipe 'mekanism:processing/lategame/polonium_pellet/from_reaction[mekanism:reaction]'! Falling back to vanilla: Cannot invoke "com.google.gson.JsonElement.getAsString()" because the return value of "com.google.gson.JsonObject.get(String)" is null
[04Oct2025 00:24:07.991] [Server thread/WARN] [KubeJS Server/]: Failed to parse recipe 'tconstruct:smeltery/melting/metal/bronze/gear[tconstruct:melting]'! Falling back to vanilla: Cannot invoke "com.google.gson.JsonElement.getAsString()" because the return value of "com.google.gson.JsonObject.get(String)" is null
[04Oct2025 00:24:07.993] [Server thread/WARN] [KubeJS Server/]: Failed to parse recipe 'tconstruct:smeltery/melting/metal/constantan/coin[tconstruct:melting]'! Falling back to vanilla: Cannot invoke "com.google.gson.JsonElement.getAsString()" because the return value of "com.google.gson.JsonObject.get(String)" is null
[04Oct2025 00:24:07.995] [Server thread/WARN] [KubeJS Server/]: Failed to parse recipe 'tconstruct:smeltery/casting/metal/brass/ingot_gold_cast[tconstruct:casting_table]'! Falling back to vanilla: Cannot invoke "com.google.gson.JsonElement.getAsString()" because the return value of "com.google.gson.JsonObject.get(String)" is null
[04Oct2025 00:24:07.998] [Server thread/WARN] [KubeJS Server/]: Failed to parse recipe 'tconstruct:smeltery/casting/metal/signalum/gear_sand_cast[tconstruct:casting_table]'! Falling back to vanilla: Cannot invoke "com.google.gson.JsonElement.getAsString()" because the return value of "com.google.gson.JsonObject.get(String)" is null
[04Oct2025 00:24:07.999] [Server thread/WARN] [KubeJS Server/]: Failed to parse recipe 'tconstruct:tools/modifiers/jeweled_apple[tconstruct:casting_table]'! Falling back to vanilla: Cannot invoke "com.google.gson.JsonElement.getAsString()" because the return value of "com.google.gson.JsonObject.get(String)" is null
[04Oct2025 00:24:08.001] [Server thread/WARN] [KubeJS Server/]: Failed to parse recipe 'tconstruct:smeltery/casts/gold/broad_axe_head[tconstruct:casting_table]'! Falling back to vanilla: Cannot invoke "com.google.gson.JsonElement.getAsString()" because the return value of "com.google.gson.JsonObject.get(String)" is null
[04Oct2025 00:24:08.003] [Server thread/WARN] [KubeJS Server/]: Failed to parse recipe 'tconstruct:smeltery/casting/metal/lead/plate_gold_cast[tconstruct:casting_table]'! Falling back to vanilla: Cannot invoke "com.google.gson.JsonElement.getAsString()" because the return value of "com.google.gson.JsonObject.get(String)" is null
[04Oct2025 00:24:08.005] [Server thread/WARN] [KubeJS Server/]: Failed to parse recipe 'tconstruct:smeltery/casting/metal/tin/nugget_sand_cast[tconstruct:casting_table]'! Falling back to vanilla: Cannot invoke "com.google.gson.JsonElement.getAsString()" because the return value of "com.google.gson.JsonObject.get(String)" is null
[04Oct2025 00:24:08.006] [Server thread/WARN] [KubeJS Server/]: Failed to parse recipe 'tconstruct:smeltery/casting/quartz/andesite[tconstruct:casting_basin]'! Falling back to vanilla: Cannot invoke "com.google.gson.JsonElement.getAsString()" because the return value of "com.google.gson.JsonObject.get(String)" is null
[04Oct2025 00:24:08.008] [Server thread/WARN] [KubeJS Server/]: Failed to parse recipe 'mekanism:processing/lategame/plutonium_pellet/from_reaction[mekanism:reaction]'! Falling back to vanilla: Cannot invoke "com.google.gson.JsonElement.getAsString()" because the return value of "com.google.gson.JsonObject.get(String)" is null
[04Oct2025 00:24:08.010] [Server thread/WARN] [KubeJS Server/]: Failed to parse recipe 'tconstruct:tools/armor/slimelytra[tconstruct:casting_basin]'! Falling back to vanilla: Cannot invoke "com.google.gson.JsonElement.getAsString()" because the return value of "com.google.gson.JsonObject.get(String)" is null
[04Oct2025 00:24:08.014] [Server thread/WARN] [KubeJS Server/]: Failed to parse recipe 'tconstruct:smeltery/casting/metal/lumium/block[tconstruct:casting_basin]'! Falling back to vanilla: Cannot invoke "com.google.gson.JsonElement.getAsString()" because the return value of "com.google.gson.JsonObject.get(String)" is null
[04Oct2025 00:24:08.016] [Server thread/WARN] [KubeJS Server/]: Failed to parse recipe 'mekanism:reaction/wood_gasification/wooden_slabs[mekanism:reaction]'! Falling back to vanilla: Cannot invoke "com.google.gson.JsonElement.getAsString()" because the return value of "com.google.gson.JsonObject.get(String)" is null
[04Oct2025 00:24:08.018] [Server thread/WARN] [KubeJS Server/]: Failed to parse recipe 'tconstruct:smeltery/casting/metal/iron/coin_sand_cast[tconstruct:casting_table]'! Falling back to vanilla: Cannot invoke "com.google.gson.JsonElement.getAsString()" because the return value of "com.google.gson.JsonObject.get(String)" is null
[04Oct2025 00:24:08.020] [Server thread/WARN] [KubeJS Server/]: Failed to parse recipe 'tconstruct:smeltery/casting/metal/lumium/nugget_sand_cast[tconstruct:casting_table]'! Falling back to vanilla: Cannot invoke "com.google.gson.JsonElement.getAsString()" because the return value of "com.google.gson.JsonObject.get(String)" is null
[04Oct2025 00:24:08.022] [Server thread/WARN] [KubeJS Server/]: Failed to parse recipe 'tconstruct:smeltery/casting/metal/constantan/ingot_gold_cast[tconstruct:casting_table]'! Falling back to vanilla: Cannot invoke "com.google.gson.JsonElement.getAsString()" because the return value of "com.google.gson.JsonObject.get(String)" is null
[04Oct2025 00:24:08.024] [Server thread/WARN] [KubeJS Server/]: Failed to parse recipe 'tconstruct:smeltery/casting/metal/netherite/coin_gold_cast[tconstruct:casting_table]'! Falling back to vanilla: Cannot invoke "com.google.gson.JsonElement.getAsString()" because the return value of "com.google.gson.JsonObject.get(String)" is null
[04Oct2025 00:24:08.029] [Server thread/WARN] [KubeJS Server/]: Failed to parse recipe 'tconstruct:smeltery/casting/metal/lead/gear_gold_cast[tconstruct:casting_table]'! Falling back to vanilla: Cannot invoke "com.google.gson.JsonElement.getAsString()" because the return value of "com.google.gson.JsonObject.get(String)" is null
[04Oct2025 00:24:08.031] [Server thread/WARN] [KubeJS Server/]: Failed to parse recipe 'tconstruct:smeltery/casting/blaze/bone[tconstruct:casting_table]'! Falling back to vanilla: Cannot invoke "com.google.gson.JsonElement.getAsString()" because the return value of "com.google.gson.JsonObject.get(String)" is null
[04Oct2025 00:24:08.032] [Server thread/WARN] [KubeJS Server/]: Failed to parse recipe 'tconstruct:smeltery/casts/gold/rods[tconstruct:casting_table]'! Falling back to vanilla: Cannot invoke "com.google.gson.JsonElement.getAsString()" because the return value of "com.google.gson.JsonObject.get(String)" is null
[04Oct2025 00:24:08.033] [Server thread/WARN] [KubeJS Server/]: Failed to parse recipe 'deeperdarker:resonarium_sword_smithing[minecraft:smithing_transform]'! Falling back to vanilla: Ingredient 'template' can't be empty!
[04Oct2025 00:24:08.035] [Server thread/WARN] [KubeJS Server/]: Failed to parse recipe 'tconstruct:smeltery/melting/metal/gold/cast[tconstruct:melting]'! Falling back to vanilla: Cannot invoke "com.google.gson.JsonElement.getAsString()" because the return value of "com.google.gson.JsonObject.get(String)" is null
[04Oct2025 00:24:08.037] [Server thread/WARN] [KubeJS Server/]: Failed to parse recipe 'tconstruct:smeltery/melting/metal/hepatizon/block[tconstruct:melting]'! Falling back to vanilla: Cannot invoke "com.google.gson.JsonElement.getAsString()" because the return value of "com.google.gson.JsonObject.get(String)" is null
[04Oct2025 00:24:08.039] [Server thread/WARN] [KubeJS Server/]: Failed to parse recipe 'deeperdarker:resonarium_helmet_smithing[minecraft:smithing_transform]'! Falling back to vanilla: Ingredient 'template' can't be empty!
[04Oct2025 00:24:08.042] [Server thread/WARN] [KubeJS Server/]: Failed to parse recipe 'tconstruct:smeltery/casting/metal/nickel/gear_sand_cast[tconstruct:casting_table]'! Falling back to vanilla: Cannot invoke "com.google.gson.JsonElement.getAsString()" because the return value of "com.google.gson.JsonObject.get(String)" is null
[04Oct2025 00:24:08.043] [Server thread/WARN] [KubeJS Server/]: Failed to parse recipe 'tconstruct:smeltery/melting/metal/copper/platform[tconstruct:melting]'! Falling back to vanilla: Cannot invoke "com.google.gson.JsonElement.getAsString()" because the return value of "com.google.gson.JsonObject.get(String)" is null
[04Oct2025 00:24:08.044] [Server thread/WARN] [KubeJS Server/]: Failed to parse recipe 'tconstruct:smeltery/casting/metal/iron/ingot_sand_cast[tconstruct:casting_table]'! Falling back to vanilla: Cannot invoke "com.google.gson.JsonElement.getAsString()" because the return value of "com.google.gson.JsonObject.get(String)" is null
[04Oct2025 00:24:08.045] [Server thread/WARN] [KubeJS Server/]: Failed to parse recipe 'tconstruct:smeltery/casting/metal/copper/coin_sand_cast[tconstruct:casting_table]'! Falling back to vanilla: Cannot invoke "com.google.gson.JsonElement.getAsString()" because the return value of "com.google.gson.JsonObject.get(String)" is null
[04Oct2025 00:24:08.049] [Server thread/WARN] [KubeJS Server/]: Failed to parse recipe 'tconstruct:tools/armor/slime_skull/glass[tconstruct:casting_basin]'! Falling back to vanilla: Cannot invoke "com.google.gson.JsonElement.getAsString()" because the return value of "com.google.gson.JsonObject.get(String)" is null
[04Oct2025 00:24:08.051] [Server thread/WARN] [KubeJS Server/]: Failed to parse recipe 'tconstruct:smeltery/casting/metal/bronze/plate_sand_cast[tconstruct:casting_table]'! Falling back to vanilla: Cannot invoke "com.google.gson.JsonElement.getAsString()" because the return value of "com.google.gson.JsonObject.get(String)" is null
[04Oct2025 00:24:08.053] [Server thread/WARN] [KubeJS Server/]: Failed to parse recipe 'tconstruct:smeltery/casting/metal/enderium/ingot_gold_cast[tconstruct:casting_table]'! Falling back to vanilla: Cannot invoke "com.google.gson.JsonElement.getAsString()" because the return value of "com.google.gson.JsonObject.get(String)" is null
[04Oct2025 00:24:08.054] [Server thread/WARN] [KubeJS Server/]: Failed to parse recipe 'tconstruct:tools/armor/slime_skull/bone[tconstruct:casting_basin]'! Falling back to vanilla: Cannot invoke "com.google.gson.JsonElement.getAsString()" because the return value of "com.google.gson.JsonObject.get(String)" is null
[04Oct2025 00:24:08.056] [Server thread/WARN] [KubeJS Server/]: Failed to parse recipe 'tconstruct:smeltery/casting/metal/iron/bars[tconstruct:casting_table]'! Falling back to vanilla: Cannot invoke "com.google.gson.JsonElement.getAsString()" because the return value of "com.google.gson.JsonObject.get(String)" is null
[04Oct2025 00:24:08.059] [Server thread/WARN] [KubeJS Server/]: Failed to parse recipe 'tconstruct:smeltery/casting/metal/electrum/block[tconstruct:casting_basin]'! Falling back to vanilla: Cannot invoke "com.google.gson.JsonElement.getAsString()" because the return value of "com.google.gson.JsonObject.get(String)" is null
[04Oct2025 00:24:08.060] [Server thread/WARN] [KubeJS Server/]: Failed to parse recipe 'tconstruct:smeltery/casting/honey/block[tconstruct:casting_basin]'! Falling back to vanilla: Cannot invoke "com.google.gson.JsonElement.getAsString()" because the return value of "com.google.gson.JsonObject.get(String)" is null
[04Oct2025 00:24:08.063] [Server thread/WARN] [KubeJS Server/]: Failed to parse recipe 'tconstruct:smeltery/casting/metal/bronze/gear_gold_cast[tconstruct:casting_table]'! Falling back to vanilla: Cannot invoke "com.google.gson.JsonElement.getAsString()" because the return value of "com.google.gson.JsonObject.get(String)" is null
[04Oct2025 00:24:08.064] [Server thread/WARN] [KubeJS Server/]: Failed to parse recipe 'tconstruct:smeltery/melting/metal/iron/rod[tconstruct:melting]'! Falling back to vanilla: Cannot invoke "com.google.gson.JsonElement.getAsString()" because the return value of "com.google.gson.JsonObject.get(String)" is null
[04Oct2025 00:24:08.066] [Server thread/WARN] [KubeJS Server/]: Failed to parse recipe 'tconstruct:smeltery/melting/metal/brass/block[tconstruct:melting]'! Falling back to vanilla: Cannot invoke "com.google.gson.JsonElement.getAsString()" because the return value of "com.google.gson.JsonObject.get(String)" is null
[04Oct2025 00:24:08.071] [Server thread/WARN] [KubeJS Server/]: Failed to parse recipe 'tconstruct:smeltery/casting/metal/silver/ingot_sand_cast[tconstruct:casting_table]'! Falling back to vanilla: Cannot invoke "com.google.gson.JsonElement.getAsString()" because the return value of "com.google.gson.JsonObject.get(String)" is null
[04Oct2025 00:24:08.073] [Server thread/WARN] [KubeJS Server/]: Failed to parse recipe 'tconstruct:smeltery/casting/cheese_ingot_sand_cast[tconstruct:casting_table]'! Falling back to vanilla: Cannot invoke "com.google.gson.JsonElement.getAsString()" because the return value of "com.google.gson.JsonObject.get(String)" is null
[04Oct2025 00:24:08.075] [Server thread/WARN] [KubeJS Server/]: Failed to parse recipe 'tconstruct:smeltery/alloys/molten_electrum[tconstruct:alloy]'! Falling back to vanilla: Cannot invoke "com.google.gson.JsonElement.getAsString()" because the return value of "com.google.gson.JsonObject.get(String)" is null
[04Oct2025 00:24:08.076] [Server thread/WARN] [KubeJS Server/]: Failed to parse recipe 'tconstruct:smeltery/melting/metal/lead/gear[tconstruct:melting]'! Falling back to vanilla: Cannot invoke "com.google.gson.JsonElement.getAsString()" because the return value of "com.google.gson.JsonObject.get(String)" is null
[04Oct2025 00:24:08.079] [Server thread/WARN] [KubeJS Server/]: Failed to parse recipe 'tconstruct:smeltery/casting/metal/zinc/plate_sand_cast[tconstruct:casting_table]'! Falling back to vanilla: Cannot invoke "com.google.gson.JsonElement.getAsString()" because the return value of "com.google.gson.JsonObject.get(String)" is null
[04Oct2025 00:24:08.081] [Server thread/WARN] [KubeJS Server/]: Failed to parse recipe 'tconstruct:smeltery/casting/metal/tin/coin_sand_cast[tconstruct:casting_table]'! Falling back to vanilla: Cannot invoke "com.google.gson.JsonElement.getAsString()" because the return value of "com.google.gson.JsonObject.get(String)" is null
[04Oct2025 00:24:08.083] [Server thread/WARN] [KubeJS Server/]: Failed to parse recipe 'tconstruct:smeltery/casting/metal/gold/coin_gold_cast[tconstruct:casting_table]'! Falling back to vanilla: Cannot invoke "com.google.gson.JsonElement.getAsString()" because the return value of "com.google.gson.JsonObject.get(String)" is null
[04Oct2025 00:24:08.085] [Server thread/WARN] [KubeJS Server/]: Failed to parse recipe 'tconstruct:smeltery/casting/metal/invar/plate_sand_cast[tconstruct:casting_table]'! Falling back to vanilla: Cannot invoke "com.google.gson.JsonElement.getAsString()" because the return value of "com.google.gson.JsonObject.get(String)" is null
[04Oct2025 00:24:08.087] [Server thread/WARN] [KubeJS Server/]: Failed to parse recipe 'tconstruct:smeltery/melting/metal/enderium/gear[tconstruct:melting]'! Falling back to vanilla: Cannot invoke "com.google.gson.JsonElement.getAsString()" because the return value of "com.google.gson.JsonObject.get(String)" is null
[04Oct2025 00:24:08.090] [Server thread/WARN] [KubeJS Server/]: Failed to parse recipe 'tconstruct:smeltery/melting/metal/constantan/plate[tconstruct:melting]'! Falling back to vanilla: Cannot invoke "com.google.gson.JsonElement.getAsString()" because the return value of "com.google.gson.JsonObject.get(String)" is null
[04Oct2025 00:24:08.093] [Server thread/WARN] [KubeJS Server/]: Failed to parse recipe 'tconstruct:smeltery/casting/metal/steel/plate_gold_cast[tconstruct:casting_table]'! Falling back to vanilla: Cannot invoke "com.google.gson.JsonElement.getAsString()" because the return value of "com.google.gson.JsonObject.get(String)" is null
[04Oct2025 00:24:08.095] [Server thread/WARN] [KubeJS Server/]: Failed to parse recipe 'tconstruct:smeltery/casting/seared/bricks/slab[tconstruct:casting_basin]'! Falling back to vanilla: Cannot invoke "com.google.gson.JsonElement.getAsString()" because the return value of "com.google.gson.JsonObject.get(String)" is null
[04Oct2025 00:24:08.097] [Server thread/WARN] [KubeJS Server/]: Failed to parse recipe 'tconstruct:smeltery/casting/metal/amethyst_bronze/ingot_sand_cast[tconstruct:casting_table]'! Falling back to vanilla: Cannot invoke "com.google.gson.JsonElement.getAsString()" because the return value of "com.google.gson.JsonObject.get(String)" is null
[04Oct2025 00:24:08.110] [Server thread/WARN] [KubeJS Server/]: Failed to parse recipe 'tconstruct:smeltery/casting/metal/iron/soul_lantern[tconstruct:casting_table]'! Falling back to vanilla: Cannot invoke "com.google.gson.JsonElement.getAsString()" because the return value of "com.google.gson.JsonObject.get(String)" is null
[04Oct2025 00:24:08.111] [Server thread/WARN] [KubeJS Server/]: Failed to parse recipe 'tconstruct:smeltery/casting/diamond/gear_sand_cast[tconstruct:casting_table]'! Falling back to vanilla: Cannot invoke "com.google.gson.JsonElement.getAsString()" because the return value of "com.google.gson.JsonObject.get(String)" is null
[04Oct2025 00:24:08.122] [Server thread/WARN] [KubeJS Server/]: Failed to parse recipe 'tconstruct:smeltery/casting/metal/tin/ingot_sand_cast[tconstruct:casting_table]'! Falling back to vanilla: Cannot invoke "com.google.gson.JsonElement.getAsString()" because the return value of "com.google.gson.JsonObject.get(String)" is null
[04Oct2025 00:24:08.124] [Server thread/WARN] [KubeJS Server/]: Failed to parse recipe 'tconstruct:smeltery/melting/metal/aluminum/ingot[tconstruct:melting]'! Falling back to vanilla: Cannot invoke "com.google.gson.JsonElement.getAsString()" because the return value of "com.google.gson.JsonObject.get(String)" is null
[04Oct2025 00:24:08.125] [Server thread/WARN] [KubeJS Server/]: Failed to parse recipe 'tconstruct:smeltery/melting/metal/invar/block[tconstruct:melting]'! Falling back to vanilla: Cannot invoke "com.google.gson.JsonElement.getAsString()" because the return value of "com.google.gson.JsonObject.get(String)" is null
[04Oct2025 00:24:08.129] [Server thread/WARN] [KubeJS Server/]: Failed to parse recipe 'tconstruct:smeltery/casts/gold/boots_plating[tconstruct:casting_table]'! Falling back to vanilla: Cannot invoke "com.google.gson.JsonElement.getAsString()" because the return value of "com.google.gson.JsonObject.get(String)" is null
[04Oct2025 00:24:08.132] [Server thread/WARN] [KubeJS Server/]: Failed to parse recipe 'tconstruct:smeltery/melting/metal/electrum/dust[tconstruct:melting]'! Falling back to vanilla: Cannot invoke "com.google.gson.JsonElement.getAsString()" because the return value of "com.google.gson.JsonObject.get(String)" is null
[04Oct2025 00:24:08.134] [Server thread/WARN] [KubeJS Server/]: Failed to parse recipe 'tconstruct:smeltery/alloys/molten_rose_gold[tconstruct:alloy]'! Falling back to vanilla: Cannot invoke "com.google.gson.JsonElement.getAsString()" because the return value of "com.google.gson.JsonObject.get(String)" is null
[04Oct2025 00:24:08.134] [Server thread/WARN] [KubeJS Server/]: Failed to parse recipe 'tconstruct:smeltery/melting/metal/gold/platform[tconstruct:melting]'! Falling back to vanilla: Cannot invoke "com.google.gson.JsonElement.getAsString()" because the return value of "com.google.gson.JsonObject.get(String)" is null
[04Oct2025 00:24:08.135] [Server thread/WARN] [KubeJS Server/]: Failed to parse recipe 'tconstruct:smeltery/casting/metal/constantan/gear_gold_cast[tconstruct:casting_table]'! Falling back to vanilla: Cannot invoke "com.google.gson.JsonElement.getAsString()" because the return value of "com.google.gson.JsonObject.get(String)" is null
[04Oct2025 00:24:08.136] [Server thread/WARN] [KubeJS Server/]: Failed to parse recipe 'tconstruct:smeltery/melting/metal/steel/plate[tconstruct:melting]'! Falling back to vanilla: Cannot invoke "com.google.gson.JsonElement.getAsString()" because the return value of "com.google.gson.JsonObject.get(String)" is null
[04Oct2025 00:24:08.137] [Server thread/WARN] [KubeJS Server/]: Failed to parse recipe 'tconstruct:smeltery/casting/metal/electrum/ingot_sand_cast[tconstruct:casting_table]'! Falling back to vanilla: Cannot invoke "com.google.gson.JsonElement.getAsString()" because the return value of "com.google.gson.JsonObject.get(String)" is null
[04Oct2025 00:24:08.138] [Server thread/WARN] [KubeJS Server/]: Failed to parse recipe 'tconstruct:smeltery/casting/blazewood_slab[tconstruct:casting_basin]'! Falling back to vanilla: Cannot invoke "com.google.gson.JsonElement.getAsString()" because the return value of "com.google.gson.JsonObject.get(String)" is null
[04Oct2025 00:24:08.139] [Server thread/WARN] [KubeJS Server/]: Failed to parse recipe 'tconstruct:smeltery/casting/metal/invar/nugget_gold_cast[tconstruct:casting_table]'! Falling back to vanilla: Cannot invoke "com.google.gson.JsonElement.getAsString()" because the return value of "com.google.gson.JsonObject.get(String)" is null
[04Oct2025 00:24:08.144] [Server thread/WARN] [KubeJS Server/]: Failed to parse recipe 'tconstruct:smeltery/melting/metal/silver/ingot[tconstruct:melting]'! Falling back to vanilla: Cannot invoke "com.google.gson.JsonElement.getAsString()" because the return value of "com.google.gson.JsonObject.get(String)" is null
[04Oct2025 00:24:08.147] [Server thread/WARN] [KubeJS Server/]: Failed to parse recipe 'tconstruct:smeltery/melting/metal/steel/rod[tconstruct:melting]'! Falling back to vanilla: Cannot invoke "com.google.gson.JsonElement.getAsString()" because the return value of "com.google.gson.JsonObject.get(String)" is null
[04Oct2025 00:24:08.148] [Server thread/WARN] [KubeJS Server/]: Failed to parse recipe 'tconstruct:smeltery/casting/metal/signalum/nugget_sand_cast[tconstruct:casting_table]'! Falling back to vanilla: Cannot invoke "com.google.gson.JsonElement.getAsString()" because the return value of "com.google.gson.JsonObject.get(String)" is null
[04Oct2025 00:24:08.149] [Server thread/WARN] [KubeJS Server/]: Failed to parse recipe 'tconstruct:smeltery/melting/metal/constantan/dust[tconstruct:melting]'! Falling back to vanilla: Cannot invoke "com.google.gson.JsonElement.getAsString()" because the return value of "com.google.gson.JsonObject.get(String)" is null
[04Oct2025 00:24:08.149] [Server thread/WARN] [KubeJS Server/]: Failed to parse recipe 'tconstruct:smeltery/casting/obsidian/pane[tconstruct:casting_table]'! Falling back to vanilla: Cannot invoke "com.google.gson.JsonElement.getAsString()" because the return value of "com.google.gson.JsonObject.get(String)" is null
[04Oct2025 00:24:08.150] [Server thread/WARN] [KubeJS Server/]: Failed to parse recipe 'tconstruct:smeltery/melting/metal/lumium/nugget[tconstruct:melting]'! Falling back to vanilla: Cannot invoke "com.google.gson.JsonElement.getAsString()" because the return value of "com.google.gson.JsonObject.get(String)" is null
[04Oct2025 00:24:08.154] [Server thread/WARN] [KubeJS Server/]: Failed to parse recipe 'tconstruct:smeltery/casting/metal/lumium/ingot_gold_cast[tconstruct:casting_table]'! Falling back to vanilla: Cannot invoke "com.google.gson.JsonElement.getAsString()" because the return value of "com.google.gson.JsonObject.get(String)" is null
[04Oct2025 00:24:08.157] [Server thread/WARN] [KubeJS Server/]: Failed to parse recipe 'tconstruct:smeltery/melting/metal/enderium/nugget[tconstruct:melting]'! Falling back to vanilla: Cannot invoke "com.google.gson.JsonElement.getAsString()" because the return value of "com.google.gson.JsonObject.get(String)" is null
[04Oct2025 00:24:08.161] [Server thread/WARN] [KubeJS Server/]: Failed to parse recipe 'tconstruct:smeltery/casting/slime/earth/slimeball[tconstruct:casting_table]'! Falling back to vanilla: Cannot invoke "com.google.gson.JsonElement.getAsString()" because the return value of "com.google.gson.JsonObject.get(String)" is null
[04Oct2025 00:24:08.162] [Server thread/WARN] [KubeJS Server/]: Failed to parse recipe 'tconstruct:smeltery/alloys/molten_slimesteel[tconstruct:alloy]'! Falling back to vanilla: Cannot invoke "com.google.gson.JsonElement.getAsString()" because the return value of "com.google.gson.JsonObject.get(String)" is null
[04Oct2025 00:24:08.166] [Server thread/WARN] [KubeJS Server/]: Failed to parse recipe 'tconstruct:smeltery/casting/obsidian/nahuatl_slab[tconstruct:casting_basin]'! Falling back to vanilla: Cannot invoke "com.google.gson.JsonElement.getAsString()" because the return value of "com.google.gson.JsonObject.get(String)" is null
[04Oct2025 00:24:08.167] [Server thread/WARN] [KubeJS Server/]: Failed to parse recipe 'tconstruct:smeltery/melting/metal/silver/gear[tconstruct:melting]'! Falling back to vanilla: Cannot invoke "com.google.gson.JsonElement.getAsString()" because the return value of "com.google.gson.JsonObject.get(String)" is null
[04Oct2025 00:24:08.173] [Server thread/WARN] [KubeJS Server/]: Failed to parse recipe 'tconstruct:smeltery/casting/metal/copper/gear_sand_cast[tconstruct:casting_table]'! Falling back to vanilla: Cannot invoke "com.google.gson.JsonElement.getAsString()" because the return value of "com.google.gson.JsonObject.get(String)" is null
[04Oct2025 00:24:08.175] [Server thread/WARN] [KubeJS Server/]: Failed to parse recipe 'tconstruct:smeltery/casting/metal/netherite/debris_nugget_sand_cast[tconstruct:casting_table]'! Falling back to vanilla: Cannot invoke "com.google.gson.JsonElement.getAsString()" because the return value of "com.google.gson.JsonObject.get(String)" is null
[04Oct2025 00:24:08.176] [Server thread/WARN] [KubeJS Server/]: Failed to parse recipe 'tconstruct:smeltery/melting/metal/copper/smeltery_controller[tconstruct:melting]'! Falling back to vanilla: Cannot invoke "com.google.gson.JsonElement.getAsString()" because the return value of "com.google.gson.JsonObject.get(String)" is null
[04Oct2025 00:24:08.176] [Server thread/WARN] [KubeJS Server/]: Failed to parse recipe 'tconstruct:smeltery/melting/metal/copper/dust[tconstruct:melting]'! Falling back to vanilla: Cannot invoke "com.google.gson.JsonElement.getAsString()" because the return value of "com.google.gson.JsonObject.get(String)" is null
[04Oct2025 00:24:08.177] [Server thread/WARN] [KubeJS Server/]: Failed to parse recipe 'tconstruct:smeltery/casting/quartz/gem_sand_cast[tconstruct:casting_table]'! Falling back to vanilla: Cannot invoke "com.google.gson.JsonElement.getAsString()" because the return value of "com.google.gson.JsonObject.get(String)" is null
[04Oct2025 00:24:08.178] [Server thread/WARN] [KubeJS Server/]: Failed to parse recipe 'tconstruct:compat/refined_glowstone_ingot[tconstruct:casting_table]'! Falling back to vanilla: Cannot invoke "com.google.gson.JsonElement.getAsString()" because the return value of "com.google.gson.JsonObject.get(String)" is null
[04Oct2025 00:24:08.181] [Server thread/WARN] [KubeJS Server/]: Failed to parse recipe 'tconstruct:smeltery/casting/seared/stone/slab[tconstruct:casting_basin]'! Falling back to vanilla: Cannot invoke "com.google.gson.JsonElement.getAsString()" because the return value of "com.google.gson.JsonObject.get(String)" is null
[04Oct2025 00:24:08.182] [Server thread/WARN] [KubeJS Server/]: Failed to parse recipe 'tconstruct:smeltery/alloys/molten_brass[tconstruct:alloy]'! Falling back to vanilla: Cannot invoke "com.google.gson.JsonElement.getAsString()" because the return value of "com.google.gson.JsonObject.get(String)" is null
[04Oct2025 00:24:08.184] [Server thread/WARN] [KubeJS Server/]: Failed to parse recipe 'tconstruct:smeltery/casting/metal/electrum/coin_sand_cast[tconstruct:casting_table]'! Falling back to vanilla: Cannot invoke "com.google.gson.JsonElement.getAsString()" because the return value of "com.google.gson.JsonObject.get(String)" is null
[04Oct2025 00:24:08.186] [Server thread/WARN] [KubeJS Server/]: Failed to parse recipe 'tconstruct:smeltery/casting/metal/bronze/nugget_gold_cast[tconstruct:casting_table]'! Falling back to vanilla: Cannot invoke "com.google.gson.JsonElement.getAsString()" because the return value of "com.google.gson.JsonObject.get(String)" is null
[04Oct2025 00:24:08.187] [Server thread/WARN] [KubeJS Server/]: Failed to parse recipe 'tconstruct:smeltery/casting/metal/zinc/nugget_gold_cast[tconstruct:casting_table]'! Falling back to vanilla: Cannot invoke "com.google.gson.JsonElement.getAsString()" because the return value of "com.google.gson.JsonObject.get(String)" is null
[04Oct2025 00:24:08.187] [Server thread/WARN] [KubeJS Server/]: Failed to parse recipe 'tconstruct:smeltery/casting/metal/brass/nugget_sand_cast[tconstruct:casting_table]'! Falling back to vanilla: Cannot invoke "com.google.gson.JsonElement.getAsString()" because the return value of "com.google.gson.JsonObject.get(String)" is null
[04Oct2025 00:24:08.189] [Server thread/WARN] [KubeJS Server/]: Failed to parse recipe 'tconstruct:smeltery/melting/metal/steel/ingot[tconstruct:melting]'! Falling back to vanilla: Cannot invoke "com.google.gson.JsonElement.getAsString()" because the return value of "com.google.gson.JsonObject.get(String)" is null
[04Oct2025 00:24:08.190] [Server thread/WARN] [KubeJS Server/]: Failed to parse recipe 'tconstruct:smeltery/melting/metal/gold/coin[tconstruct:melting]'! Falling back to vanilla: Cannot invoke "com.google.gson.JsonElement.getAsString()" because the return value of "com.google.gson.JsonObject.get(String)" is null
[04Oct2025 00:24:08.190] [Server thread/WARN] [KubeJS Server/]: Failed to parse recipe 'tconstruct:smeltery/melting/slime/earth/crystal_block[tconstruct:melting]'! Falling back to vanilla: Cannot invoke "com.google.gson.JsonElement.getAsString()" because the return value of "com.google.gson.JsonObject.get(String)" is null
[04Oct2025 00:24:08.191] [Server thread/WARN] [KubeJS Server/]: Failed to parse recipe 'tconstruct:smeltery/melting/metal/electrum/wire[tconstruct:melting]'! Falling back to vanilla: Cannot invoke "com.google.gson.JsonElement.getAsString()" because the return value of "com.google.gson.JsonObject.get(String)" is null
[04Oct2025 00:24:08.192] [Server thread/WARN] [KubeJS Server/]: Failed to parse recipe 'tconstruct:smeltery/casting/seared/stone/block_from_clay[tconstruct:casting_basin]'! Falling back to vanilla: Cannot invoke "com.google.gson.JsonElement.getAsString()" because the return value of "com.google.gson.JsonObject.get(String)" is null
[04Oct2025 00:24:08.196] [Server thread/WARN] [KubeJS Server/]: Failed to parse recipe 'tconstruct:smeltery/casts/gold/bow_limb[tconstruct:casting_table]'! Falling back to vanilla: Cannot invoke "com.google.gson.JsonElement.getAsString()" because the return value of "com.google.gson.JsonObject.get(String)" is null
[04Oct2025 00:24:08.197] [Server thread/WARN] [KubeJS Server/]: Failed to parse recipe 'tconstruct:smeltery/casting/metal/aluminum/plate_sand_cast[tconstruct:casting_table]'! Falling back to vanilla: Cannot invoke "com.google.gson.JsonElement.getAsString()" because the return value of "com.google.gson.JsonObject.get(String)" is null
[04Oct2025 00:24:08.198] [Server thread/WARN] [KubeJS Server/]: Failed to parse recipe 'tconstruct:smeltery/casting/metal/brass/nugget_gold_cast[tconstruct:casting_table]'! Falling back to vanilla: Cannot invoke "com.google.gson.JsonElement.getAsString()" because the return value of "com.google.gson.JsonObject.get(String)" is null
[04Oct2025 00:24:08.200] [Server thread/WARN] [KubeJS Server/]: Failed to parse recipe 'tconstruct:smeltery/casting/metal/invar/ingot_sand_cast[tconstruct:casting_table]'! Falling back to vanilla: Cannot invoke "com.google.gson.JsonElement.getAsString()" because the return value of "com.google.gson.JsonObject.get(String)" is null
[04Oct2025 00:24:08.201] [Server thread/WARN] [KubeJS Server/]: Failed to parse recipe 'tconstruct:tools/armor/slimeshell[tconstruct:casting_basin]'! Falling back to vanilla: Cannot invoke "com.google.gson.JsonElement.getAsString()" because the return value of "com.google.gson.JsonObject.get(String)" is null
[04Oct2025 00:24:08.202] [Server thread/WARN] [KubeJS Server/]: Failed to parse recipe 'tconstruct:tools/modifiers/cobalt_reinforcement[tconstruct:casting_table]'! Falling back to vanilla: Cannot invoke "com.google.gson.JsonElement.getAsString()" because the return value of "com.google.gson.JsonObject.get(String)" is null
[04Oct2025 00:24:08.210] [Server thread/WARN] [KubeJS Server/]: Failed to parse recipe 'tconstruct:tools/armor/slime_skull/pig_iron[tconstruct:casting_basin]'! Falling back to vanilla: Cannot invoke "com.google.gson.JsonElement.getAsString()" because the return value of "com.google.gson.JsonObject.get(String)" is null
[04Oct2025 00:24:08.212] [Server thread/WARN] [KubeJS Server/]: Failed to parse recipe 'tconstruct:smeltery/alloys/molten_refined_obsidian[tconstruct:alloy]'! Falling back to vanilla: Cannot invoke "com.google.gson.JsonElement.getAsString()" because the return value of "com.google.gson.JsonObject.get(String)" is null
[04Oct2025 00:24:08.212] [Server thread/WARN] [KubeJS Server/]: Failed to parse recipe 'tconstruct:smeltery/casting/seared/bricks/block[tconstruct:casting_basin]'! Falling back to vanilla: Cannot invoke "com.google.gson.JsonElement.getAsString()" because the return value of "com.google.gson.JsonObject.get(String)" is null
[04Oct2025 00:24:08.214] [Server thread/WARN] [KubeJS Server/]: Failed to parse recipe 'tconstruct:smeltery/casting/metal/steel/ingot_gold_cast[tconstruct:casting_table]'! Falling back to vanilla: Cannot invoke "com.google.gson.JsonElement.getAsString()" because the return value of "com.google.gson.JsonObject.get(String)" is null
[04Oct2025 00:24:08.215] [Server thread/WARN] [KubeJS Server/]: Failed to parse recipe 'tconstruct:smeltery/melting/metal/silver/plate[tconstruct:melting]'! Falling back to vanilla: Cannot invoke "com.google.gson.JsonElement.getAsString()" because the return value of "com.google.gson.JsonObject.get(String)" is null
[04Oct2025 00:24:08.215] [Server thread/WARN] [KubeJS Server/]: Failed to parse recipe 'tconstruct:smeltery/melting/metal/nickel/gear[tconstruct:melting]'! Falling back to vanilla: Cannot invoke "com.google.gson.JsonElement.getAsString()" because the return value of "com.google.gson.JsonObject.get(String)" is null
[04Oct2025 00:24:08.219] [Server thread/WARN] [KubeJS Server/]: Failed to parse recipe 'tconstruct:smeltery/melting/metal/iron/reinforcement[tconstruct:melting]'! Falling back to vanilla: Cannot invoke "com.google.gson.JsonElement.getAsString()" because the return value of "com.google.gson.JsonObject.get(String)" is null
[04Oct2025 00:24:08.220] [Server thread/WARN] [KubeJS Server/]: Failed to parse recipe 'mekanism:reaction/coal_gasification/blocks_coals[mekanism:reaction]'! Falling back to vanilla: Cannot invoke "com.google.gson.JsonElement.getAsString()" because the return value of "com.google.gson.JsonObject.get(String)" is null
[04Oct2025 00:24:08.221] [Server thread/WARN] [KubeJS Server/]: Failed to parse recipe 'tconstruct:smeltery/casting/metal/copper/ingot_sand_cast[tconstruct:casting_table]'! Falling back to vanilla: Cannot invoke "com.google.gson.JsonElement.getAsString()" because the return value of "com.google.gson.JsonObject.get(String)" is null
[04Oct2025 00:24:08.222] [Server thread/WARN] [KubeJS Server/]: Failed to parse recipe 'tconstruct:smeltery/melting/metal/iron/anvil[tconstruct:melting]'! Falling back to vanilla: Cannot invoke "com.google.gson.JsonElement.getAsString()" because the return value of "com.google.gson.JsonObject.get(String)" is null
[04Oct2025 00:24:08.223] [Server thread/WARN] [KubeJS Server/]: Failed to parse recipe 'tconstruct:smeltery/casting/metal/uranium/ingot_gold_cast[tconstruct:casting_table]'! Falling back to vanilla: Cannot invoke "com.google.gson.JsonElement.getAsString()" because the return value of "com.google.gson.JsonObject.get(String)" is null
[04Oct2025 00:24:08.228] [Server thread/WARN] [KubeJS Server/]: Failed to parse recipe 'tconstruct:tools/armor/slime_skull/ender_pearl[tconstruct:casting_basin]'! Falling back to vanilla: Cannot invoke "com.google.gson.JsonElement.getAsString()" because the return value of "com.google.gson.JsonObject.get(String)" is null
[04Oct2025 00:24:08.229] [Server thread/WARN] [KubeJS Server/]: Failed to parse recipe 'tconstruct:common/encyclopedia[tconstruct:casting_table]'! Falling back to vanilla: Cannot invoke "com.google.gson.JsonElement.getAsString()" because the return value of "com.google.gson.JsonObject.get(String)" is null
[04Oct2025 00:24:08.230] [Server thread/WARN] [KubeJS Server/]: Failed to parse recipe 'tconstruct:smeltery/casting/metal/electrum/wire_gold_cast[tconstruct:casting_table]'! Falling back to vanilla: Cannot invoke "com.google.gson.JsonElement.getAsString()" because the return value of "com.google.gson.JsonObject.get(String)" is null
[04Oct2025 00:24:08.231] [Server thread/WARN] [KubeJS Server/]: Failed to parse recipe 'mekaweapons:module_arrowvelocity_unit[minecraft:crafting_shaped]'! Falling back to vanilla: ItemStack 'result' can't be empty!
[04Oct2025 00:24:08.232] [Server thread/WARN] [KubeJS Server/]: Failed to parse recipe 'tconstruct:smeltery/melting/metal/gold/block[tconstruct:melting]'! Falling back to vanilla: Cannot invoke "com.google.gson.JsonElement.getAsString()" because the return value of "com.google.gson.JsonObject.get(String)" is null
[04Oct2025 00:24:08.232] [Server thread/WARN] [KubeJS Server/]: Failed to parse recipe 'tconstruct:smeltery/casting/metal/gold/nugget_gold_cast[tconstruct:casting_table]'! Falling back to vanilla: Cannot invoke "com.google.gson.JsonElement.getAsString()" because the return value of "com.google.gson.JsonObject.get(String)" is null
[04Oct2025 00:24:08.240] [Server thread/WARN] [KubeJS Server/]: Failed to parse recipe 'tconstruct:tools/modifiers/iron_reinforcement[tconstruct:casting_table]'! Falling back to vanilla: Cannot invoke "com.google.gson.JsonElement.getAsString()" because the return value of "com.google.gson.JsonObject.get(String)" is null
[04Oct2025 00:24:08.241] [Server thread/WARN] [KubeJS Server/]: Failed to parse recipe 'tconstruct:smeltery/casting/blaze/cream[tconstruct:casting_table]'! Falling back to vanilla: Cannot invoke "com.google.gson.JsonElement.getAsString()" because the return value of "com.google.gson.JsonObject.get(String)" is null
[04Oct2025 00:24:08.242] [Server thread/WARN] [KubeJS Server/]: Failed to parse recipe 'tconstruct:smeltery/casting/metal/osmium/nugget_gold_cast[tconstruct:casting_table]'! Falling back to vanilla: Cannot invoke "com.google.gson.JsonElement.getAsString()" because the return value of "com.google.gson.JsonObject.get(String)" is null
[04Oct2025 00:24:08.244] [Server thread/WARN] [KubeJS Server/]: Failed to parse recipe 'tconstruct:smeltery/melting/metal/gold/dust[tconstruct:melting]'! Falling back to vanilla: Cannot invoke "com.google.gson.JsonElement.getAsString()" because the return value of "com.google.gson.JsonObject.get(String)" is null
[04Oct2025 00:24:08.246] [Server thread/WARN] [KubeJS Server/]: Failed to parse recipe 'tconstruct:compat/wheat_dough[tconstruct:casting_table]'! Falling back to vanilla: Cannot invoke "com.google.gson.JsonElement.getAsString()" because the return value of "com.google.gson.JsonObject.get(String)" is null
[04Oct2025 00:24:08.247] [Server thread/WARN] [KubeJS Server/]: Failed to parse recipe 'tconstruct:smeltery/casting/metal/hepatizon/ingot_gold_cast[tconstruct:casting_table]'! Falling back to vanilla: Cannot invoke "com.google.gson.JsonElement.getAsString()" because the return value of "com.google.gson.JsonObject.get(String)" is null
[04Oct2025 00:24:08.250] [Server thread/WARN] [KubeJS Server/]: Failed to parse recipe 'tconstruct:smeltery/casting/metal/electrum/plate_gold_cast[tconstruct:casting_table]'! Falling back to vanilla: Cannot invoke "com.google.gson.JsonElement.getAsString()" because the return value of "com.google.gson.JsonObject.get(String)" is null
[04Oct2025 00:24:08.251] [Server thread/WARN] [KubeJS Server/]: Failed to parse recipe 'tconstruct:smeltery/melting/seared/fluid_cannon[tconstruct:melting]'! Falling back to vanilla: Cannot invoke "com.google.gson.JsonElement.getAsString()" because the return value of "com.google.gson.JsonObject.get(String)" is null
[04Oct2025 00:24:08.253] [Server thread/WARN] [KubeJS Server/]: Failed to parse recipe 'tconstruct:smeltery/casting/scorched/glass[tconstruct:casting_basin]'! Falling back to vanilla: Cannot invoke "com.google.gson.JsonElement.getAsString()" because the return value of "com.google.gson.JsonObject.get(String)" is null
[04Oct2025 00:24:08.256] [Server thread/WARN] [KubeJS Server/]: Failed to parse recipe 'tconstruct:smeltery/casting/metal/copper/wire_gold_cast[tconstruct:casting_table]'! Falling back to vanilla: Cannot invoke "com.google.gson.JsonElement.getAsString()" because the return value of "com.google.gson.JsonObject.get(String)" is null
[04Oct2025 00:24:08.258] [Server thread/WARN] [KubeJS Server/]: Failed to parse recipe 'tconstruct:smeltery/casting/metal/netherite/scrap_gold_cast[tconstruct:casting_table]'! Falling back to vanilla: Cannot invoke "com.google.gson.JsonElement.getAsString()" because the return value of "com.google.gson.JsonObject.get(String)" is null
[04Oct2025 00:24:08.259] [Server thread/WARN] [KubeJS Server/]: Failed to parse recipe 'mekanismgenerators:separator/heavy_water[mekanism:separating]'! Falling back to vanilla: Cannot invoke "com.google.gson.JsonElement.getAsString()" because the return value of "com.google.gson.JsonObject.get(String)" is null
[04Oct2025 00:24:08.260] [Server thread/WARN] [KubeJS Server/]: Failed to parse recipe 'tconstruct:smeltery/melting/metal/electrum/coin[tconstruct:melting]'! Falling back to vanilla: Cannot invoke "com.google.gson.JsonElement.getAsString()" because the return value of "com.google.gson.JsonObject.get(String)" is null
[04Oct2025 00:24:08.262] [Server thread/WARN] [KubeJS Server/]: Failed to parse recipe 'tconstruct:tools/armor/slime_skull/darkthread[tconstruct:casting_basin]'! Falling back to vanilla: Cannot invoke "com.google.gson.JsonElement.getAsString()" because the return value of "com.google.gson.JsonObject.get(String)" is null
[04Oct2025 00:24:08.264] [Server thread/WARN] [KubeJS Server/]: Failed to parse recipe 'tconstruct:smeltery/casting/blazewood_stairs[tconstruct:casting_basin]'! Falling back to vanilla: Cannot invoke "com.google.gson.JsonElement.getAsString()" because the return value of "com.google.gson.JsonObject.get(String)" is null
[04Oct2025 00:24:08.265] [Server thread/WARN] [KubeJS Server/]: Failed to parse recipe 'tconstruct:smeltery/melting/metal/iron/ingot_5[tconstruct:melting]'! Falling back to vanilla: Cannot invoke "com.google.gson.JsonElement.getAsString()" because the return value of "com.google.gson.JsonObject.get(String)" is null
[04Oct2025 00:24:08.265] [Server thread/WARN] [KubeJS Server/]: Failed to parse recipe 'tconstruct:smeltery/melting/metal/iron/ingot_4[tconstruct:melting]'! Falling back to vanilla: Cannot invoke "com.google.gson.JsonElement.getAsString()" because the return value of "com.google.gson.JsonObject.get(String)" is null
[04Oct2025 00:24:08.266] [Server thread/WARN] [KubeJS Server/]: Failed to parse recipe 'tconstruct:smeltery/melting/metal/iron/ingot_1[tconstruct:melting]'! Falling back to vanilla: Cannot invoke "com.google.gson.JsonElement.getAsString()" because the return value of "com.google.gson.JsonObject.get(String)" is null
[04Oct2025 00:24:08.267] [Server thread/WARN] [KubeJS Server/]: Failed to parse recipe 'tconstruct:smeltery/melting/metal/iron/ingot_2[tconstruct:melting]'! Falling back to vanilla: Cannot invoke "com.google.gson.JsonElement.getAsString()" because the return value of "com.google.gson.JsonObject.get(String)" is null
[04Oct2025 00:24:08.268] [Server thread/WARN] [KubeJS Server/]: Failed to parse recipe 'tconstruct:smeltery/melting/metal/manyullyn/nugget[tconstruct:melting]'! Falling back to vanilla: Cannot invoke "com.google.gson.JsonElement.getAsString()" because the return value of "com.google.gson.JsonObject.get(String)" is null
[04Oct2025 00:24:08.274] [Server thread/WARN] [KubeJS Server/]: Failed to parse recipe 'tconstruct:smeltery/melting/metal/copper/lightning_rod[tconstruct:melting]'! Falling back to vanilla: Cannot invoke "com.google.gson.JsonElement.getAsString()" because the return value of "com.google.gson.JsonObject.get(String)" is null
[04Oct2025 00:24:08.276] [Server thread/WARN] [KubeJS Server/]: Failed to parse recipe 'tconstruct:smeltery/casting/metal/copper/ingot_gold_cast[tconstruct:casting_table]'! Falling back to vanilla: Cannot invoke "com.google.gson.JsonElement.getAsString()" because the return value of "com.google.gson.JsonObject.get(String)" is null
[04Oct2025 00:24:08.279] [Server thread/WARN] [KubeJS Server/]: Failed to parse recipe 'tconstruct:smeltery/casting/metal/manyullyn/nugget_sand_cast[tconstruct:casting_table]'! Falling back to vanilla: Cannot invoke "com.google.gson.JsonElement.getAsString()" because the return value of "com.google.gson.JsonObject.get(String)" is null
[04Oct2025 00:24:08.280] [Server thread/WARN] [KubeJS Server/]: Failed to parse recipe 'tconstruct:smeltery/casting/metal/queens_slime/nugget_sand_cast[tconstruct:casting_table]'! Falling back to vanilla: Cannot invoke "com.google.gson.JsonElement.getAsString()" because the return value of "com.google.gson.JsonObject.get(String)" is null
[04Oct2025 00:24:08.281] [Server thread/WARN] [KubeJS Server/]: Failed to parse recipe 'tconstruct:smeltery/melting/metal/cobalt/nugget[tconstruct:melting]'! Falling back to vanilla: Cannot invoke "com.google.gson.JsonElement.getAsString()" because the return value of "com.google.gson.JsonObject.get(String)" is null
[04Oct2025 00:24:08.282] [Server thread/WARN] [KubeJS Server/]: Failed to parse recipe 'tconstruct:smeltery/casting/metal/aluminum/ingot_gold_cast[tconstruct:casting_table]'! Falling back to vanilla: Cannot invoke "com.google.gson.JsonElement.getAsString()" because the return value of "com.google.gson.JsonObject.get(String)" is null
[04Oct2025 00:24:08.283] [Server thread/WARN] [KubeJS Server/]: Failed to parse recipe 'tconstruct:smeltery/casting/water/bottle[tconstruct:casting_table]'! Falling back to vanilla: Cannot invoke "com.google.gson.JsonElement.getAsString()" because the return value of "com.google.gson.JsonObject.get(String)" is null
[04Oct2025 00:24:08.284] [Server thread/WARN] [KubeJS Server/]: Failed to parse recipe 'tconstruct:smeltery/melting/metal/gold/horse_armor[tconstruct:melting]'! Falling back to vanilla: Cannot invoke "com.google.gson.JsonElement.getAsString()" because the return value of "com.google.gson.JsonObject.get(String)" is null
[04Oct2025 00:24:08.285] [Server thread/WARN] [KubeJS Server/]: Failed to parse recipe 'tconstruct:smeltery/casting/slime/sky/congealed[tconstruct:casting_basin]'! Falling back to vanilla: Cannot invoke "com.google.gson.JsonElement.getAsString()" because the return value of "com.google.gson.JsonObject.get(String)" is null
[04Oct2025 00:24:08.286] [Server thread/WARN] [KubeJS Server/]: Failed to parse recipe 'tconstruct:smeltery/melting/metal/aluminum/block[tconstruct:melting]'! Falling back to vanilla: Cannot invoke "com.google.gson.JsonElement.getAsString()" because the return value of "com.google.gson.JsonObject.get(String)" is null
[04Oct2025 00:24:08.287] [Server thread/WARN] [KubeJS Server/]: Failed to parse recipe 'tconstruct:smeltery/casting/metal/signalum/gear_gold_cast[tconstruct:casting_table]'! Falling back to vanilla: Cannot invoke "com.google.gson.JsonElement.getAsString()" because the return value of "com.google.gson.JsonObject.get(String)" is null
[04Oct2025 00:24:08.288] [Server thread/WARN] [KubeJS Server/]: Failed to parse recipe 'tconstruct:smeltery/casts/gold/maille[tconstruct:casting_table]'! Falling back to vanilla: Cannot invoke "com.google.gson.JsonElement.getAsString()" because the return value of "com.google.gson.JsonObject.get(String)" is null
[04Oct2025 00:24:08.291] [Server thread/WARN] [KubeJS Server/]: Failed to parse recipe 'tconstruct:smeltery/casting/metal/bronze/nugget_sand_cast[tconstruct:casting_table]'! Falling back to vanilla: Cannot invoke "com.google.gson.JsonElement.getAsString()" because the return value of "com.google.gson.JsonObject.get(String)" is null
[04Oct2025 00:24:08.292] [Server thread/WARN] [KubeJS Server/]: Failed to parse recipe 'tconstruct:smeltery/melting/metal/bronze/block[tconstruct:melting]'! Falling back to vanilla: Cannot invoke "com.google.gson.JsonElement.getAsString()" because the return value of "com.google.gson.JsonObject.get(String)" is null
[04Oct2025 00:24:08.294] [Server thread/WARN] [KubeJS Server/]: Failed to parse recipe 'tconstruct:smeltery/casting/quartz/gem_gold_cast[tconstruct:casting_table]'! Falling back to vanilla: Cannot invoke "com.google.gson.JsonElement.getAsString()" because the return value of "com.google.gson.JsonObject.get(String)" is null
[04Oct2025 00:24:08.295] [Server thread/WARN] [KubeJS Server/]: Failed to parse recipe 'tconstruct:smeltery/casting/metal/nickel/ingot_sand_cast[tconstruct:casting_table]'! Falling back to vanilla: Cannot invoke "com.google.gson.JsonElement.getAsString()" because the return value of "com.google.gson.JsonObject.get(String)" is null
[04Oct2025 00:24:08.296] [Server thread/WARN] [KubeJS Server/]: Failed to parse recipe 'tconstruct:smeltery/casting/slime/sky/bottle[tconstruct:casting_table]'! Falling back to vanilla: Cannot invoke "com.google.gson.JsonElement.getAsString()" because the return value of "com.google.gson.JsonObject.get(String)" is null
[04Oct2025 00:24:08.298] [Server thread/WARN] [KubeJS Server/]: Failed to parse recipe 'tconstruct:smeltery/casting/clay/brick_sand_cast[tconstruct:casting_table]'! Falling back to vanilla: Cannot invoke "com.google.gson.JsonElement.getAsString()" because the return value of "com.google.gson.JsonObject.get(String)" is null
[04Oct2025 00:24:08.299] [Server thread/WARN] [KubeJS Server/]: Failed to parse recipe 'tconstruct:smeltery/melting/metal/steel/dust[tconstruct:melting]'! Falling back to vanilla: Cannot invoke "com.google.gson.JsonElement.getAsString()" because the return value of "com.google.gson.JsonObject.get(String)" is null
[04Oct2025 00:24:08.300] [Server thread/WARN] [KubeJS Server/]: Failed to parse recipe 'mekanism:rotary/chlorine[mekanism:rotary]'! Falling back to vanilla: Cannot invoke "com.google.gson.JsonElement.getAsString()" because the return value of "com.google.gson.JsonObject.get(String)" is null
[04Oct2025 00:24:08.300] [Server thread/WARN] [KubeJS Server/]: Failed to parse recipe 'tconstruct:smeltery/casting/soup/meat[tconstruct:casting_table]'! Falling back to vanilla: Cannot invoke "com.google.gson.JsonElement.getAsString()" because the return value of "com.google.gson.JsonObject.get(String)" is null
[04Oct2025 00:24:08.301] [Server thread/WARN] [KubeJS Server/]: Failed to parse recipe 'tconstruct:smeltery/alloys/molten_bronze[tconstruct:alloy]'! Falling back to vanilla: Cannot invoke "com.google.gson.JsonElement.getAsString()" because the return value of "com.google.gson.JsonObject.get(String)" is null
[04Oct2025 00:24:08.303] [Server thread/WARN] [KubeJS Server/]: Failed to parse recipe 'tconstruct:smeltery/casting/metal/netherite/plate_sand_cast[tconstruct:casting_table]'! Falling back to vanilla: Cannot invoke "com.google.gson.JsonElement.getAsString()" because the return value of "com.google.gson.JsonObject.get(String)" is null
[04Oct2025 00:24:08.304] [Server thread/WARN] [KubeJS Server/]: Failed to parse recipe 'tconstruct:smeltery/casts/gold/adze_head[tconstruct:casting_table]'! Falling back to vanilla: Cannot invoke "com.google.gson.JsonElement.getAsString()" because the return value of "com.google.gson.JsonObject.get(String)" is null
[04Oct2025 00:24:08.305] [Server thread/WARN] [KubeJS Server/]: Failed to parse recipe 'tconstruct:smeltery/casting/metal/platinum/ingot_sand_cast[tconstruct:casting_table]'! Falling back to vanilla: Cannot invoke "com.google.gson.JsonElement.getAsString()" because the return value of "com.google.gson.JsonObject.get(String)" is null
[04Oct2025 00:24:08.306] [Server thread/WARN] [KubeJS Server/]: Failed to parse recipe 'tconstruct:smeltery/melting/seared/seared_casting_tank[tconstruct:melting]'! Falling back to vanilla: Cannot invoke "com.google.gson.JsonElement.getAsString()" because the return value of "com.google.gson.JsonObject.get(String)" is null
[04Oct2025 00:24:08.308] [Server thread/WARN] [KubeJS Server/]: Failed to parse recipe 'mekanism:reaction/coal_gasification/dusts_coals[mekanism:reaction]'! Falling back to vanilla: Cannot invoke "com.google.gson.JsonElement.getAsString()" because the return value of "com.google.gson.JsonObject.get(String)" is null
[04Oct2025 00:24:08.312] [Server thread/WARN] [KubeJS Server/]: Failed to parse recipe 'tconstruct:smeltery/melting/metal/iron/horse_armor[tconstruct:melting]'! Falling back to vanilla: Cannot invoke "com.google.gson.JsonElement.getAsString()" because the return value of "com.google.gson.JsonObject.get(String)" is null
[04Oct2025 00:24:08.313] [Server thread/WARN] [KubeJS Server/]: Failed to parse recipe 'tconstruct:smeltery/melting/metal/osmium/nugget[tconstruct:melting]'! Falling back to vanilla: Cannot invoke "com.google.gson.JsonElement.getAsString()" because the return value of "com.google.gson.JsonObject.get(String)" is null
[04Oct2025 00:24:08.315] [Server thread/WARN] [KubeJS Server/]: Failed to parse recipe 'tconstruct:smeltery/casting/metal/netherite/debris_nugget_gold_cast[tconstruct:casting_table]'! Falling back to vanilla: Cannot invoke "com.google.gson.JsonElement.getAsString()" because the return value of "com.google.gson.JsonObject.get(String)" is null
[04Oct2025 00:24:08.316] [Server thread/WARN] [KubeJS Server/]: Failed to parse recipe 'tconstruct:smeltery/casting/metal/bronze/plate_gold_cast[tconstruct:casting_table]'! Falling back to vanilla: Cannot invoke "com.google.gson.JsonElement.getAsString()" because the return value of "com.google.gson.JsonObject.get(String)" is null
[04Oct2025 00:24:08.319] [Server thread/WARN] [KubeJS Server/]: Failed to parse recipe 'tconstruct:smeltery/casting/metal/electrum/gear_gold_cast[tconstruct:casting_table]'! Falling back to vanilla: Cannot invoke "com.google.gson.JsonElement.getAsString()" because the return value of "com.google.gson.JsonObject.get(String)" is null
[04Oct2025 00:24:08.319] [Server thread/WARN] [KubeJS Server/]: Failed to parse recipe 'mekanism:processing/osmium/slurry/clean[mekanism:washing]'! Falling back to vanilla: Cannot invoke "com.google.gson.JsonElement.getAsString()" because the return value of "com.google.gson.JsonObject.get(String)" is null
[04Oct2025 00:24:08.320] [Server thread/WARN] [KubeJS Server/]: Failed to parse recipe 'tconstruct:smeltery/casting/blazewood[tconstruct:casting_basin]'! Falling back to vanilla: Cannot invoke "com.google.gson.JsonElement.getAsString()" because the return value of "com.google.gson.JsonObject.get(String)" is null
[04Oct2025 00:24:08.323] [Server thread/WARN] [KubeJS Server/]: Failed to parse recipe 'tconstruct:smeltery/casting/seared/glass_pane[tconstruct:casting_table]'! Falling back to vanilla: Cannot invoke "com.google.gson.JsonElement.getAsString()" because the return value of "com.google.gson.JsonObject.get(String)" is null
[04Oct2025 00:24:08.324] [Server thread/WARN] [KubeJS Server/]: Failed to parse recipe 'tconstruct:smeltery/casting/slime/sky/roots[tconstruct:casting_basin]'! Falling back to vanilla: Cannot invoke "com.google.gson.JsonElement.getAsString()" because the return value of "com.google.gson.JsonObject.get(String)" is null
[04Oct2025 00:24:08.331] [Server thread/WARN] [KubeJS Server/]: Failed to parse recipe 'tconstruct:tools/modifiers/obsidian_reinforcement[tconstruct:casting_table]'! Falling back to vanilla: Cannot invoke "com.google.gson.JsonElement.getAsString()" because the return value of "com.google.gson.JsonObject.get(String)" is null
[04Oct2025 00:24:08.333] [Server thread/WARN] [KubeJS Server/]: Failed to parse recipe 'tconstruct:smeltery/melting/metal/constantan/ingot[tconstruct:melting]'! Falling back to vanilla: Cannot invoke "com.google.gson.JsonElement.getAsString()" because the return value of "com.google.gson.JsonObject.get(String)" is null
[04Oct2025 00:24:08.337] [Server thread/WARN] [KubeJS Server/]: Failed to parse recipe 'tconstruct:tools/armor/slime_skull/blazing_bone[tconstruct:casting_basin]'! Falling back to vanilla: Cannot invoke "com.google.gson.JsonElement.getAsString()" because the return value of "com.google.gson.JsonObject.get(String)" is null
[04Oct2025 00:24:08.338] [Server thread/WARN] [KubeJS Server/]: Failed to parse recipe 'tconstruct:smeltery/casting/soul/pane[tconstruct:casting_table]'! Falling back to vanilla: Cannot invoke "com.google.gson.JsonElement.getAsString()" because the return value of "com.google.gson.JsonObject.get(String)" is null
[04Oct2025 00:24:08.339] [Server thread/WARN] [KubeJS Server/]: Failed to parse recipe 'tconstruct:smeltery/casting/seared/bricks/wall[tconstruct:casting_basin]'! Falling back to vanilla: Cannot invoke "com.google.gson.JsonElement.getAsString()" because the return value of "com.google.gson.JsonObject.get(String)" is null
[04Oct2025 00:24:08.340] [Server thread/WARN] [KubeJS Server/]: Failed to parse recipe 'tconstruct:smeltery/casting/filling/splash_bottle[tconstruct:casting_table_potion]'! Falling back to vanilla: Cannot invoke "com.google.gson.JsonElement.getAsString()" because the return value of "com.google.gson.JsonObject.get(String)" is null
[04Oct2025 00:24:08.341] [Server thread/WARN] [KubeJS Server/]: Failed to parse recipe 'tconstruct:smeltery/melting/metal/lumium/plate[tconstruct:melting]'! Falling back to vanilla: Cannot invoke "com.google.gson.JsonElement.getAsString()" because the return value of "com.google.gson.JsonObject.get(String)" is null
[04Oct2025 00:24:08.344] [Server thread/WARN] [KubeJS Server/]: Failed to parse recipe 'tconstruct:smeltery/casting/metal/netherite/gear_sand_cast[tconstruct:casting_table]'! Falling back to vanilla: Cannot invoke "com.google.gson.JsonElement.getAsString()" because the return value of "com.google.gson.JsonObject.get(String)" is null
[04Oct2025 00:24:08.345] [Server thread/WARN] [KubeJS Server/]: Failed to parse recipe 'tconstruct:smeltery/casting/scorched/stone_from_scorched[tconstruct:casting_basin]'! Falling back to vanilla: Cannot invoke "com.google.gson.JsonElement.getAsString()" because the return value of "com.google.gson.JsonObject.get(String)" is null
[04Oct2025 00:24:08.346] [Server thread/WARN] [KubeJS Server/]: Failed to parse recipe 'tconstruct:smeltery/casting/metal/copper/block[tconstruct:casting_basin]'! Falling back to vanilla: Cannot invoke "com.google.gson.JsonElement.getAsString()" because the return value of "com.google.gson.JsonObject.get(String)" is null
[04Oct2025 00:24:08.347] [Server thread/WARN] [KubeJS Server/]: Failed to parse recipe 'tconstruct:smeltery/casting/metal/electrum/ingot_gold_cast[tconstruct:casting_table]'! Falling back to vanilla: Cannot invoke "com.google.gson.JsonElement.getAsString()" because the return value of "com.google.gson.JsonObject.get(String)" is null
[04Oct2025 00:24:08.348] [Server thread/WARN] [KubeJS Server/]: Failed to parse recipe 'tconstruct:smeltery/casting/metal/cobalt/nugget_sand_cast[tconstruct:casting_table]'! Falling back to vanilla: Cannot invoke "com.google.gson.JsonElement.getAsString()" because the return value of "com.google.gson.JsonObject.get(String)" is null
[04Oct2025 00:24:08.349] [Server thread/WARN] [KubeJS Server/]: Failed to parse recipe 'tconstruct:smeltery/melting/metal/iron/block[tconstruct:melting]'! Falling back to vanilla: Cannot invoke "com.google.gson.JsonElement.getAsString()" because the return value of "com.google.gson.JsonObject.get(String)" is null
[04Oct2025 00:24:08.351] [Server thread/WARN] [KubeJS Server/]: Failed to parse recipe 'tconstruct:smeltery/casts/gold/gems[tconstruct:casting_table]'! Falling back to vanilla: Cannot invoke "com.google.gson.JsonElement.getAsString()" because the return value of "com.google.gson.JsonObject.get(String)" is null
[04Oct2025 00:24:08.351] [Server thread/WARN] [KubeJS Server/]: Failed to parse recipe 'tconstruct:smeltery/melting/metal/iron/lantern[tconstruct:melting]'! Falling back to vanilla: Cannot invoke "com.google.gson.JsonElement.getAsString()" because the return value of "com.google.gson.JsonObject.get(String)" is null
[04Oct2025 00:24:08.352] [Server thread/WARN] [KubeJS Server/]: Failed to parse recipe 'tconstruct:smeltery/casting/metal/lead/gear_sand_cast[tconstruct:casting_table]'! Falling back to vanilla: Cannot invoke "com.google.gson.JsonElement.getAsString()" because the return value of "com.google.gson.JsonObject.get(String)" is null
[04Oct2025 00:24:08.353] [Server thread/WARN] [KubeJS Server/]: Failed to parse recipe 'tconstruct:smeltery/casting/slime/earth/bottle[tconstruct:casting_table]'! Falling back to vanilla: Cannot invoke "com.google.gson.JsonElement.getAsString()" because the return value of "com.google.gson.JsonObject.get(String)" is null
[04Oct2025 00:24:08.354] [Server thread/WARN] [KubeJS Server/]: Failed to parse recipe 'tconstruct:smeltery/casting/metal/gold/bars[tconstruct:casting_table]'! Falling back to vanilla: Cannot invoke "com.google.gson.JsonElement.getAsString()" because the return value of "com.google.gson.JsonObject.get(String)" is null
[04Oct2025 00:24:08.356] [Server thread/WARN] [KubeJS Server/]: Failed to parse recipe 'tconstruct:smeltery/melting/metal/manyullyn/block[tconstruct:melting]'! Falling back to vanilla: Cannot invoke "com.google.gson.JsonElement.getAsString()" because the return value of "com.google.gson.JsonObject.get(String)" is null
[04Oct2025 00:24:08.356] [Server thread/WARN] [KubeJS Server/]: Failed to parse recipe 'tconstruct:smeltery/casting/metal/aluminum/ingot_sand_cast[tconstruct:casting_table]'! Falling back to vanilla: Cannot invoke "com.google.gson.JsonElement.getAsString()" because the return value of "com.google.gson.JsonObject.get(String)" is null
[04Oct2025 00:24:08.358] [Server thread/WARN] [KubeJS Server/]: Failed to parse recipe 'tconstruct:smeltery/casts/gold/wires[tconstruct:casting_table]'! Falling back to vanilla: Cannot invoke "com.google.gson.JsonElement.getAsString()" because the return value of "com.google.gson.JsonObject.get(String)" is null
[04Oct2025 00:24:08.360] [Server thread/WARN] [KubeJS Server/]: Failed to parse recipe 'tconstruct:smeltery/casting/metal/osmium/ingot_sand_cast[tconstruct:casting_table]'! Falling back to vanilla: Cannot invoke "com.google.gson.JsonElement.getAsString()" because the return value of "com.google.gson.JsonObject.get(String)" is null
[04Oct2025 00:24:08.361] [Server thread/WARN] [KubeJS Server/]: Failed to parse recipe 'tconstruct:smeltery/alloys/molten_hepatizon[tconstruct:alloy]'! Falling back to vanilla: Cannot invoke "com.google.gson.JsonElement.getAsString()" because the return value of "com.google.gson.JsonObject.get(String)" is null
[04Oct2025 00:24:08.362] [Server thread/WARN] [KubeJS Server/]: Failed to parse recipe 'tconstruct:smeltery/melting/metal/steel/block[tconstruct:melting]'! Falling back to vanilla: Cannot invoke "com.google.gson.JsonElement.getAsString()" because the return value of "com.google.gson.JsonObject.get(String)" is null
[04Oct2025 00:24:08.362] [Server thread/WARN] [KubeJS Server/]: Failed to parse recipe 'tconstruct:smeltery/casting/slime/ender/block[tconstruct:casting_basin]'! Falling back to vanilla: Cannot invoke "com.google.gson.JsonElement.getAsString()" because the return value of "com.google.gson.JsonObject.get(String)" is null
[04Oct2025 00:24:08.363] [Server thread/WARN] [KubeJS Server/]: Failed to parse recipe 'tconstruct:smeltery/melting/slime/earth/ball[tconstruct:melting]'! Falling back to vanilla: Cannot invoke "com.google.gson.JsonElement.getAsString()" because the return value of "com.google.gson.JsonObject.get(String)" is null
[04Oct2025 00:24:08.364] [Server thread/WARN] [KubeJS Server/]: Failed to parse recipe 'tconstruct:smeltery/casting/metal/lead/plate_sand_cast[tconstruct:casting_table]'! Falling back to vanilla: Cannot invoke "com.google.gson.JsonElement.getAsString()" because the return value of "com.google.gson.JsonObject.get(String)" is null
[04Oct2025 00:24:08.365] [Server thread/WARN] [KubeJS Server/]: Failed to parse recipe 'tconstruct:smeltery/casting/metal/aluminum/plate_gold_cast[tconstruct:casting_table]'! Falling back to vanilla: Cannot invoke "com.google.gson.JsonElement.getAsString()" because the return value of "com.google.gson.JsonObject.get(String)" is null
[04Oct2025 00:24:08.366] [Server thread/WARN] [KubeJS Server/]: Failed to parse recipe 'tconstruct:smeltery/casts/gold/chestplate_plating[tconstruct:casting_table]'! Falling back to vanilla: Cannot invoke "com.google.gson.JsonElement.getAsString()" because the return value of "com.google.gson.JsonObject.get(String)" is null
[04Oct2025 00:24:08.367] [Server thread/WARN] [KubeJS Server/]: Failed to parse recipe 'tconstruct:smeltery/melting/metal/lead/coin[tconstruct:melting]'! Falling back to vanilla: Cannot invoke "com.google.gson.JsonElement.getAsString()" because the return value of "com.google.gson.JsonObject.get(String)" is null
[04Oct2025 00:24:08.368] [Server thread/WARN] [KubeJS Server/]: Failed to parse recipe 'tconstruct:smeltery/melting/metal/netherite/nugget[tconstruct:melting]'! Falling back to vanilla: Cannot invoke "com.google.gson.JsonElement.getAsString()" because the return value of "com.google.gson.JsonObject.get(String)" is null
[04Oct2025 00:24:08.369] [Server thread/WARN] [KubeJS Server/]: Failed to parse recipe 'mekanism:rotary/steam[mekanism:rotary]'! Falling back to vanilla: Cannot invoke "com.google.gson.JsonElement.getAsString()" because the return value of "com.google.gson.JsonObject.get(String)" is null
[04Oct2025 00:24:08.370] [Server thread/WARN] [KubeJS Server/]: Failed to parse recipe 'tconstruct:smeltery/casting/ender/eye[tconstruct:casting_table]'! Falling back to vanilla: Cannot invoke "com.google.gson.JsonElement.getAsString()" because the return value of "com.google.gson.JsonObject.get(String)" is null
[04Oct2025 00:24:08.371] [Server thread/WARN] [KubeJS Server/]: Failed to parse recipe 'tconstruct:smeltery/melting/metal/invar/plate[tconstruct:melting]'! Falling back to vanilla: Cannot invoke "com.google.gson.JsonElement.getAsString()" because the return value of "com.google.gson.JsonObject.get(String)" is null
[04Oct2025 00:24:08.371] [Server thread/WARN] [KubeJS Server/]: Failed to parse recipe 'tconstruct:smeltery/casting/metal/zinc/ingot_gold_cast[tconstruct:casting_table]'! Falling back to vanilla: Cannot invoke "com.google.gson.JsonElement.getAsString()" because the return value of "com.google.gson.JsonObject.get(String)" is null
[04Oct2025 00:24:08.372] [Server thread/WARN] [KubeJS Server/]: Failed to parse recipe 'tconstruct:smeltery/melting/slime/earth/block[tconstruct:melting]'! Falling back to vanilla: Cannot invoke "com.google.gson.JsonElement.getAsString()" because the return value of "com.google.gson.JsonObject.get(String)" is null
[04Oct2025 00:24:08.373] [Server thread/WARN] [KubeJS Server/]: Failed to parse recipe 'tconstruct:smeltery/melting/metal/gold/ingot[tconstruct:melting]'! Falling back to vanilla: Cannot invoke "com.google.gson.JsonElement.getAsString()" because the return value of "com.google.gson.JsonObject.get(String)" is null
[04Oct2025 00:24:08.377] [Server thread/WARN] [KubeJS Server/]: Failed to parse recipe 'tconstruct:smeltery/casting/seared/cracked[tconstruct:casting_basin]'! Falling back to vanilla: Cannot invoke "com.google.gson.JsonElement.getAsString()" because the return value of "com.google.gson.JsonObject.get(String)" is null
[04Oct2025 00:24:08.378] [Server thread/WARN] [KubeJS Server/]: Failed to parse recipe 'tconstruct:smeltery/alloys/molten_enderium[tconstruct:alloy]'! Falling back to vanilla: Cannot invoke "com.google.gson.JsonElement.getAsString()" because the return value of "com.google.gson.JsonObject.get(String)" is null
[04Oct2025 00:24:08.383] [Server thread/WARN] [KubeJS Server/]: Failed to parse recipe 'tconstruct:smeltery/casting/metal/tin/ingot_gold_cast[tconstruct:casting_table]'! Falling back to vanilla: Cannot invoke "com.google.gson.JsonElement.getAsString()" because the return value of "com.google.gson.JsonObject.get(String)" is null
[04Oct2025 00:24:08.383] [Server thread/WARN] [KubeJS Server/]: Failed to parse recipe 'tconstruct:tools/modifiers/emerald_reinforcement[tconstruct:casting_table]'! Falling back to vanilla: Cannot invoke "com.google.gson.JsonElement.getAsString()" because the return value of "com.google.gson.JsonObject.get(String)" is null
[04Oct2025 00:24:08.385] [Server thread/WARN] [KubeJS Server/]: Failed to parse recipe 'tconstruct:smeltery/casting/metal/iron/rod_gold_cast[tconstruct:casting_table]'! Falling back to vanilla: Cannot invoke "com.google.gson.JsonElement.getAsString()" because the return value of "com.google.gson.JsonObject.get(String)" is null
[04Oct2025 00:24:08.385] [Server thread/WARN] [KubeJS Server/]: Failed to parse recipe 'tconstruct:smeltery/casting/slime/magma_bottle[tconstruct:casting_table]'! Falling back to vanilla: Cannot invoke "com.google.gson.JsonElement.getAsString()" because the return value of "com.google.gson.JsonObject.get(String)" is null
[04Oct2025 00:24:08.390] [Server thread/WARN] [KubeJS Server/]: Failed to parse recipe 'tconstruct:smeltery/casts/gold/small_axe_head[tconstruct:casting_table]'! Falling back to vanilla: Cannot invoke "com.google.gson.JsonElement.getAsString()" because the return value of "com.google.gson.JsonObject.get(String)" is null
[04Oct2025 00:24:08.392] [Server thread/WARN] [KubeJS Server/]: Failed to parse recipe 'tconstruct:smeltery/melting/metal/lead/ingot[tconstruct:melting]'! Falling back to vanilla: Cannot invoke "com.google.gson.JsonElement.getAsString()" because the return value of "com.google.gson.JsonObject.get(String)" is null
[04Oct2025 00:24:08.394] [Server thread/WARN] [KubeJS Server/]: Failed to parse recipe 'tconstruct:smeltery/casting/metal/lumium/gear_sand_cast[tconstruct:casting_table]'! Falling back to vanilla: Cannot invoke "com.google.gson.JsonElement.getAsString()" because the return value of "com.google.gson.JsonObject.get(String)" is null
[04Oct2025 00:24:08.396] [Server thread/WARN] [KubeJS Server/]: Failed to parse recipe 'tconstruct:smeltery/casting/metal/copper/gear_gold_cast[tconstruct:casting_table]'! Falling back to vanilla: Cannot invoke "com.google.gson.JsonElement.getAsString()" because the return value of "com.google.gson.JsonObject.get(String)" is null
[04Oct2025 00:24:08.397] [Server thread/WARN] [KubeJS Server/]: Failed to parse recipe 'tconstruct:smeltery/melting/metal/lead/dust[tconstruct:melting]'! Falling back to vanilla: Cannot invoke "com.google.gson.JsonElement.getAsString()" because the return value of "com.google.gson.JsonObject.get(String)" is null
[04Oct2025 00:24:08.398] [Server thread/WARN] [KubeJS Server/]: Failed to parse recipe 'mekanism:reaction/coal_gasification/coals[mekanism:reaction]'! Falling back to vanilla: Cannot invoke "com.google.gson.JsonElement.getAsString()" because the return value of "com.google.gson.JsonObject.get(String)" is null
[04Oct2025 00:24:08.399] [Server thread/WARN] [KubeJS Server/]: Failed to parse recipe 'tconstruct:smeltery/melting/metal/cobalt/block[tconstruct:melting]'! Falling back to vanilla: Cannot invoke "com.google.gson.JsonElement.getAsString()" because the return value of "com.google.gson.JsonObject.get(String)" is null
[04Oct2025 00:24:08.399] [Server thread/WARN] [KubeJS Server/]: Failed to parse recipe 'tconstruct:smeltery/casting/metal/signalum/coin_sand_cast[tconstruct:casting_table]'! Falling back to vanilla: Cannot invoke "com.google.gson.JsonElement.getAsString()" because the return value of "com.google.gson.JsonObject.get(String)" is null
[04Oct2025 00:24:08.400] [Server thread/WARN] [KubeJS Server/]: Failed to parse recipe 'tconstruct:smeltery/casting/metal/rose_gold/block[tconstruct:casting_basin]'! Falling back to vanilla: Cannot invoke "com.google.gson.JsonElement.getAsString()" because the return value of "com.google.gson.JsonObject.get(String)" is null
[04Oct2025 00:24:08.402] [Server thread/WARN] [KubeJS Server/]: Failed to parse recipe 'tconstruct:smeltery/casting/seared/cobble/stairs[tconstruct:casting_basin]'! Falling back to vanilla: Cannot invoke "com.google.gson.JsonElement.getAsString()" because the return value of "com.google.gson.JsonObject.get(String)" is null
[04Oct2025 00:24:08.402] [Server thread/WARN] [KubeJS Server/]: Failed to parse recipe 'mekanism:rotary/hydrogen[mekanism:rotary]'! Falling back to vanilla: Cannot invoke "com.google.gson.JsonElement.getAsString()" because the return value of "com.google.gson.JsonObject.get(String)" is null
[04Oct2025 00:24:08.403] [Server thread/WARN] [KubeJS Server/]: Failed to parse recipe 'tconstruct:smeltery/casting/metal/gold/clock[tconstruct:casting_table]'! Falling back to vanilla: Cannot invoke "com.google.gson.JsonElement.getAsString()" because the return value of "com.google.gson.JsonObject.get(String)" is null
[04Oct2025 00:24:08.411] [Server thread/WARN] [KubeJS Server/]: Failed to parse recipe 'tconstruct:smeltery/melting/metal/lumium/dust[tconstruct:melting]'! Falling back to vanilla: Cannot invoke "com.google.gson.JsonElement.getAsString()" because the return value of "com.google.gson.JsonObject.get(String)" is null
[04Oct2025 00:24:08.412] [Server thread/WARN] [KubeJS Server/]: Failed to parse recipe 'tconstruct:smeltery/casting/seared/glass[tconstruct:casting_basin]'! Falling back to vanilla: Cannot invoke "com.google.gson.JsonElement.getAsString()" because the return value of "com.google.gson.JsonObject.get(String)" is null
[04Oct2025 00:24:08.414] [Server thread/WARN] [KubeJS Server/]: Failed to parse recipe 'tconstruct:smeltery/casting/metal/brass/block[tconstruct:casting_basin]'! Falling back to vanilla: Cannot invoke "com.google.gson.JsonElement.getAsString()" because the return value of "com.google.gson.JsonObject.get(String)" is null
[04Oct2025 00:24:08.431] [Server thread/WARN] [KubeJS Server/]: Failed to parse recipe 'tconstruct:smeltery/casting/quartz/diorite[tconstruct:casting_basin]'! Falling back to vanilla: Cannot invoke "com.google.gson.JsonElement.getAsString()" because the return value of "com.google.gson.JsonObject.get(String)" is null
[04Oct2025 00:24:08.437] [Server thread/WARN] [KubeJS Server/]: Failed to parse recipe 'tconstruct:smeltery/casting/metal/lead/ingot_sand_cast[tconstruct:casting_table]'! Falling back to vanilla: Cannot invoke "com.google.gson.JsonElement.getAsString()" because the return value of "com.google.gson.JsonObject.get(String)" is null
[04Oct2025 00:24:08.440] [Server thread/WARN] [KubeJS Server/]: Failed to parse recipe 'tconstruct:smeltery/casting/filling/lingering_bottle[tconstruct:casting_table_potion]'! Falling back to vanilla: Cannot invoke "com.google.gson.JsonElement.getAsString()" because the return value of "com.google.gson.JsonObject.get(String)" is null
[04Oct2025 00:24:08.441] [Server thread/WARN] [KubeJS Server/]: Failed to parse recipe 'tconstruct:smeltery/melting/metal/electrum/plate[tconstruct:melting]'! Falling back to vanilla: Cannot invoke "com.google.gson.JsonElement.getAsString()" because the return value of "com.google.gson.JsonObject.get(String)" is null
[04Oct2025 00:24:08.444] [Server thread/WARN] [KubeJS Server/]: Failed to parse recipe 'tconstruct:smeltery/casting/metal/hepatizon/block[tconstruct:casting_basin]'! Falling back to vanilla: Cannot invoke "com.google.gson.JsonElement.getAsString()" because the return value of "com.google.gson.JsonObject.get(String)" is null
[04Oct2025 00:24:08.446] [Server thread/WARN] [KubeJS Server/]: Failed to parse recipe 'tconstruct:smeltery/melting/metal/iron/ingot[tconstruct:melting]'! Falling back to vanilla: Cannot invoke "com.google.gson.JsonElement.getAsString()" because the return value of "com.google.gson.JsonObject.get(String)" is null
[04Oct2025 00:24:08.449] [Server thread/WARN] [KubeJS Server/]: Failed to parse recipe 'tconstruct:smeltery/melting/metal/bronze/ingot[tconstruct:melting]'! Falling back to vanilla: Cannot invoke "com.google.gson.JsonElement.getAsString()" because the return value of "com.google.gson.JsonObject.get(String)" is null
[04Oct2025 00:24:08.450] [Server thread/WARN] [KubeJS Server/]: Failed to parse recipe 'tconstruct:smeltery/melting/metal/refined_obsidian/block[tconstruct:melting]'! Falling back to vanilla: Cannot invoke "com.google.gson.JsonElement.getAsString()" because the return value of "com.google.gson.JsonObject.get(String)" is null
[04Oct2025 00:24:08.452] [Server thread/WARN] [KubeJS Server/]: Failed to parse recipe 'tconstruct:smeltery/casting/diamond/gear_gold_cast[tconstruct:casting_table]'! Falling back to vanilla: Cannot invoke "com.google.gson.JsonElement.getAsString()" because the return value of "com.google.gson.JsonObject.get(String)" is null
[04Oct2025 00:24:08.455] [Server thread/WARN] [KubeJS Server/]: Failed to parse recipe 'tconstruct:smeltery/alloys/molten_cinderslime[tconstruct:alloy]'! Falling back to vanilla: Cannot invoke "com.google.gson.JsonElement.getAsString()" because the return value of "com.google.gson.JsonObject.get(String)" is null
[04Oct2025 00:24:08.456] [Server thread/WARN] [KubeJS Server/]: Failed to parse recipe 'tconstruct:compat/refined_obsidian_ingot[tconstruct:casting_table]'! Falling back to vanilla: Cannot invoke "com.google.gson.JsonElement.getAsString()" because the return value of "com.google.gson.JsonObject.get(String)" is null
[04Oct2025 00:24:08.459] [Server thread/WARN] [KubeJS Server/]: Failed to parse recipe 'tconstruct:smeltery/casting/metal/zinc/plate_gold_cast[tconstruct:casting_table]'! Falling back to vanilla: Cannot invoke "com.google.gson.JsonElement.getAsString()" because the return value of "com.google.gson.JsonObject.get(String)" is null
[04Oct2025 00:24:08.460] [Server thread/WARN] [KubeJS Server/]: Failed to parse recipe 'tconstruct:smeltery/casts/gold/gears[tconstruct:casting_table]'! Falling back to vanilla: Cannot invoke "com.google.gson.JsonElement.getAsString()" because the return value of "com.google.gson.JsonObject.get(String)" is null
[04Oct2025 00:24:08.465] [Server thread/WARN] [KubeJS Server/]: Failed to parse recipe 'tconstruct:smeltery/casting/metal/amethyst_bronze/ingot_gold_cast[tconstruct:casting_table]'! Falling back to vanilla: Cannot invoke "com.google.gson.JsonElement.getAsString()" because the return value of "com.google.gson.JsonObject.get(String)" is null
[04Oct2025 00:24:08.467] [Server thread/WARN] [KubeJS Server/]: Failed to parse recipe 'tconstruct:smeltery/casting/seared/glass_tinted[tconstruct:casting_basin]'! Falling back to vanilla: Cannot invoke "com.google.gson.JsonElement.getAsString()" because the return value of "com.google.gson.JsonObject.get(String)" is null
[04Oct2025 00:24:08.468] [Server thread/WARN] [KubeJS Server/]: Failed to parse recipe 'tconstruct:smeltery/casting/cheese_ingot_gold_cast[tconstruct:casting_table]'! Falling back to vanilla: Cannot invoke "com.google.gson.JsonElement.getAsString()" because the return value of "com.google.gson.JsonObject.get(String)" is null
[04Oct2025 00:24:08.474] [Server thread/WARN] [KubeJS Server/]: Failed to parse recipe 'tconstruct:smeltery/casting/scorched/glass_soul[tconstruct:casting_basin]'! Falling back to vanilla: Cannot invoke "com.google.gson.JsonElement.getAsString()" because the return value of "com.google.gson.JsonObject.get(String)" is null
[04Oct2025 00:24:08.476] [Server thread/WARN] [KubeJS Server/]: Failed to parse recipe 'tconstruct:smeltery/casting/slime/venombone[tconstruct:casting_table]'! Falling back to vanilla: Cannot invoke "com.google.gson.JsonElement.getAsString()" because the return value of "com.google.gson.JsonObject.get(String)" is null
[04Oct2025 00:24:08.477] [Server thread/WARN] [KubeJS Server/]: Failed to parse recipe 'mekanism:rotary/water_vapor[mekanism:rotary]'! Falling back to vanilla: Cannot invoke "com.google.gson.JsonElement.getAsString()" because the return value of "com.google.gson.JsonObject.get(String)" is null
[04Oct2025 00:24:08.479] [Server thread/WARN] [KubeJS Server/]: Failed to parse recipe 'tconstruct:smeltery/casts/gold/ingots[tconstruct:casting_table]'! Falling back to vanilla: Cannot invoke "com.google.gson.JsonElement.getAsString()" because the return value of "com.google.gson.JsonObject.get(String)" is null
[04Oct2025 00:24:08.481] [Server thread/WARN] [KubeJS Server/]: Failed to parse recipe 'tconstruct:smeltery/casting/metal/invar/ingot_gold_cast[tconstruct:casting_table]'! Falling back to vanilla: Cannot invoke "com.google.gson.JsonElement.getAsString()" because the return value of "com.google.gson.JsonObject.get(String)" is null
[04Oct2025 00:24:08.482] [Server thread/WARN] [KubeJS Server/]: Failed to parse recipe 'tconstruct:smeltery/casting/amethyst/glass[tconstruct:casting_basin]'! Falling back to vanilla: Cannot invoke "com.google.gson.JsonElement.getAsString()" because the return value of "com.google.gson.JsonObject.get(String)" is null
[04Oct2025 00:24:08.485] [Server thread/WARN] [KubeJS Server/]: Failed to parse recipe 'tconstruct:smeltery/casting/metal/nickel/block[tconstruct:casting_basin]'! Falling back to vanilla: Cannot invoke "com.google.gson.JsonElement.getAsString()" because the return value of "com.google.gson.JsonObject.get(String)" is null
[04Oct2025 00:24:08.487] [Server thread/WARN] [KubeJS Server/]: Failed to parse recipe 'tconstruct:smeltery/melting/metal/netherite/block[tconstruct:melting]'! Falling back to vanilla: Cannot invoke "com.google.gson.JsonElement.getAsString()" because the return value of "com.google.gson.JsonObject.get(String)" is null
[04Oct2025 00:24:08.489] [Server thread/WARN] [KubeJS Server/]: Failed to parse recipe 'tconstruct:tools/armor/slime_skull/necrotic_bone[tconstruct:casting_basin]'! Falling back to vanilla: Cannot invoke "com.google.gson.JsonElement.getAsString()" because the return value of "com.google.gson.JsonObject.get(String)" is null
[04Oct2025 00:24:08.491] [Server thread/WARN] [KubeJS Server/]: Failed to parse recipe 'tconstruct:smeltery/casting/metal/manyullyn/ingot_gold_cast[tconstruct:casting_table]'! Falling back to vanilla: Cannot invoke "com.google.gson.JsonElement.getAsString()" because the return value of "com.google.gson.JsonObject.get(String)" is null
[04Oct2025 00:24:08.493] [Server thread/WARN] [KubeJS Server/]: Failed to parse recipe 'mekanism:rotary/uranium_oxide[mekanism:rotary]'! Falling back to vanilla: Cannot invoke "com.google.gson.JsonElement.getAsString()" because the return value of "com.google.gson.JsonObject.get(String)" is null
[04Oct2025 00:24:08.494] [Server thread/WARN] [KubeJS Server/]: Failed to parse recipe 'tconstruct:smeltery/casting/metal/lumium/gear_gold_cast[tconstruct:casting_table]'! Falling back to vanilla: Cannot invoke "com.google.gson.JsonElement.getAsString()" because the return value of "com.google.gson.JsonObject.get(String)" is null
[04Oct2025 00:24:08.496] [Server thread/WARN] [KubeJS Server/]: Failed to parse recipe 'tconstruct:smeltery/casting/metal/silver/coin_sand_cast[tconstruct:casting_table]'! Falling back to vanilla: Cannot invoke "com.google.gson.JsonElement.getAsString()" because the return value of "com.google.gson.JsonObject.get(String)" is null
[04Oct2025 00:24:08.497] [Server thread/WARN] [KubeJS Server/]: Failed to parse recipe 'mekanism:processing/lead/slurry/clean[mekanism:washing]'! Falling back to vanilla: Cannot invoke "com.google.gson.JsonElement.getAsString()" because the return value of "com.google.gson.JsonObject.get(String)" is null
[04Oct2025 00:24:08.498] [Server thread/WARN] [KubeJS Server/]: Failed to parse recipe 'tconstruct:smeltery/casting/slime/ender/slimeball[tconstruct:casting_table]'! Falling back to vanilla: Cannot invoke "com.google.gson.JsonElement.getAsString()" because the return value of "com.google.gson.JsonObject.get(String)" is null
[04Oct2025 00:24:08.499] [Server thread/WARN] [KubeJS Server/]: Failed to parse recipe 'tconstruct:smeltery/casts/gold/repair_kit[tconstruct:casting_table]'! Falling back to vanilla: Cannot invoke "com.google.gson.JsonElement.getAsString()" because the return value of "com.google.gson.JsonObject.get(String)" is null
[04Oct2025 00:24:08.500] [Server thread/WARN] [KubeJS Server/]: Failed to parse recipe 'tconstruct:smeltery/casting/metal/constantan/coin_sand_cast[tconstruct:casting_table]'! Falling back to vanilla: Cannot invoke "com.google.gson.JsonElement.getAsString()" because the return value of "com.google.gson.JsonObject.get(String)" is null
[04Oct2025 00:24:08.500] [Server thread/WARN] [KubeJS Server/]: Failed to parse recipe 'tconstruct:smeltery/casting/metal/gold/gear_gold_cast[tconstruct:casting_table]'! Falling back to vanilla: Cannot invoke "com.google.gson.JsonElement.getAsString()" because the return value of "com.google.gson.JsonObject.get(String)" is null
[04Oct2025 00:24:08.501] [Server thread/WARN] [KubeJS Server/]: Failed to parse recipe 'tconstruct:smeltery/casting/metal/copper/plate_gold_cast[tconstruct:casting_table]'! Falling back to vanilla: Cannot invoke "com.google.gson.JsonElement.getAsString()" because the return value of "com.google.gson.JsonObject.get(String)" is null
[04Oct2025 00:24:08.502] [Server thread/WARN] [KubeJS Server/]: Failed to parse recipe 'tconstruct:smeltery/melting/metal/aluminum/plate[tconstruct:melting]'! Falling back to vanilla: Cannot invoke "com.google.gson.JsonElement.getAsString()" because the return value of "com.google.gson.JsonObject.get(String)" is null
[04Oct2025 00:24:08.505] [Server thread/WARN] [KubeJS Server/]: Failed to parse recipe 'tconstruct:gadgets/piggy_backpack[tconstruct:casting_table]'! Falling back to vanilla: Cannot invoke "com.google.gson.JsonElement.getAsString()" because the return value of "com.google.gson.JsonObject.get(String)" is null
[04Oct2025 00:24:08.506] [Server thread/WARN] [KubeJS Server/]: Failed to parse recipe 'tconstruct:smeltery/melting/ender/pearl[tconstruct:melting]'! Falling back to vanilla: Cannot invoke "com.google.gson.JsonElement.getAsString()" because the return value of "com.google.gson.JsonObject.get(String)" is null
[04Oct2025 00:24:08.507] [Server thread/WARN] [KubeJS Server/]: Failed to parse recipe 'tconstruct:smeltery/casting/metal/steel/nugget_sand_cast[tconstruct:casting_table]'! Falling back to vanilla: Cannot invoke "com.google.gson.JsonElement.getAsString()" because the return value of "com.google.gson.JsonObject.get(String)" is null
[04Oct2025 00:24:08.507] [Server thread/WARN] [KubeJS Server/]: Failed to parse recipe 'tconstruct:smeltery/casting/cheese_block[tconstruct:casting_basin]'! Falling back to vanilla: Cannot invoke "com.google.gson.JsonElement.getAsString()" because the return value of "com.google.gson.JsonObject.get(String)" is null
[04Oct2025 00:24:08.510] [Server thread/WARN] [KubeJS Server/]: Failed to parse recipe 'tconstruct:smeltery/casting/metal/invar/gear_gold_cast[tconstruct:casting_table]'! Falling back to vanilla: Cannot invoke "com.google.gson.JsonElement.getAsString()" because the return value of "com.google.gson.JsonObject.get(String)" is null
[04Oct2025 00:24:08.511] [Server thread/WARN] [KubeJS Server/]: Failed to parse recipe 'tconstruct:smeltery/melting/metal/zinc/block[tconstruct:melting]'! Falling back to vanilla: Cannot invoke "com.google.gson.JsonElement.getAsString()" because the return value of "com.google.gson.JsonObject.get(String)" is null
[04Oct2025 00:24:08.512] [Server thread/WARN] [KubeJS Server/]: Failed to parse recipe 'tconstruct:smeltery/alloys/molten_manyullyn[tconstruct:alloy]'! Falling back to vanilla: Cannot invoke "com.google.gson.JsonElement.getAsString()" because the return value of "com.google.gson.JsonObject.get(String)" is null
[04Oct2025 00:24:08.513] [Server thread/WARN] [KubeJS Server/]: Failed to parse recipe 'tconstruct:smeltery/casting/metal/nickel/plate_sand_cast[tconstruct:casting_table]'! Falling back to vanilla: Cannot invoke "com.google.gson.JsonElement.getAsString()" because the return value of "com.google.gson.JsonObject.get(String)" is null
[04Oct2025 00:24:08.514] [Server thread/WARN] [KubeJS Server/]: Failed to parse recipe 'deeperdarker:resonarium_pickaxe_smithing[minecraft:smithing_transform]'! Falling back to vanilla: Ingredient 'template' can't be empty!
[04Oct2025 00:24:08.514] [Server thread/WARN] [KubeJS Server/]: Failed to parse recipe 'tconstruct:smeltery/melting/metal/iron/cauldron[tconstruct:melting]'! Falling back to vanilla: Cannot invoke "com.google.gson.JsonElement.getAsString()" because the return value of "com.google.gson.JsonObject.get(String)" is null
[04Oct2025 00:24:08.516] [Server thread/WARN] [KubeJS Server/]: Failed to parse recipe 'mekanism:reaction/substrate/ethene_oxygen[mekanism:reaction]'! Falling back to vanilla: Cannot invoke "com.google.gson.JsonElement.getAsString()" because the return value of "com.google.gson.JsonObject.get(String)" is null
[04Oct2025 00:24:08.517] [Server thread/WARN] [KubeJS Server/]: Failed to parse recipe 'tconstruct:smeltery/casts/gold/hammer_head[tconstruct:casting_table]'! Falling back to vanilla: Cannot invoke "com.google.gson.JsonElement.getAsString()" because the return value of "com.google.gson.JsonObject.get(String)" is null
[04Oct2025 00:24:08.518] [Server thread/WARN] [KubeJS Server/]: Failed to parse recipe 'tconstruct:smeltery/casting/metal/tin/gear_sand_cast[tconstruct:casting_table]'! Falling back to vanilla: Cannot invoke "com.google.gson.JsonElement.getAsString()" because the return value of "com.google.gson.JsonObject.get(String)" is null
[04Oct2025 00:24:08.519] [Server thread/WARN] [KubeJS Server/]: Failed to parse recipe 'tconstruct:smeltery/casting/metal/iron/gear_gold_cast[tconstruct:casting_table]'! Falling back to vanilla: Cannot invoke "com.google.gson.JsonElement.getAsString()" because the return value of "com.google.gson.JsonObject.get(String)" is null
[04Oct2025 00:24:08.520] [Server thread/WARN] [KubeJS Server/]: Failed to parse recipe 'tconstruct:smeltery/melting/metal/netherite/gear[tconstruct:melting]'! Falling back to vanilla: Cannot invoke "com.google.gson.JsonElement.getAsString()" because the return value of "com.google.gson.JsonObject.get(String)" is null
[04Oct2025 00:24:08.521] [Server thread/WARN] [KubeJS Server/]: Failed to parse recipe 'tconstruct:smeltery/casting/metal/silver/block[tconstruct:casting_basin]'! Falling back to vanilla: Cannot invoke "com.google.gson.JsonElement.getAsString()" because the return value of "com.google.gson.JsonObject.get(String)" is null
[04Oct2025 00:24:08.521] [Server thread/WARN] [KubeJS Server/]: Failed to parse recipe 'tconstruct:smeltery/casting/metal/refined_obsidian/nugget_gold_cast[tconstruct:casting_table]'! Falling back to vanilla: Cannot invoke "com.google.gson.JsonElement.getAsString()" because the return value of "com.google.gson.JsonObject.get(String)" is null
[04Oct2025 00:24:08.522] [Server thread/WARN] [KubeJS Server/]: Failed to parse recipe 'tconstruct:smeltery/melting/metal/nickel/dust[tconstruct:melting]'! Falling back to vanilla: Cannot invoke "com.google.gson.JsonElement.getAsString()" because the return value of "com.google.gson.JsonObject.get(String)" is null
[04Oct2025 00:24:08.525] [Server thread/WARN] [KubeJS Server/]: Failed to parse recipe 'tconstruct:smeltery/casts/gold/large_plate[tconstruct:casting_table]'! Falling back to vanilla: Cannot invoke "com.google.gson.JsonElement.getAsString()" because the return value of "com.google.gson.JsonObject.get(String)" is null
[04Oct2025 00:24:08.526] [Server thread/WARN] [KubeJS Server/]: Failed to parse recipe 'tconstruct:smeltery/casting/metal/bronze/coin_gold_cast[tconstruct:casting_table]'! Falling back to vanilla: Cannot invoke "com.google.gson.JsonElement.getAsString()" because the return value of "com.google.gson.JsonObject.get(String)" is null
[04Oct2025 00:24:08.529] [Server thread/WARN] [KubeJS Server/]: Failed to parse recipe 'tconstruct:smeltery/casting/metal/cobalt/block[tconstruct:casting_basin]'! Falling back to vanilla: Cannot invoke "com.google.gson.JsonElement.getAsString()" because the return value of "com.google.gson.JsonObject.get(String)" is null
[04Oct2025 00:24:08.530] [Server thread/WARN] [KubeJS Server/]: Failed to parse recipe 'tconstruct:smeltery/melting/metal/constantan/gear[tconstruct:melting]'! Falling back to vanilla: Cannot invoke "com.google.gson.JsonElement.getAsString()" because the return value of "com.google.gson.JsonObject.get(String)" is null
[04Oct2025 00:24:08.532] [Server thread/WARN] [KubeJS Server/]: Failed to parse recipe 'tconstruct:smeltery/alloys/molten_queens_slime[tconstruct:alloy]'! Falling back to vanilla: Cannot invoke "com.google.gson.JsonElement.getAsString()" because the return value of "com.google.gson.JsonObject.get(String)" is null
[04Oct2025 00:24:08.533] [Server thread/WARN] [KubeJS Server/]: Failed to parse recipe 'tconstruct:smeltery/casting/metal/rose_gold/ingot_sand_cast[tconstruct:casting_table]'! Falling back to vanilla: Cannot invoke "com.google.gson.JsonElement.getAsString()" because the return value of "com.google.gson.JsonObject.get(String)" is null
[04Oct2025 00:24:08.535] [Server thread/WARN] [KubeJS Server/]: Failed to parse recipe 'tconstruct:smeltery/casting/seared/cobble/wall[tconstruct:casting_basin]'! Falling back to vanilla: Cannot invoke "com.google.gson.JsonElement.getAsString()" because the return value of "com.google.gson.JsonObject.get(String)" is null
[04Oct2025 00:24:08.535] [Server thread/WARN] [KubeJS Server/]: Failed to parse recipe 'tconstruct:smeltery/melting/slime/honey_block[tconstruct:melting]'! Falling back to vanilla: Cannot invoke "com.google.gson.JsonElement.getAsString()" because the return value of "com.google.gson.JsonObject.get(String)" is null
[04Oct2025 00:24:08.536] [Server thread/WARN] [KubeJS Server/]: Failed to parse recipe 'tconstruct:smeltery/casting/honey/bottle[tconstruct:casting_table]'! Falling back to vanilla: Cannot invoke "com.google.gson.JsonElement.getAsString()" because the return value of "com.google.gson.JsonObject.get(String)" is null
[04Oct2025 00:24:08.537] [Server thread/WARN] [KubeJS Server/]: Failed to parse recipe 'tconstruct:smeltery/casting/seared/glass_soul[tconstruct:casting_basin]'! Falling back to vanilla: Cannot invoke "com.google.gson.JsonElement.getAsString()" because the return value of "com.google.gson.JsonObject.get(String)" is null
[04Oct2025 00:24:08.537] [Server thread/WARN] [KubeJS Server/]: Failed to parse recipe 'tconstruct:smeltery/casting/obsidian/nahuatl_stairs[tconstruct:casting_basin]'! Falling back to vanilla: Cannot invoke "com.google.gson.JsonElement.getAsString()" because the return value of "com.google.gson.JsonObject.get(String)" is null
[04Oct2025 00:24:08.538] [Server thread/WARN] [KubeJS Server/]: Failed to parse recipe 'tconstruct:smeltery/entity_melting/heads/drowned[tconstruct:melting]'! Falling back to vanilla: Cannot invoke "com.google.gson.JsonElement.getAsString()" because the return value of "com.google.gson.JsonObject.get(String)" is null
[04Oct2025 00:24:08.541] [Server thread/WARN] [KubeJS Server/]: Failed to parse recipe 'tconstruct:smeltery/melting/metal/zinc/nugget[tconstruct:melting]'! Falling back to vanilla: Cannot invoke "com.google.gson.JsonElement.getAsString()" because the return value of "com.google.gson.JsonObject.get(String)" is null
[04Oct2025 00:24:08.542] [Server thread/WARN] [KubeJS Server/]: Failed to parse recipe 'tconstruct:smeltery/casting/metal/gold/gear_sand_cast[tconstruct:casting_table]'! Falling back to vanilla: Cannot invoke "com.google.gson.JsonElement.getAsString()" because the return value of "com.google.gson.JsonObject.get(String)" is null
[04Oct2025 00:24:08.542] [Server thread/WARN] [KubeJS Server/]: Failed to parse recipe 'tconstruct:smeltery/casting/metal/constantan/coin_gold_cast[tconstruct:casting_table]'! Falling back to vanilla: Cannot invoke "com.google.gson.JsonElement.getAsString()" because the return value of "com.google.gson.JsonObject.get(String)" is null
[04Oct2025 00:24:08.545] [Server thread/WARN] [KubeJS Server/]: Failed to parse recipe 'tconstruct:smeltery/casting/diamond/gem_gold_cast[tconstruct:casting_table]'! Falling back to vanilla: Cannot invoke "com.google.gson.JsonElement.getAsString()" because the return value of "com.google.gson.JsonObject.get(String)" is null
[04Oct2025 00:24:08.546] [Server thread/WARN] [KubeJS Server/]: Failed to parse recipe 'tconstruct:smeltery/melting/metal/tin/nugget[tconstruct:melting]'! Falling back to vanilla: Cannot invoke "com.google.gson.JsonElement.getAsString()" because the return value of "com.google.gson.JsonObject.get(String)" is null
[04Oct2025 00:24:08.546] [Server thread/WARN] [KubeJS Server/]: Failed to parse recipe 'deeperdarker:resonarium_leggings_smithing[minecraft:smithing_transform]'! Falling back to vanilla: Ingredient 'template' can't be empty!
[04Oct2025 00:24:08.548] [Server thread/WARN] [KubeJS Server/]: Failed to parse recipe 'tconstruct:smeltery/casting/metal/nickel/coin_gold_cast[tconstruct:casting_table]'! Falling back to vanilla: Cannot invoke "com.google.gson.JsonElement.getAsString()" because the return value of "com.google.gson.JsonObject.get(String)" is null
[04Oct2025 00:24:08.549] [Server thread/WARN] [KubeJS Server/]: Failed to parse recipe 'tconstruct:smeltery/casting/metal/copper/plate_sand_cast[tconstruct:casting_table]'! Falling back to vanilla: Cannot invoke "com.google.gson.JsonElement.getAsString()" because the return value of "com.google.gson.JsonObject.get(String)" is null
[04Oct2025 00:24:08.549] [Server thread/WARN] [KubeJS Server/]: Failed to parse recipe 'tconstruct:smeltery/casting/scorched/stone_from_magma[tconstruct:casting_basin]'! Falling back to vanilla: Cannot invoke "com.google.gson.JsonElement.getAsString()" because the return value of "com.google.gson.JsonObject.get(String)" is null
[04Oct2025 00:24:08.550] [Server thread/WARN] [KubeJS Server/]: Failed to parse recipe 'tconstruct:smeltery/melting/metal/gold/produce[tconstruct:melting]'! Falling back to vanilla: Cannot invoke "com.google.gson.JsonElement.getAsString()" because the return value of "com.google.gson.JsonObject.get(String)" is null
[04Oct2025 00:24:08.550] [Server thread/WARN] [KubeJS Server/]: Failed to parse recipe 'tconstruct:smeltery/casting/metal/lead/coin_sand_cast[tconstruct:casting_table]'! Falling back to vanilla: Cannot invoke "com.google.gson.JsonElement.getAsString()" because the return value of "com.google.gson.JsonObject.get(String)" is null
[04Oct2025 00:24:08.552] [Server thread/WARN] [KubeJS Server/]: Failed to parse recipe 'tconstruct:smeltery/melting/metal/gold/gear[tconstruct:melting]'! Falling back to vanilla: Cannot invoke "com.google.gson.JsonElement.getAsString()" because the return value of "com.google.gson.JsonObject.get(String)" is null
[04Oct2025 00:24:08.552] [Server thread/WARN] [KubeJS Server/]: Failed to parse recipe 'tconstruct:smeltery/casting/metal/enderium/coin_sand_cast[tconstruct:casting_table]'! Falling back to vanilla: Cannot invoke "com.google.gson.JsonElement.getAsString()" because the return value of "com.google.gson.JsonObject.get(String)" is null
[04Oct2025 00:24:08.554] [Server thread/WARN] [KubeJS Server/]: Failed to parse recipe 'mekanism:rotary/ethene[mekanism:rotary]'! Falling back to vanilla: Cannot invoke "com.google.gson.JsonElement.getAsString()" because the return value of "com.google.gson.JsonObject.get(String)" is null
[04Oct2025 00:24:08.555] [Server thread/WARN] [KubeJS Server/]: Failed to parse recipe 'tconstruct:smeltery/melting/scorched/fluid_cannon[tconstruct:melting]'! Falling back to vanilla: Cannot invoke "com.google.gson.JsonElement.getAsString()" because the return value of "com.google.gson.JsonObject.get(String)" is null
[04Oct2025 00:24:08.556] [Server thread/WARN] [KubeJS Server/]: Failed to parse recipe 'tconstruct:smeltery/casting/metal/refined_glowstone/nugget_gold_cast[tconstruct:casting_table]'! Falling back to vanilla: Cannot invoke "com.google.gson.JsonElement.getAsString()" because the return value of "com.google.gson.JsonObject.get(String)" is null
[04Oct2025 00:24:08.557] [Server thread/WARN] [KubeJS Server/]: Failed to parse recipe 'tconstruct:smeltery/casts/gold/tool_handle[tconstruct:casting_table]'! Falling back to vanilla: Cannot invoke "com.google.gson.JsonElement.getAsString()" because the return value of "com.google.gson.JsonObject.get(String)" is null
[04Oct2025 00:24:08.558] [Server thread/WARN] [KubeJS Server/]: Failed to parse recipe 'tconstruct:smeltery/melting/metal/tin/gear[tconstruct:melting]'! Falling back to vanilla: Cannot invoke "com.google.gson.JsonElement.getAsString()" because the return value of "com.google.gson.JsonObject.get(String)" is null
[04Oct2025 00:24:08.561] [Server thread/WARN] [KubeJS Server/]: Failed to parse recipe 'tconstruct:smeltery/casting/metal/manyullyn/block[tconstruct:casting_basin]'! Falling back to vanilla: Cannot invoke "com.google.gson.JsonElement.getAsString()" because the return value of "com.google.gson.JsonObject.get(String)" is null
[04Oct2025 00:24:08.562] [Server thread/WARN] [KubeJS Server/]: Failed to parse recipe 'tconstruct:smeltery/casting/soup/mushroom[tconstruct:casting_table]'! Falling back to vanilla: Cannot invoke "com.google.gson.JsonElement.getAsString()" because the return value of "com.google.gson.JsonObject.get(String)" is null
[04Oct2025 00:24:08.567] [Server thread/WARN] [KubeJS Server/]: Failed to parse recipe 'tconstruct:smeltery/melting/metal/amethyst_bronze/block[tconstruct:melting]'! Falling back to vanilla: Cannot invoke "com.google.gson.JsonElement.getAsString()" because the return value of "com.google.gson.JsonObject.get(String)" is null
[04Oct2025 00:24:08.568] [Server thread/WARN] [KubeJS Server/]: Failed to parse recipe 'tconstruct:smeltery/casting/quartz/gear_sand_cast[tconstruct:casting_table]'! Falling back to vanilla: Cannot invoke "com.google.gson.JsonElement.getAsString()" because the return value of "com.google.gson.JsonObject.get(String)" is null
[04Oct2025 00:24:08.569] [Server thread/WARN] [KubeJS Server/]: Failed to parse recipe 'tconstruct:smeltery/melting/metal/aluminum/nugget[tconstruct:melting]'! Falling back to vanilla: Cannot invoke "com.google.gson.JsonElement.getAsString()" because the return value of "com.google.gson.JsonObject.get(String)" is null
[04Oct2025 00:24:08.569] [Server thread/WARN] [KubeJS Server/]: Failed to parse recipe 'tconstruct:smeltery/melting/metal/silver/nugget[tconstruct:melting]'! Falling back to vanilla: Cannot invoke "com.google.gson.JsonElement.getAsString()" because the return value of "com.google.gson.JsonObject.get(String)" is null
[04Oct2025 00:24:08.570] [Server thread/WARN] [KubeJS Server/]: Failed to parse recipe 'tconstruct:smeltery/casting/seared/chiseled[tconstruct:casting_basin]'! Falling back to vanilla: Cannot invoke "com.google.gson.JsonElement.getAsString()" because the return value of "com.google.gson.JsonObject.get(String)" is null
[04Oct2025 00:24:08.573] [Server thread/WARN] [KubeJS Server/]: Failed to parse recipe 'tconstruct:smeltery/casting/metal/silver/coin_gold_cast[tconstruct:casting_table]'! Falling back to vanilla: Cannot invoke "com.google.gson.JsonElement.getAsString()" because the return value of "com.google.gson.JsonObject.get(String)" is null
[04Oct2025 00:24:08.574] [Server thread/WARN] [KubeJS Server/]: Failed to parse recipe 'tconstruct:smeltery/melting/metal/cobalt/dust[tconstruct:melting]'! Falling back to vanilla: Cannot invoke "com.google.gson.JsonElement.getAsString()" because the return value of "com.google.gson.JsonObject.get(String)" is null
[04Oct2025 00:24:08.575] [Server thread/WARN] [KubeJS Server/]: Failed to parse recipe 'tconstruct:smeltery/casting/metal/silver/plate_gold_cast[tconstruct:casting_table]'! Falling back to vanilla: Cannot invoke "com.google.gson.JsonElement.getAsString()" because the return value of "com.google.gson.JsonObject.get(String)" is null
[04Oct2025 00:24:08.576] [Server thread/WARN] [KubeJS Server/]: Failed to parse recipe 'tconstruct:tools/armor/slime_skull/rotten_flesh[tconstruct:casting_basin]'! Falling back to vanilla: Cannot invoke "com.google.gson.JsonElement.getAsString()" because the return value of "com.google.gson.JsonObject.get(String)" is null
[04Oct2025 00:24:08.577] [Server thread/WARN] [KubeJS Server/]: Failed to parse recipe 'tconstruct:smeltery/melting/metal/iron/gear[tconstruct:melting]'! Falling back to vanilla: Cannot invoke "com.google.gson.JsonElement.getAsString()" because the return value of "com.google.gson.JsonObject.get(String)" is null
[04Oct2025 00:24:08.578] [Server thread/WARN] [KubeJS Server/]: Failed to parse recipe 'tconstruct:smeltery/casting/metal/signalum/ingot_gold_cast[tconstruct:casting_table]'! Falling back to vanilla: Cannot invoke "com.google.gson.JsonElement.getAsString()" because the return value of "com.google.gson.JsonObject.get(String)" is null
[04Oct2025 00:24:08.578] [Server thread/WARN] [KubeJS Server/]: Failed to parse recipe 'tconstruct:smeltery/casting/metal/tin/gear_gold_cast[tconstruct:casting_table]'! Falling back to vanilla: Cannot invoke "com.google.gson.JsonElement.getAsString()" because the return value of "com.google.gson.JsonObject.get(String)" is null
[04Oct2025 00:24:08.579] [Server thread/WARN] [KubeJS Server/]: Failed to parse recipe 'tconstruct:smeltery/casting/clay/brick_gold_cast[tconstruct:casting_table]'! Falling back to vanilla: Cannot invoke "com.google.gson.JsonElement.getAsString()" because the return value of "com.google.gson.JsonObject.get(String)" is null
[04Oct2025 00:24:08.579] [Server thread/WARN] [KubeJS Server/]: Failed to parse recipe 'tconstruct:smeltery/casting/metal/iron/gear_sand_cast[tconstruct:casting_table]'! Falling back to vanilla: Cannot invoke "com.google.gson.JsonElement.getAsString()" because the return value of "com.google.gson.JsonObject.get(String)" is null
[04Oct2025 00:24:08.582] [Server thread/WARN] [KubeJS Server/]: Failed to parse recipe 'tconstruct:smeltery/casting/metal/refined_glowstone/ingot_gold_cast[tconstruct:casting_table]'! Falling back to vanilla: Cannot invoke "com.google.gson.JsonElement.getAsString()" because the return value of "com.google.gson.JsonObject.get(String)" is null
[04Oct2025 00:24:08.583] [Server thread/WARN] [KubeJS Server/]: Failed to parse recipe 'tconstruct:smeltery/melting/metal/gold/enchanted_apple[tconstruct:melting]'! Falling back to vanilla: Cannot invoke "com.google.gson.JsonElement.getAsString()" because the return value of "com.google.gson.JsonObject.get(String)" is null
[04Oct2025 00:24:08.584] [Server thread/WARN] [KubeJS Server/]: Failed to parse recipe 'tconstruct:smeltery/casting/scorched/glass_pane_soul[tconstruct:casting_table]'! Falling back to vanilla: Cannot invoke "com.google.gson.JsonElement.getAsString()" because the return value of "com.google.gson.JsonObject.get(String)" is null
[04Oct2025 00:24:08.585] [Server thread/WARN] [KubeJS Server/]: Failed to parse recipe 'mekanism:rotary/sulfur_dioxide[mekanism:rotary]'! Falling back to vanilla: Cannot invoke "com.google.gson.JsonElement.getAsString()" because the return value of "com.google.gson.JsonObject.get(String)" is null
[04Oct2025 00:24:08.586] [Server thread/WARN] [KubeJS Server/]: Failed to parse recipe 'tconstruct:smeltery/melting/metal/copper/block[tconstruct:melting]'! Falling back to vanilla: Cannot invoke "com.google.gson.JsonElement.getAsString()" because the return value of "com.google.gson.JsonObject.get(String)" is null
[04Oct2025 00:24:08.587] [Server thread/WARN] [KubeJS Server/]: Failed to parse recipe 'tconstruct:smeltery/melting/metal/refined_obsidian/ingot[tconstruct:melting]'! Falling back to vanilla: Cannot invoke "com.google.gson.JsonElement.getAsString()" because the return value of "com.google.gson.JsonObject.get(String)" is null
[04Oct2025 00:24:08.588] [Server thread/WARN] [KubeJS Server/]: Failed to parse recipe 'tconstruct:smeltery/casting/slime/ender/roots[tconstruct:casting_basin]'! Falling back to vanilla: Cannot invoke "com.google.gson.JsonElement.getAsString()" because the return value of "com.google.gson.JsonObject.get(String)" is null
[04Oct2025 00:24:08.589] [Server thread/WARN] [KubeJS Server/]: Failed to parse recipe 'tconstruct:smeltery/casting/metal/signalum/ingot_sand_cast[tconstruct:casting_table]'! Falling back to vanilla: Cannot invoke "com.google.gson.JsonElement.getAsString()" because the return value of "com.google.gson.JsonObject.get(String)" is null
[04Oct2025 00:24:08.590] [Server thread/WARN] [KubeJS Server/]: Failed to parse recipe 'tconstruct:smeltery/melting/metal/nickel/nugget[tconstruct:melting]'! Falling back to vanilla: Cannot invoke "com.google.gson.JsonElement.getAsString()" because the return value of "com.google.gson.JsonObject.get(String)" is null
[04Oct2025 00:24:08.591] [Server thread/WARN] [KubeJS Server/]: Failed to parse recipe 'tconstruct:smeltery/melting/slime/magma/block[tconstruct:melting]'! Falling back to vanilla: Cannot invoke "com.google.gson.JsonElement.getAsString()" because the return value of "com.google.gson.JsonObject.get(String)" is null
[04Oct2025 00:24:08.605] [Server thread/WARN] [KubeJS Server/]: Failed to parse recipe 'tconstruct:smeltery/casting/soup/beetroot[tconstruct:casting_table]'! Falling back to vanilla: Cannot invoke "com.google.gson.JsonElement.getAsString()" because the return value of "com.google.gson.JsonObject.get(String)" is null
[04Oct2025 00:24:08.606] [Server thread/WARN] [KubeJS Server/]: Failed to parse recipe 'tconstruct:smeltery/melting/metal/osmium/ingot[tconstruct:melting]'! Falling back to vanilla: Cannot invoke "com.google.gson.JsonElement.getAsString()" because the return value of "com.google.gson.JsonObject.get(String)" is null
[04Oct2025 00:24:08.607] [Server thread/WARN] [KubeJS Server/]: Failed to parse recipe 'tconstruct:smeltery/casting/metal/zinc/block[tconstruct:casting_basin]'! Falling back to vanilla: Cannot invoke "com.google.gson.JsonElement.getAsString()" because the return value of "com.google.gson.JsonObject.get(String)" is null
[04Oct2025 00:24:08.608] [Server thread/WARN] [KubeJS Server/]: Failed to parse recipe 'tconstruct:smeltery/casting/metal/aluminum/nugget_sand_cast[tconstruct:casting_table]'! Falling back to vanilla: Cannot invoke "com.google.gson.JsonElement.getAsString()" because the return value of "com.google.gson.JsonObject.get(String)" is null
[04Oct2025 00:24:08.609] [Server thread/WARN] [KubeJS Server/]: Failed to parse recipe 'tconstruct:smeltery/melting/metal/gold/clock[tconstruct:melting]'! Falling back to vanilla: Cannot invoke "com.google.gson.JsonElement.getAsString()" because the return value of "com.google.gson.JsonObject.get(String)" is null
[04Oct2025 00:24:08.609] [Server thread/WARN] [KubeJS Server/]: Failed to parse recipe 'mekanism:rotary/oxygen[mekanism:rotary]'! Falling back to vanilla: Cannot invoke "com.google.gson.JsonElement.getAsString()" because the return value of "com.google.gson.JsonObject.get(String)" is null
[04Oct2025 00:24:08.610] [Server thread/WARN] [KubeJS Server/]: Failed to parse recipe 'tconstruct:smeltery/melting/metal/enderium/coin[tconstruct:melting]'! Falling back to vanilla: Cannot invoke "com.google.gson.JsonElement.getAsString()" because the return value of "com.google.gson.JsonObject.get(String)" is null
[04Oct2025 00:24:08.620] [Server thread/WARN] [KubeJS Server/]: Failed to parse recipe 'tconstruct:smeltery/casting/metal/queens_slime/nugget_gold_cast[tconstruct:casting_table]'! Falling back to vanilla: Cannot invoke "com.google.gson.JsonElement.getAsString()" because the return value of "com.google.gson.JsonObject.get(String)" is null
[04Oct2025 00:24:08.621] [Server thread/WARN] [KubeJS Server/]: Failed to parse recipe 'tconstruct:smeltery/casting/metal/refined_glowstone/nugget_sand_cast[tconstruct:casting_table]'! Falling back to vanilla: Cannot invoke "com.google.gson.JsonElement.getAsString()" because the return value of "com.google.gson.JsonObject.get(String)" is null
[04Oct2025 00:24:08.622] [Server thread/WARN] [KubeJS Server/]: Failed to parse recipe 'tconstruct:smeltery/melting/metal/refined_glowstone/ingot[tconstruct:melting]'! Falling back to vanilla: Cannot invoke "com.google.gson.JsonElement.getAsString()" because the return value of "com.google.gson.JsonObject.get(String)" is null
[04Oct2025 00:24:08.622] [Server thread/WARN] [KubeJS Server/]: Failed to parse recipe 'tconstruct:smeltery/casts/gold/bow_grip[tconstruct:casting_table]'! Falling back to vanilla: Cannot invoke "com.google.gson.JsonElement.getAsString()" because the return value of "com.google.gson.JsonObject.get(String)" is null
[04Oct2025 00:24:08.624] [Server thread/WARN] [KubeJS Server/]: Failed to parse recipe 'tconstruct:smeltery/melting/metal/gold/nugget_3[tconstruct:melting]'! Falling back to vanilla: Cannot invoke "com.google.gson.JsonElement.getAsString()" because the return value of "com.google.gson.JsonObject.get(String)" is null
[04Oct2025 00:24:08.624] [Server thread/WARN] [KubeJS Server/]: Failed to parse recipe 'tconstruct:smeltery/casting/metal/enderium/coin_gold_cast[tconstruct:casting_table]'! Falling back to vanilla: Cannot invoke "com.google.gson.JsonElement.getAsString()" because the return value of "com.google.gson.JsonObject.get(String)" is null
[04Oct2025 00:24:08.625] [Server thread/WARN] [KubeJS Server/]: Failed to parse recipe 'tconstruct:smeltery/melting/metal/signalum/gear[tconstruct:melting]'! Falling back to vanilla: Cannot invoke "com.google.gson.JsonElement.getAsString()" because the return value of "com.google.gson.JsonObject.get(String)" is null
[04Oct2025 00:24:08.625] [Server thread/WARN] [KubeJS Server/]: Failed to parse recipe 'tconstruct:smeltery/casting/metal/bronze/coin_sand_cast[tconstruct:casting_table]'! Falling back to vanilla: Cannot invoke "com.google.gson.JsonElement.getAsString()" because the return value of "com.google.gson.JsonObject.get(String)" is null
[04Oct2025 00:24:08.628] [Server thread/WARN] [KubeJS Server/]: Failed to parse recipe 'tconstruct:smeltery/alloys/molten_nicrosil[tconstruct:alloy]'! Falling back to vanilla: Cannot invoke "com.google.gson.JsonElement.getAsString()" because the return value of "com.google.gson.JsonObject.get(String)" is null
[04Oct2025 00:24:08.632] [Server thread/WARN] [KubeJS Server/]: Failed to parse recipe 'tconstruct:smeltery/casting/metal/steel/nugget_gold_cast[tconstruct:casting_table]'! Falling back to vanilla: Cannot invoke "com.google.gson.JsonElement.getAsString()" because the return value of "com.google.gson.JsonObject.get(String)" is null
[04Oct2025 00:24:08.634] [Server thread/WARN] [KubeJS Server/]: Failed to parse recipe 'tconstruct:smeltery/casting/metal/refined_obsidian/nugget_sand_cast[tconstruct:casting_table]'! Falling back to vanilla: Cannot invoke "com.google.gson.JsonElement.getAsString()" because the return value of "com.google.gson.JsonObject.get(String)" is null
[04Oct2025 00:24:08.634] [Server thread/WARN] [KubeJS Server/]: Failed to parse recipe 'tconstruct:smeltery/casting/metal/pig_iron/ingot_gold_cast[tconstruct:casting_table]'! Falling back to vanilla: Cannot invoke "com.google.gson.JsonElement.getAsString()" because the return value of "com.google.gson.JsonObject.get(String)" is null
[04Oct2025 00:24:08.635] [Server thread/WARN] [KubeJS Server/]: Failed to parse recipe 'tconstruct:smeltery/melting/metal/gold/plate[tconstruct:melting]'! Falling back to vanilla: Cannot invoke "com.google.gson.JsonElement.getAsString()" because the return value of "com.google.gson.JsonObject.get(String)" is null
[04Oct2025 00:24:08.636] [Server thread/WARN] [KubeJS Server/]: Failed to parse recipe 'tconstruct:smeltery/casting/scorched/glass_pane[tconstruct:casting_table]'! Falling back to vanilla: Cannot invoke "com.google.gson.JsonElement.getAsString()" because the return value of "com.google.gson.JsonObject.get(String)" is null
[04Oct2025 00:24:08.637] [Server thread/WARN] [KubeJS Server/]: Failed to parse recipe 'tconstruct:smeltery/casting/metal/iron/nugget_sand_cast[tconstruct:casting_table]'! Falling back to vanilla: Cannot invoke "com.google.gson.JsonElement.getAsString()" because the return value of "com.google.gson.JsonObject.get(String)" is null
[04Oct2025 00:24:08.639] [Server thread/WARN] [KubeJS Server/]: Failed to parse recipe 'tconstruct:smeltery/melting/metal/nickel/coin[tconstruct:melting]'! Falling back to vanilla: Cannot invoke "com.google.gson.JsonElement.getAsString()" because the return value of "com.google.gson.JsonObject.get(String)" is null
[04Oct2025 00:24:08.639] [Server thread/WARN] [KubeJS Server/]: Failed to parse recipe 'tconstruct:smeltery/melting/metal/bronze/plate[tconstruct:melting]'! Falling back to vanilla: Cannot invoke "com.google.gson.JsonElement.getAsString()" because the return value of "com.google.gson.JsonObject.get(String)" is null
[04Oct2025 00:24:08.640] [Server thread/WARN] [KubeJS Server/]: Failed to parse recipe 'tconstruct:smeltery/alloys/molten_pewter[tconstruct:alloy]'! Falling back to vanilla: Cannot invoke "com.google.gson.JsonElement.getAsString()" because the return value of "com.google.gson.JsonObject.get(String)" is null
[04Oct2025 00:24:08.640] [Server thread/WARN] [KubeJS Server/]: Failed to parse recipe 'tconstruct:smeltery/casting/slime/earth/dirt[tconstruct:casting_basin]'! Falling back to vanilla: Cannot invoke "com.google.gson.JsonElement.getAsString()" because the return value of "com.google.gson.JsonObject.get(String)" is null
[04Oct2025 00:24:08.642] [Server thread/WARN] [KubeJS Server/]: Failed to parse recipe 'tconstruct:smeltery/melting/metal/copper/plate[tconstruct:melting]'! Falling back to vanilla: Cannot invoke "com.google.gson.JsonElement.getAsString()" because the return value of "com.google.gson.JsonObject.get(String)" is null
[04Oct2025 00:24:08.643] [Server thread/WARN] [KubeJS Server/]: Failed to parse recipe 'tconstruct:smeltery/casting/metal/nickel/coin_sand_cast[tconstruct:casting_table]'! Falling back to vanilla: Cannot invoke "com.google.gson.JsonElement.getAsString()" because the return value of "com.google.gson.JsonObject.get(String)" is null
[04Oct2025 00:24:08.643] [Server thread/WARN] [KubeJS Server/]: Failed to parse recipe 'tconstruct:smeltery/melting/metal/cobalt/seared_duct[tconstruct:melting]'! Falling back to vanilla: Cannot invoke "com.google.gson.JsonElement.getAsString()" because the return value of "com.google.gson.JsonObject.get(String)" is null
[04Oct2025 00:24:08.644] [Server thread/WARN] [KubeJS Server/]: Failed to parse recipe 'tconstruct:smeltery/casting/slime/ender/congealed[tconstruct:casting_basin]'! Falling back to vanilla: Cannot invoke "com.google.gson.JsonElement.getAsString()" because the return value of "com.google.gson.JsonObject.get(String)" is null
[04Oct2025 00:24:08.645] [Server thread/WARN] [KubeJS Server/]: Failed to parse recipe 'tconstruct:smeltery/melting/metal/netherite/ingot[tconstruct:melting]'! Falling back to vanilla: Cannot invoke "com.google.gson.JsonElement.getAsString()" because the return value of "com.google.gson.JsonObject.get(String)" is null
[04Oct2025 00:24:08.647] [Server thread/WARN] [KubeJS Server/]: Failed to parse recipe 'tconstruct:smeltery/casting/seared/cobble/block[tconstruct:casting_basin]'! Falling back to vanilla: Cannot invoke "com.google.gson.JsonElement.getAsString()" because the return value of "com.google.gson.JsonObject.get(String)" is null
[04Oct2025 00:24:08.649] [Server thread/WARN] [KubeJS Server/]: Failed to parse recipe 'tconstruct:smeltery/casting/metal/steel/rod_gold_cast[tconstruct:casting_table]'! Falling back to vanilla: Cannot invoke "com.google.gson.JsonElement.getAsString()" because the return value of "com.google.gson.JsonObject.get(String)" is null
[04Oct2025 00:24:08.649] [Server thread/WARN] [KubeJS Server/]: Failed to parse recipe 'tconstruct:smeltery/melting/metal/platinum/ingot[tconstruct:melting]'! Falling back to vanilla: Cannot invoke "com.google.gson.JsonElement.getAsString()" because the return value of "com.google.gson.JsonObject.get(String)" is null
[04Oct2025 00:24:08.650] [Server thread/WARN] [KubeJS Server/]: Failed to parse recipe 'mekanism:separator/water[mekanism:separating]'! Falling back to vanilla: Cannot invoke "com.google.gson.JsonElement.getAsString()" because the return value of "com.google.gson.JsonObject.get(String)" is null
[04Oct2025 00:24:08.654] [Server thread/WARN] [KubeJS Server/]: Failed to parse recipe 'tconstruct:smeltery/casting/metal/uranium/ingot_sand_cast[tconstruct:casting_table]'! Falling back to vanilla: Cannot invoke "com.google.gson.JsonElement.getAsString()" because the return value of "com.google.gson.JsonObject.get(String)" is null
[04Oct2025 00:24:08.655] [Server thread/WARN] [KubeJS Server/]: Failed to parse recipe 'tconstruct:smeltery/casting/metal/gold/nugget_sand_cast[tconstruct:casting_table]'! Falling back to vanilla: Cannot invoke "com.google.gson.JsonElement.getAsString()" because the return value of "com.google.gson.JsonObject.get(String)" is null
[04Oct2025 00:24:08.655] [Server thread/WARN] [KubeJS Server/]: Failed to parse recipe 'tconstruct:smeltery/casting/metal/rose_gold/nugget_gold_cast[tconstruct:casting_table]'! Falling back to vanilla: Cannot invoke "com.google.gson.JsonElement.getAsString()" because the return value of "com.google.gson.JsonObject.get(String)" is null
[04Oct2025 00:24:08.656] [Server thread/WARN] [KubeJS Server/]: Failed to parse recipe 'tconstruct:smeltery/casting/metal/signalum/coin_gold_cast[tconstruct:casting_table]'! Falling back to vanilla: Cannot invoke "com.google.gson.JsonElement.getAsString()" because the return value of "com.google.gson.JsonObject.get(String)" is null
[04Oct2025 00:24:08.658] [Server thread/WARN] [KubeJS Server/]: Failed to parse recipe 'tconstruct:smeltery/melting/metal/uranium/ingot[tconstruct:melting]'! Falling back to vanilla: Cannot invoke "com.google.gson.JsonElement.getAsString()" because the return value of "com.google.gson.JsonObject.get(String)" is null
[04Oct2025 00:24:08.660] [Server thread/WARN] [KubeJS Server/]: Failed to parse recipe 'tconstruct:smeltery/casting/metal/gold/apple[tconstruct:casting_table]'! Falling back to vanilla: Cannot invoke "com.google.gson.JsonElement.getAsString()" because the return value of "com.google.gson.JsonObject.get(String)" is null
[04Oct2025 00:24:08.662] [Server thread/WARN] [KubeJS Server/]: Failed to parse recipe 'tconstruct:smeltery/melting/metal/refined_glowstone/nugget[tconstruct:melting]'! Falling back to vanilla: Cannot invoke "com.google.gson.JsonElement.getAsString()" because the return value of "com.google.gson.JsonObject.get(String)" is null
[04Oct2025 00:24:08.663] [Server thread/WARN] [KubeJS Server/]: Failed to parse recipe 'tconstruct:smeltery/casting/bone_purifying[tconstruct:casting_table]'! Falling back to vanilla: Cannot invoke "com.google.gson.JsonElement.getAsString()" because the return value of "com.google.gson.JsonObject.get(String)" is null
[04Oct2025 00:24:08.664] [Server thread/WARN] [KubeJS Server/]: Failed to parse recipe 'tconstruct:smeltery/casting/metal/osmium/ingot_gold_cast[tconstruct:casting_table]'! Falling back to vanilla: Cannot invoke "com.google.gson.JsonElement.getAsString()" because the return value of "com.google.gson.JsonObject.get(String)" is null
[04Oct2025 00:24:08.665] [Server thread/WARN] [KubeJS Server/]: Failed to parse recipe 'tconstruct:smeltery/casting/metal/gold/carrot[tconstruct:casting_table]'! Falling back to vanilla: Cannot invoke "com.google.gson.JsonElement.getAsString()" because the return value of "com.google.gson.JsonObject.get(String)" is null
[04Oct2025 00:24:08.666] [Server thread/WARN] [KubeJS Server/]: Failed to parse recipe 'tconstruct:smeltery/casting/slime/earth/congealed[tconstruct:casting_basin]'! Falling back to vanilla: Cannot invoke "com.google.gson.JsonElement.getAsString()" because the return value of "com.google.gson.JsonObject.get(String)" is null
[04Oct2025 00:24:08.666] [Server thread/WARN] [KubeJS Server/]: Failed to parse recipe 'tconstruct:smeltery/casting/metal/platinum/ingot_gold_cast[tconstruct:casting_table]'! Falling back to vanilla: Cannot invoke "com.google.gson.JsonElement.getAsString()" because the return value of "com.google.gson.JsonObject.get(String)" is null
[04Oct2025 00:24:08.668] [Server thread/WARN] [KubeJS Server/]: Failed to parse recipe 'tconstruct:smeltery/melting/metal/copper/wire[tconstruct:melting]'! Falling back to vanilla: Cannot invoke "com.google.gson.JsonElement.getAsString()" because the return value of "com.google.gson.JsonObject.get(String)" is null
[04Oct2025 00:24:08.669] [Server thread/WARN] [KubeJS Server/]: Failed to parse recipe 'tconstruct:smeltery/casting/blaze/rod_sand_cast[tconstruct:casting_table]'! Falling back to vanilla: Cannot invoke "com.google.gson.JsonElement.getAsString()" because the return value of "com.google.gson.JsonObject.get(String)" is null
[04Oct2025 00:24:08.670] [Server thread/WARN] [KubeJS Server/]: Failed to parse recipe 'tconstruct:smeltery/melting/metal/tin/dust[tconstruct:melting]'! Falling back to vanilla: Cannot invoke "com.google.gson.JsonElement.getAsString()" because the return value of "com.google.gson.JsonObject.get(String)" is null
[04Oct2025 00:24:08.671] [Server thread/WARN] [KubeJS Server/]: Failed to parse recipe 'tconstruct:smeltery/casting/emerald/gear_sand_cast[tconstruct:casting_table]'! Falling back to vanilla: Cannot invoke "com.google.gson.JsonElement.getAsString()" because the return value of "com.google.gson.JsonObject.get(String)" is null
[04Oct2025 00:24:08.673] [Server thread/WARN] [KubeJS Server/]: Failed to parse recipe 'tconstruct:smeltery/melting/metal/amethyst_bronze/nugget[tconstruct:melting]'! Falling back to vanilla: Cannot invoke "com.google.gson.JsonElement.getAsString()" because the return value of "com.google.gson.JsonObject.get(String)" is null
[04Oct2025 00:24:08.674] [Server thread/WARN] [KubeJS Server/]: Failed to parse recipe 'mekanism:reaction/substrate/water_hydrogen[mekanism:reaction]'! Falling back to vanilla: Cannot invoke "com.google.gson.JsonElement.getAsString()" because the return value of "com.google.gson.JsonObject.get(String)" is null
[04Oct2025 00:24:08.675] [Server thread/WARN] [KubeJS Server/]: Failed to parse recipe 'tconstruct:smeltery/casting/metal/silver/plate_sand_cast[tconstruct:casting_table]'! Falling back to vanilla: Cannot invoke "com.google.gson.JsonElement.getAsString()" because the return value of "com.google.gson.JsonObject.get(String)" is null
[04Oct2025 00:24:08.677] [Server thread/WARN] [KubeJS Server/]: Failed to parse recipe 'tconstruct:smeltery/casting/metal/nickel/ingot_gold_cast[tconstruct:casting_table]'! Falling back to vanilla: Cannot invoke "com.google.gson.JsonElement.getAsString()" because the return value of "com.google.gson.JsonObject.get(String)" is null
[04Oct2025 00:24:08.678] [Server thread/WARN] [KubeJS Server/]: Failed to parse recipe 'tconstruct:smeltery/melting/metal/copper/coin[tconstruct:melting]'! Falling back to vanilla: Cannot invoke "com.google.gson.JsonElement.getAsString()" because the return value of "com.google.gson.JsonObject.get(String)" is null
[04Oct2025 00:24:08.680] [Server thread/WARN] [KubeJS Server/]: Failed to parse recipe 'tconstruct:tools/armor/slime_skull/venombone[tconstruct:casting_basin]'! Falling back to vanilla: Cannot invoke "com.google.gson.JsonElement.getAsString()" because the return value of "com.google.gson.JsonObject.get(String)" is null
[04Oct2025 00:24:08.681] [Server thread/WARN] [KubeJS Server/]: Failed to parse recipe 'mekanism:evaporating/lithium[mekanism:evaporating]'! Falling back to vanilla: Cannot invoke "com.google.gson.JsonElement.getAsString()" because the return value of "com.google.gson.JsonObject.get(String)" is null
[04Oct2025 00:24:08.683] [Server thread/WARN] [KubeJS Server/]: Failed to parse recipe 'tconstruct:smeltery/casting/slime/ender/dirt[tconstruct:casting_basin]'! Falling back to vanilla: Cannot invoke "com.google.gson.JsonElement.getAsString()" because the return value of "com.google.gson.JsonObject.get(String)" is null
[04Oct2025 00:24:08.683] [Server thread/WARN] [KubeJS Server/]: Failed to parse recipe 'tconstruct:smeltery/casting/metal/signalum/plate_sand_cast[tconstruct:casting_table]'! Falling back to vanilla: Cannot invoke "com.google.gson.JsonElement.getAsString()" because the return value of "com.google.gson.JsonObject.get(String)" is null
[04Oct2025 00:24:08.684] [Server thread/WARN] [KubeJS Server/]: Failed to parse recipe 'tconstruct:smeltery/casting/quartz/gear_gold_cast[tconstruct:casting_table]'! Falling back to vanilla: Cannot invoke "com.google.gson.JsonElement.getAsString()" because the return value of "com.google.gson.JsonObject.get(String)" is null
[04Oct2025 00:24:08.686] [Server thread/WARN] [KubeJS Server/]: Failed to parse recipe 'tconstruct:smeltery/melting/metal/lumium/block[tconstruct:melting]'! Falling back to vanilla: Cannot invoke "com.google.gson.JsonElement.getAsString()" because the return value of "com.google.gson.JsonObject.get(String)" is null
[04Oct2025 00:24:08.687] [Server thread/WARN] [KubeJS Server/]: Failed to parse recipe 'tconstruct:smeltery/melting/metal/lumium/gear[tconstruct:melting]'! Falling back to vanilla: Cannot invoke "com.google.gson.JsonElement.getAsString()" because the return value of "com.google.gson.JsonObject.get(String)" is null
[04Oct2025 00:24:08.688] [Server thread/WARN] [KubeJS Server/]: Failed to parse recipe 'tconstruct:smeltery/melting/metal/enderium/plate[tconstruct:melting]'! Falling back to vanilla: Cannot invoke "com.google.gson.JsonElement.getAsString()" because the return value of "com.google.gson.JsonObject.get(String)" is null
[04Oct2025 00:24:08.689] [Server thread/WARN] [KubeJS Server/]: Failed to parse recipe 'tconstruct:smeltery/melting/metal/iron/platform[tconstruct:melting]'! Falling back to vanilla: Cannot invoke "com.google.gson.JsonElement.getAsString()" because the return value of "com.google.gson.JsonObject.get(String)" is null
[04Oct2025 00:24:08.690] [Server thread/WARN] [KubeJS Server/]: Failed to parse recipe 'tconstruct:smeltery/casting/obsidian/nahuatl_fence[tconstruct:casting_basin]'! Falling back to vanilla: Cannot invoke "com.google.gson.JsonElement.getAsString()" because the return value of "com.google.gson.JsonObject.get(String)" is null
[04Oct2025 00:24:08.690] [Server thread/WARN] [KubeJS Server/]: Failed to parse recipe 'tconstruct:smeltery/casting/metal/signalum/nugget_gold_cast[tconstruct:casting_table]'! Falling back to vanilla: Cannot invoke "com.google.gson.JsonElement.getAsString()" because the return value of "com.google.gson.JsonObject.get(String)" is null
[04Oct2025 00:24:08.694] [Server thread/WARN] [KubeJS Server/]: Failed to parse recipe 'tconstruct:smeltery/casting/seared/paver[tconstruct:casting_basin]'! Falling back to vanilla: Cannot invoke "com.google.gson.JsonElement.getAsString()" because the return value of "com.google.gson.JsonObject.get(String)" is null
[04Oct2025 00:24:08.694] [Server thread/WARN] [KubeJS Server/]: Failed to parse recipe 'tconstruct:smeltery/melting/metal/copper/gauge[tconstruct:melting]'! Falling back to vanilla: Cannot invoke "com.google.gson.JsonElement.getAsString()" because the return value of "com.google.gson.JsonObject.get(String)" is null
[04Oct2025 00:24:08.695] [Server thread/WARN] [KubeJS Server/]: Failed to parse recipe 'tconstruct:smeltery/casting/water/splash[tconstruct:casting_table]'! Falling back to vanilla: Cannot invoke "com.google.gson.JsonElement.getAsString()" because the return value of "com.google.gson.JsonObject.get(String)" is null
[04Oct2025 00:24:08.696] [Server thread/WARN] [KubeJS Server/]: Failed to parse recipe 'tconstruct:smeltery/casting/metal/electrum/gear_sand_cast[tconstruct:casting_table]'! Falling back to vanilla: Cannot invoke "com.google.gson.JsonElement.getAsString()" because the return value of "com.google.gson.JsonObject.get(String)" is null
[04Oct2025 00:24:08.697] [Server thread/WARN] [KubeJS Server/]: Failed to parse recipe 'tconstruct:smeltery/alloys/molten_amethyst_bronze[tconstruct:alloy]'! Falling back to vanilla: Cannot invoke "com.google.gson.JsonElement.getAsString()" because the return value of "com.google.gson.JsonObject.get(String)" is null
[04Oct2025 00:24:08.698] [Server thread/WARN] [KubeJS Server/]: Failed to parse recipe 'tconstruct:smeltery/casting/metal/iron/block[tconstruct:casting_basin]'! Falling back to vanilla: Cannot invoke "com.google.gson.JsonElement.getAsString()" because the return value of "com.google.gson.JsonObject.get(String)" is null
[04Oct2025 00:24:08.699] [Server thread/WARN] [KubeJS Server/]: Failed to parse recipe 'tconstruct:smeltery/casting/seared/brick_gold_cast[tconstruct:casting_table]'! Falling back to vanilla: Cannot invoke "com.google.gson.JsonElement.getAsString()" because the return value of "com.google.gson.JsonObject.get(String)" is null
[04Oct2025 00:24:08.700] [Server thread/WARN] [KubeJS Server/]: Failed to parse recipe 'tconstruct:smeltery/melting/metal/refined_obsidian/nugget[tconstruct:melting]'! Falling back to vanilla: Cannot invoke "com.google.gson.JsonElement.getAsString()" because the return value of "com.google.gson.JsonObject.get(String)" is null
[04Oct2025 00:24:08.702] [Server thread/WARN] [KubeJS Server/]: Failed to parse recipe 'tconstruct:smeltery/casting/blaze/congealed[tconstruct:casting_basin]'! Falling back to vanilla: Cannot invoke "com.google.gson.JsonElement.getAsString()" because the return value of "com.google.gson.JsonObject.get(String)" is null
[04Oct2025 00:24:08.703] [Server thread/WARN] [KubeJS Server/]: Failed to parse recipe 'tconstruct:smeltery/casting/metal/aluminum/block[tconstruct:casting_basin]'! Falling back to vanilla: Cannot invoke "com.google.gson.JsonElement.getAsString()" because the return value of "com.google.gson.JsonObject.get(String)" is null
[04Oct2025 00:24:08.704] [Server thread/WARN] [KubeJS Server/]: Failed to parse recipe 'tconstruct:smeltery/casting/metal/enderium/nugget_gold_cast[tconstruct:casting_table]'! Falling back to vanilla: Cannot invoke "com.google.gson.JsonElement.getAsString()" because the return value of "com.google.gson.JsonObject.get(String)" is null
[04Oct2025 00:24:08.705] [Server thread/WARN] [KubeJS Server/]: Failed to parse recipe 'tconstruct:smeltery/melting/metal/zinc/plate[tconstruct:melting]'! Falling back to vanilla: Cannot invoke "com.google.gson.JsonElement.getAsString()" because the return value of "com.google.gson.JsonObject.get(String)" is null
[04Oct2025 00:24:08.705] [Server thread/WARN] [KubeJS Server/]: Failed to parse recipe 'tconstruct:smeltery/melting/metal/rose_gold/silky_cloth[tconstruct:melting]'! Falling back to vanilla: Cannot invoke "com.google.gson.JsonElement.getAsString()" because the return value of "com.google.gson.JsonObject.get(String)" is null
[04Oct2025 00:24:08.706] [Server thread/WARN] [KubeJS Server/]: Failed to parse recipe 'mekanism:reaction/wood_gasification/wooden_stairs[mekanism:reaction]'! Falling back to vanilla: Cannot invoke "com.google.gson.JsonElement.getAsString()" because the return value of "com.google.gson.JsonObject.get(String)" is null
[04Oct2025 00:24:08.706] [Server thread/WARN] [KubeJS Server/]: Failed to parse recipe 'tconstruct:smeltery/casting/metal/lumium/plate_gold_cast[tconstruct:casting_table]'! Falling back to vanilla: Cannot invoke "com.google.gson.JsonElement.getAsString()" because the return value of "com.google.gson.JsonObject.get(String)" is null
[04Oct2025 00:24:08.708] [Server thread/WARN] [KubeJS Server/]: Failed to parse recipe 'tconstruct:smeltery/melting/metal/iron/plate[tconstruct:melting]'! Falling back to vanilla: Cannot invoke "com.google.gson.JsonElement.getAsString()" because the return value of "com.google.gson.JsonObject.get(String)" is null
[04Oct2025 00:24:08.709] [Server thread/WARN] [KubeJS Server/]: Failed to parse recipe 'tconstruct:smeltery/casting/metal/constantan/nugget_sand_cast[tconstruct:casting_table]'! Falling back to vanilla: Cannot invoke "com.google.gson.JsonElement.getAsString()" because the return value of "com.google.gson.JsonObject.get(String)" is null
[04Oct2025 00:24:08.711] [Server thread/WARN] [KubeJS Server/]: Failed to parse recipe 'tconstruct:smeltery/melting/metal/amethyst_bronze/ingot[tconstruct:melting]'! Falling back to vanilla: Cannot invoke "com.google.gson.JsonElement.getAsString()" because the return value of "com.google.gson.JsonObject.get(String)" is null
[04Oct2025 00:24:08.712] [Server thread/WARN] [KubeJS Server/]: Failed to parse recipe 'tconstruct:smeltery/melting/metal/lead/nugget[tconstruct:melting]'! Falling back to vanilla: Cannot invoke "com.google.gson.JsonElement.getAsString()" because the return value of "com.google.gson.JsonObject.get(String)" is null
[04Oct2025 00:24:08.713] [Server thread/WARN] [KubeJS Server/]: Failed to parse recipe 'tconstruct:smeltery/casting/metal/lead/ingot_gold_cast[tconstruct:casting_table]'! Falling back to vanilla: Cannot invoke "com.google.gson.JsonElement.getAsString()" because the return value of "com.google.gson.JsonObject.get(String)" is null
[04Oct2025 00:24:08.716] [Server thread/WARN] [KubeJS Server/]: Failed to parse recipe 'tconstruct:smeltery/casting/metal/brass/plate_gold_cast[tconstruct:casting_table]'! Falling back to vanilla: Cannot invoke "com.google.gson.JsonElement.getAsString()" because the return value of "com.google.gson.JsonObject.get(String)" is null
[04Oct2025 00:24:08.717] [Server thread/WARN] [KubeJS Server/]: Failed to parse recipe 'tconstruct:smeltery/melting/metal/refined_glowstone/block[tconstruct:melting]'! Falling back to vanilla: Cannot invoke "com.google.gson.JsonElement.getAsString()" because the return value of "com.google.gson.JsonObject.get(String)" is null
[04Oct2025 00:24:08.717] [Server thread/WARN] [KubeJS Server/]: Failed to parse recipe 'tconstruct:smeltery/melting/metal/osmium/block[tconstruct:melting]'! Falling back to vanilla: Cannot invoke "com.google.gson.JsonElement.getAsString()" because the return value of "com.google.gson.JsonObject.get(String)" is null
[04Oct2025 00:24:08.718] [Server thread/WARN] [KubeJS Server/]: Failed to parse recipe 'mekanism:rotary/brine[mekanism:rotary]'! Falling back to vanilla: Cannot invoke "com.google.gson.JsonElement.getAsString()" because the return value of "com.google.gson.JsonObject.get(String)" is null
[04Oct2025 00:24:08.719] [Server thread/WARN] [KubeJS Server/]: Failed to parse recipe 'tconstruct:smeltery/casting/emerald/gem_sand_cast[tconstruct:casting_table]'! Falling back to vanilla: Cannot invoke "com.google.gson.JsonElement.getAsString()" because the return value of "com.google.gson.JsonObject.get(String)" is null
[04Oct2025 00:24:08.719] [Server thread/WARN] [KubeJS Server/]: Failed to parse recipe 'tconstruct:smeltery/melting/metal/iron/chain[tconstruct:melting]'! Falling back to vanilla: Cannot invoke "com.google.gson.JsonElement.getAsString()" because the return value of "com.google.gson.JsonObject.get(String)" is null
[04Oct2025 00:24:08.720] [Server thread/WARN] [KubeJS Server/]: Failed to parse recipe 'tconstruct:smeltery/casting/metal/nickel/plate_gold_cast[tconstruct:casting_table]'! Falling back to vanilla: Cannot invoke "com.google.gson.JsonElement.getAsString()" because the return value of "com.google.gson.JsonObject.get(String)" is null
[04Oct2025 00:24:08.720] [Server thread/WARN] [KubeJS Server/]: Failed to parse recipe 'mekanism:rotary/lithium[mekanism:rotary]'! Falling back to vanilla: Cannot invoke "com.google.gson.JsonElement.getAsString()" because the return value of "com.google.gson.JsonObject.get(String)" is null
[04Oct2025 00:24:08.722] [Server thread/WARN] [KubeJS Server/]: Failed to parse recipe 'tconstruct:tools/armor/slime_skull/gold[tconstruct:casting_basin]'! Falling back to vanilla: Cannot invoke "com.google.gson.JsonElement.getAsString()" because the return value of "com.google.gson.JsonObject.get(String)" is null
[04Oct2025 00:24:08.723] [Server thread/WARN] [KubeJS Server/]: Failed to parse recipe 'tconstruct:smeltery/melting/metal/copper/cut_block[tconstruct:melting]'! Falling back to vanilla: Cannot invoke "com.google.gson.JsonElement.getAsString()" because the return value of "com.google.gson.JsonObject.get(String)" is null
[04Oct2025 00:24:08.724] [Server thread/WARN] [KubeJS Server/]: Failed to parse recipe 'deeperdarker:resonarium_chestplate_smithing[minecraft:smithing_transform]'! Falling back to vanilla: Ingredient 'template' can't be empty!
[04Oct2025 00:24:08.725] [Server thread/WARN] [KubeJS Server/]: Failed to parse recipe 'tconstruct:smeltery/melting/metal/copper/smeltery_io[tconstruct:melting]'! Falling back to vanilla: Cannot invoke "com.google.gson.JsonElement.getAsString()" because the return value of "com.google.gson.JsonObject.get(String)" is null
[04Oct2025 00:24:08.727] [Server thread/WARN] [KubeJS Server/]: Failed to parse recipe 'tconstruct:smeltery/melting/metal/tin/ingot[tconstruct:melting]'! Falling back to vanilla: Cannot invoke "com.google.gson.JsonElement.getAsString()" because the return value of "com.google.gson.JsonObject.get(String)" is null
[04Oct2025 00:24:08.728] [Server thread/WARN] [KubeJS Server/]: Failed to parse recipe 'deeperdarker:resonarium_shovel_smithing[minecraft:smithing_transform]'! Falling back to vanilla: Ingredient 'template' can't be empty!
[04Oct2025 00:24:08.729] [Server thread/WARN] [KubeJS Server/]: Failed to parse recipe 'tconstruct:smeltery/melting/metal/copper/cut_slab[tconstruct:melting]'! Falling back to vanilla: Cannot invoke "com.google.gson.JsonElement.getAsString()" because the return value of "com.google.gson.JsonObject.get(String)" is null
[04Oct2025 00:24:08.730] [Server thread/WARN] [KubeJS Server/]: Failed to parse recipe 'deeperdarker:resonarium_axe_smithing[minecraft:smithing_transform]'! Falling back to vanilla: Ingredient 'template' can't be empty!
[04Oct2025 00:24:08.731] [Server thread/WARN] [KubeJS Server/]: Failed to parse recipe 'tconstruct:smeltery/casts/gold/plates[tconstruct:casting_table]'! Falling back to vanilla: Cannot invoke "com.google.gson.JsonElement.getAsString()" because the return value of "com.google.gson.JsonObject.get(String)" is null
[04Oct2025 00:24:08.732] [Server thread/WARN] [KubeJS Server/]: Failed to parse recipe 'tconstruct:smeltery/casting/metal/invar/gear_sand_cast[tconstruct:casting_table]'! Falling back to vanilla: Cannot invoke "com.google.gson.JsonElement.getAsString()" because the return value of "com.google.gson.JsonObject.get(String)" is null
[04Oct2025 00:24:08.732] [Server thread/WARN] [KubeJS Server/]: Failed to parse recipe 'tconstruct:smeltery/casting/seared/brick_composite[tconstruct:casting_table]'! Falling back to vanilla: Cannot invoke "com.google.gson.JsonElement.getAsString()" because the return value of "com.google.gson.JsonObject.get(String)" is null
[04Oct2025 00:24:08.733] [Server thread/WARN] [KubeJS Server/]: Failed to parse recipe 'tconstruct:tools/modifiers/seared_reinforcement[tconstruct:casting_table]'! Falling back to vanilla: Array must have size 1, but has size 2
[04Oct2025 00:24:08.734] [Server thread/WARN] [KubeJS Server/]: Failed to parse recipe 'tconstruct:smeltery/melting/metal/uranium/dust[tconstruct:melting]'! Falling back to vanilla: Cannot invoke "com.google.gson.JsonElement.getAsString()" because the return value of "com.google.gson.JsonObject.get(String)" is null
[04Oct2025 00:24:08.735] [Server thread/WARN] [KubeJS Server/]: Failed to parse recipe 'tconstruct:smeltery/casting/metal/uranium/nugget_sand_cast[tconstruct:casting_table]'! Falling back to vanilla: Cannot invoke "com.google.gson.JsonElement.getAsString()" because the return value of "com.google.gson.JsonObject.get(String)" is null
[04Oct2025 00:24:08.736] [Server thread/WARN] [KubeJS Server/]: Failed to parse recipe 'tconstruct:smeltery/casting/ender/pearl[tconstruct:casting_table]'! Falling back to vanilla: Cannot invoke "com.google.gson.JsonElement.getAsString()" because the return value of "com.google.gson.JsonObject.get(String)" is null
[04Oct2025 00:24:08.738] [Server thread/WARN] [KubeJS Server/]: Failed to parse recipe 'tconstruct:smeltery/melting/slime/mushroom_stew[tconstruct:melting]'! Falling back to vanilla: Cannot invoke "com.google.gson.JsonElement.getAsString()" because the return value of "com.google.gson.JsonObject.get(String)" is null
[04Oct2025 00:24:08.739] [Server thread/WARN] [KubeJS Server/]: Failed to parse recipe 'tconstruct:smeltery/melting/metal/invar/dust[tconstruct:melting]'! Falling back to vanilla: Cannot invoke "com.google.gson.JsonElement.getAsString()" because the return value of "com.google.gson.JsonObject.get(String)" is null
[04Oct2025 00:24:08.740] [Server thread/WARN] [KubeJS Server/]: Failed to parse recipe 'tconstruct:smeltery/melting/metal/tin/coin[tconstruct:melting]'! Falling back to vanilla: Cannot invoke "com.google.gson.JsonElement.getAsString()" because the return value of "com.google.gson.JsonObject.get(String)" is null
[04Oct2025 00:24:08.742] [Server thread/WARN] [KubeJS Server/]: Failed to parse recipe 'tconstruct:smeltery/melting/metal/gold/reinforcement[tconstruct:melting]'! Falling back to vanilla: Cannot invoke "com.google.gson.JsonElement.getAsString()" because the return value of "com.google.gson.JsonObject.get(String)" is null
[04Oct2025 00:24:08.742] [Server thread/WARN] [KubeJS Server/]: Failed to parse recipe 'tconstruct:smeltery/melting/metal/gold/powered_rail[tconstruct:melting]'! Falling back to vanilla: Cannot invoke "com.google.gson.JsonElement.getAsString()" because the return value of "com.google.gson.JsonObject.get(String)" is null
[04Oct2025 00:24:08.743] [Server thread/WARN] [KubeJS Server/]: Failed to parse recipe 'tconstruct:smeltery/melting/metal/bronze/nugget[tconstruct:melting]'! Falling back to vanilla: Cannot invoke "com.google.gson.JsonElement.getAsString()" because the return value of "com.google.gson.JsonObject.get(String)" is null
[04Oct2025 00:24:08.744] [Server thread/WARN] [KubeJS Server/]: Failed to parse recipe 'mekanismgenerators:rotary/deuterium[mekanism:rotary]'! Falling back to vanilla: Cannot invoke "com.google.gson.JsonElement.getAsString()" because the return value of "com.google.gson.JsonObject.get(String)" is null
[04Oct2025 00:24:08.745] [Server thread/WARN] [KubeJS Server/]: Failed to parse recipe 'tconstruct:smeltery/casting/metal/netherite/plate_gold_cast[tconstruct:casting_table]'! Falling back to vanilla: Cannot invoke "com.google.gson.JsonElement.getAsString()" because the return value of "com.google.gson.JsonObject.get(String)" is null
[04Oct2025 00:24:08.746] [Server thread/WARN] [KubeJS Server/]: Failed to parse recipe 'tconstruct:smeltery/melting/metal/enderium/ingot[tconstruct:melting]'! Falling back to vanilla: Cannot invoke "com.google.gson.JsonElement.getAsString()" because the return value of "com.google.gson.JsonObject.get(String)" is null
[04Oct2025 00:24:08.747] [Server thread/WARN] [KubeJS Server/]: Failed to parse recipe 'tconstruct:smeltery/melting/metal/lead/plate[tconstruct:melting]'! Falling back to vanilla: Cannot invoke "com.google.gson.JsonElement.getAsString()" because the return value of "com.google.gson.JsonObject.get(String)" is null
[04Oct2025 00:24:08.748] [Server thread/WARN] [KubeJS Server/]: Failed to parse recipe 'tconstruct:smeltery/casting/metal/tin/block[tconstruct:casting_basin]'! Falling back to vanilla: Cannot invoke "com.google.gson.JsonElement.getAsString()" because the return value of "com.google.gson.JsonObject.get(String)" is null
[04Oct2025 00:24:08.749] [Server thread/WARN] [KubeJS Server/]: Failed to parse recipe 'tconstruct:smeltery/casting/filling/bottle[tconstruct:casting_table_potion]'! Falling back to vanilla: Cannot invoke "com.google.gson.JsonElement.getAsString()" because the return value of "com.google.gson.JsonObject.get(String)" is null
[04Oct2025 00:24:08.750] [Server thread/WARN] [KubeJS Server/]: Failed to parse recipe 'tconstruct:tools/armor/slime_skull/iron[tconstruct:casting_basin]'! Falling back to vanilla: Cannot invoke "com.google.gson.JsonElement.getAsString()" because the return value of "com.google.gson.JsonObject.get(String)" is null
[04Oct2025 00:24:08.750] [Server thread/WARN] [KubeJS Server/]: Failed to parse recipe 'tconstruct:smeltery/melting/metal/steel/nugget[tconstruct:melting]'! Falling back to vanilla: Cannot invoke "com.google.gson.JsonElement.getAsString()" because the return value of "com.google.gson.JsonObject.get(String)" is null
[04Oct2025 00:24:08.752] [Server thread/WARN] [KubeJS Server/]: Failed to parse recipe 'tconstruct:smeltery/casting/emerald/gem_gold_cast[tconstruct:casting_table]'! Falling back to vanilla: Cannot invoke "com.google.gson.JsonElement.getAsString()" because the return value of "com.google.gson.JsonObject.get(String)" is null
[04Oct2025 00:24:08.752] [Server thread/WARN] [KubeJS Server/]: Failed to parse recipe 'tconstruct:smeltery/melting/metal/netherite/dust[tconstruct:melting]'! Falling back to vanilla: Cannot invoke "com.google.gson.JsonElement.getAsString()" because the return value of "com.google.gson.JsonObject.get(String)" is null
[04Oct2025 00:24:08.753] [Server thread/WARN] [KubeJS Server/]: Failed to parse recipe 'tconstruct:smeltery/casting/metal/copper/coin_gold_cast[tconstruct:casting_table]'! Falling back to vanilla: Cannot invoke "com.google.gson.JsonElement.getAsString()" because the return value of "com.google.gson.JsonObject.get(String)" is null
[04Oct2025 00:24:08.754] [Server thread/WARN] [KubeJS Server/]: Failed to parse recipe 'tconstruct:smeltery/casting/metal/enderium/ingot_sand_cast[tconstruct:casting_table]'! Falling back to vanilla: Cannot invoke "com.google.gson.JsonElement.getAsString()" because the return value of "com.google.gson.JsonObject.get(String)" is null
[04Oct2025 00:24:08.755] [Server thread/WARN] [KubeJS Server/]: Failed to parse recipe 'tconstruct:tools/modifiers/slimesteel_reinforcement[tconstruct:casting_table]'! Falling back to vanilla: Cannot invoke "com.google.gson.JsonElement.getAsString()" because the return value of "com.google.gson.JsonObject.get(String)" is null
[04Oct2025 00:24:08.756] [Server thread/WARN] [KubeJS Server/]: Failed to parse recipe 'tconstruct:smeltery/casting/glass/pane[tconstruct:casting_table]'! Falling back to vanilla: Cannot invoke "com.google.gson.JsonElement.getAsString()" because the return value of "com.google.gson.JsonObject.get(String)" is null
[04Oct2025 00:24:08.757] [Server thread/WARN] [KubeJS Server/]: Failed to parse recipe 'tconstruct:smeltery/casting/metal/constantan/plate_sand_cast[tconstruct:casting_table]'! Falling back to vanilla: Cannot invoke "com.google.gson.JsonElement.getAsString()" because the return value of "com.google.gson.JsonObject.get(String)" is null
[04Oct2025 00:24:08.757] [Server thread/WARN] [KubeJS Server/]: Failed to parse recipe 'tconstruct:smeltery/casts/gold/broad_blade[tconstruct:casting_table]'! Falling back to vanilla: Cannot invoke "com.google.gson.JsonElement.getAsString()" because the return value of "com.google.gson.JsonObject.get(String)" is null
[04Oct2025 00:24:08.758] [Server thread/WARN] [KubeJS Server/]: Failed to parse recipe 'tconstruct:smeltery/casting/metal/amethyst_bronze/block[tconstruct:casting_basin]'! Falling back to vanilla: Cannot invoke "com.google.gson.JsonElement.getAsString()" because the return value of "com.google.gson.JsonObject.get(String)" is null
[04Oct2025 00:24:08.759] [Server thread/WARN] [KubeJS Server/]: Failed to parse recipe 'tconstruct:smeltery/casting/metal/silver/nugget_gold_cast[tconstruct:casting_table]'! Falling back to vanilla: Cannot invoke "com.google.gson.JsonElement.getAsString()" because the return value of "com.google.gson.JsonObject.get(String)" is null
[04Oct2025 00:24:08.759] [Server thread/WARN] [KubeJS Server/]: Failed to parse recipe 'tconstruct:smeltery/melting/metal/gold/pressure_plate[tconstruct:melting]'! Falling back to vanilla: Cannot invoke "com.google.gson.JsonElement.getAsString()" because the return value of "com.google.gson.JsonObject.get(String)" is null
[04Oct2025 00:24:08.760] [Server thread/WARN] [KubeJS Server/]: Failed to parse recipe 'tconstruct:smeltery/melting/metal/brass/plate[tconstruct:melting]'! Falling back to vanilla: Cannot invoke "com.google.gson.JsonElement.getAsString()" because the return value of "com.google.gson.JsonObject.get(String)" is null
[04Oct2025 00:24:08.763] [Server thread/WARN] [KubeJS Server/]: Failed to parse recipe 'tconstruct:smeltery/casts/gold/small_blade[tconstruct:casting_table]'! Falling back to vanilla: Cannot invoke "com.google.gson.JsonElement.getAsString()" because the return value of "com.google.gson.JsonObject.get(String)" is null
[04Oct2025 00:24:08.764] [Server thread/WARN] [KubeJS Server/]: Failed to parse recipe 'tconstruct:smeltery/casting/filling/tipped_arrow[tconstruct:casting_table_potion]'! Falling back to vanilla: Cannot invoke "com.google.gson.JsonElement.getAsString()" because the return value of "com.google.gson.JsonObject.get(String)" is null
[04Oct2025 00:24:08.764] [Server thread/WARN] [KubeJS Server/]: Failed to parse recipe 'tconstruct:smeltery/casting/metal/steel/ingot_sand_cast[tconstruct:casting_table]'! Falling back to vanilla: Cannot invoke "com.google.gson.JsonElement.getAsString()" because the return value of "com.google.gson.JsonObject.get(String)" is null
[04Oct2025 00:24:08.773] [Server thread/WARN] [KubeJS Server/]: Failed to parse recipe 'tconstruct:smeltery/casting/metal/electrum/nugget_gold_cast[tconstruct:casting_table]'! Falling back to vanilla: Cannot invoke "com.google.gson.JsonElement.getAsString()" because the return value of "com.google.gson.JsonObject.get(String)" is null
[04Oct2025 00:24:08.775] [Server thread/WARN] [KubeJS Server/]: Failed to parse recipe 'tconstruct:smeltery/casting/slime/sky/block[tconstruct:casting_basin]'! Falling back to vanilla: Cannot invoke "com.google.gson.JsonElement.getAsString()" because the return value of "com.google.gson.JsonObject.get(String)" is null
[04Oct2025 00:24:08.785] [Server thread/WARN] [KubeJS Server/]: Failed to parse recipe 'mekanism:reaction/wood_gasification/planks[mekanism:reaction]'! Falling back to vanilla: Cannot invoke "com.google.gson.JsonElement.getAsString()" because the return value of "com.google.gson.JsonObject.get(String)" is null
[04Oct2025 00:24:08.786] [Server thread/WARN] [KubeJS Server/]: Failed to parse recipe 'tconstruct:smeltery/casting/amethyst/gem_sand_cast[tconstruct:casting_table]'! Falling back to vanilla: Cannot invoke "com.google.gson.JsonElement.getAsString()" because the return value of "com.google.gson.JsonObject.get(String)" is null
[04Oct2025 00:24:08.787] [Server thread/WARN] [KubeJS Server/]: Failed to parse recipe 'tconstruct:smeltery/melting/metal/hepatizon/ingot[tconstruct:melting]'! Falling back to vanilla: Cannot invoke "com.google.gson.JsonElement.getAsString()" because the return value of "com.google.gson.JsonObject.get(String)" is null
[04Oct2025 00:24:08.788] [Server thread/WARN] [KubeJS Server/]: Failed to parse recipe 'tconstruct:smeltery/casting/seared/brick_sand_cast[tconstruct:casting_table]'! Falling back to vanilla: Cannot invoke "com.google.gson.JsonElement.getAsString()" because the return value of "com.google.gson.JsonObject.get(String)" is null
[04Oct2025 00:24:08.789] [Server thread/WARN] [KubeJS Server/]: Failed to parse recipe 'tconstruct:smeltery/casting/metal/netherite/scrap_sand_cast[tconstruct:casting_table]'! Falling back to vanilla: Cannot invoke "com.google.gson.JsonElement.getAsString()" because the return value of "com.google.gson.JsonObject.get(String)" is null
[04Oct2025 00:24:08.790] [Server thread/WARN] [KubeJS Server/]: Failed to parse recipe 'tconstruct:smeltery/casting/metal/amethyst_bronze/nugget_sand_cast[tconstruct:casting_table]'! Falling back to vanilla: Cannot invoke "com.google.gson.JsonElement.getAsString()" because the return value of "com.google.gson.JsonObject.get(String)" is null
[04Oct2025 00:24:08.790] [Server thread/WARN] [KubeJS Server/]: Failed to parse recipe 'tconstruct:smeltery/casting/metal/electrum/plate_sand_cast[tconstruct:casting_table]'! Falling back to vanilla: Cannot invoke "com.google.gson.JsonElement.getAsString()" because the return value of "com.google.gson.JsonObject.get(String)" is null
[04Oct2025 00:24:08.791] [Server thread/WARN] [KubeJS Server/]: Failed to parse recipe 'tconstruct:smeltery/melting/metal/iron/coin[tconstruct:melting]'! Falling back to vanilla: Cannot invoke "com.google.gson.JsonElement.getAsString()" because the return value of "com.google.gson.JsonObject.get(String)" is null
[04Oct2025 00:24:08.792] [Server thread/WARN] [KubeJS Server/]: Failed to parse recipe 'tconstruct:smeltery/casting/metal/netherite/gear_gold_cast[tconstruct:casting_table]'! Falling back to vanilla: Cannot invoke "com.google.gson.JsonElement.getAsString()" because the return value of "com.google.gson.JsonObject.get(String)" is null
[04Oct2025 00:24:08.792] [Server thread/WARN] [KubeJS Server/]: Failed to parse recipe 'mekanism:reaction/wood_gasification/rods_wooden[mekanism:reaction]'! Falling back to vanilla: Cannot invoke "com.google.gson.JsonElement.getAsString()" because the return value of "com.google.gson.JsonObject.get(String)" is null
[04Oct2025 00:24:08.794] [Server thread/WARN] [KubeJS Server/]: Failed to parse recipe 'tconstruct:smeltery/casting/metal/hepatizon/ingot_sand_cast[tconstruct:casting_table]'! Falling back to vanilla: Cannot invoke "com.google.gson.JsonElement.getAsString()" because the return value of "com.google.gson.JsonObject.get(String)" is null
[04Oct2025 00:24:08.803] [Server thread/WARN] [KubeJS Server/]: Failed to parse recipe 'mekanismgenerators:rotary/fusion_fuel[mekanism:rotary]'! Falling back to vanilla: Cannot invoke "com.google.gson.JsonElement.getAsString()" because the return value of "com.google.gson.JsonObject.get(String)" is null
[04Oct2025 00:24:08.804] [Server thread/WARN] [KubeJS Server/]: Failed to parse recipe 'tconstruct:smeltery/casting/metal/brass/plate_sand_cast[tconstruct:casting_table]'! Falling back to vanilla: Cannot invoke "com.google.gson.JsonElement.getAsString()" because the return value of "com.google.gson.JsonObject.get(String)" is null
[04Oct2025 00:24:08.805] [Server thread/WARN] [KubeJS Server/]: Failed to parse recipe 'tconstruct:smeltery/melting/metal/lumium/ingot[tconstruct:melting]'! Falling back to vanilla: Cannot invoke "com.google.gson.JsonElement.getAsString()" because the return value of "com.google.gson.JsonObject.get(String)" is null
[04Oct2025 00:24:08.806] [Server thread/WARN] [KubeJS Server/]: Failed to parse recipe 'tconstruct:smeltery/casting/metal/electrum/wire_sand_cast[tconstruct:casting_table]'! Falling back to vanilla: Cannot invoke "com.google.gson.JsonElement.getAsString()" because the return value of "com.google.gson.JsonObject.get(String)" is null
[04Oct2025 00:24:08.807] [Server thread/WARN] [KubeJS Server/]: Failed to parse recipe 'tconstruct:smeltery/casting/metal/uranium/nugget_gold_cast[tconstruct:casting_table]'! Falling back to vanilla: Cannot invoke "com.google.gson.JsonElement.getAsString()" because the return value of "com.google.gson.JsonObject.get(String)" is null
[04Oct2025 00:24:08.807] [Server thread/WARN] [KubeJS Server/]: Failed to parse recipe 'tconstruct:smeltery/melting/metal/signalum/plate[tconstruct:melting]'! Falling back to vanilla: Cannot invoke "com.google.gson.JsonElement.getAsString()" because the return value of "com.google.gson.JsonObject.get(String)" is null
[04Oct2025 00:24:08.808] [Server thread/WARN] [KubeJS Server/]: Failed to parse recipe 'tconstruct:smeltery/casting/metal/iron/plate_gold_cast[tconstruct:casting_table]'! Falling back to vanilla: Cannot invoke "com.google.gson.JsonElement.getAsString()" because the return value of "com.google.gson.JsonObject.get(String)" is null
[04Oct2025 00:24:08.815] [Server thread/WARN] [KubeJS Server/]: Failed to parse recipe 'tconstruct:smeltery/casting/slime/earth/block[tconstruct:casting_basin]'! Falling back to vanilla: Cannot invoke "com.google.gson.JsonElement.getAsString()" because the return value of "com.google.gson.JsonObject.get(String)" is null
[04Oct2025 00:24:08.816] [Server thread/WARN] [KubeJS Server/]: Failed to parse recipe 'tconstruct:smeltery/casting/metal/lumium/ingot_sand_cast[tconstruct:casting_table]'! Falling back to vanilla: Cannot invoke "com.google.gson.JsonElement.getAsString()" because the return value of "com.google.gson.JsonObject.get(String)" is null
[04Oct2025 00:24:08.817] [Server thread/WARN] [KubeJS Server/]: Failed to parse recipe 'tconstruct:smeltery/casting/soup/rabbit[tconstruct:casting_table]'! Falling back to vanilla: Cannot invoke "com.google.gson.JsonElement.getAsString()" because the return value of "com.google.gson.JsonObject.get(String)" is null
[04Oct2025 00:24:08.818] [Server thread/WARN] [KubeJS Server/]: Failed to parse recipe 'tconstruct:smeltery/melting/metal/gold/apple[tconstruct:melting]'! Falling back to vanilla: Cannot invoke "com.google.gson.JsonElement.getAsString()" because the return value of "com.google.gson.JsonObject.get(String)" is null
[04Oct2025 00:24:08.819] [Server thread/WARN] [KubeJS Server/]: Failed to parse recipe 'tconstruct:smeltery/casting/metal/slimesteel/ingot_sand_cast[tconstruct:casting_table]'! Falling back to vanilla: Cannot invoke "com.google.gson.JsonElement.getAsString()" because the return value of "com.google.gson.JsonObject.get(String)" is null
[04Oct2025 00:24:08.820] [Server thread/WARN] [KubeJS Server/]: Failed to parse recipe 'tconstruct:smeltery/melting/metal/rose_gold/nugget[tconstruct:melting]'! Falling back to vanilla: Cannot invoke "com.google.gson.JsonElement.getAsString()" because the return value of "com.google.gson.JsonObject.get(String)" is null
[04Oct2025 00:24:08.821] [Server thread/WARN] [KubeJS Server/]: Failed to parse recipe 'tconstruct:smeltery/casting/metal/queens_slime/ingot_sand_cast[tconstruct:casting_table]'! Falling back to vanilla: Cannot invoke "com.google.gson.JsonElement.getAsString()" because the return value of "com.google.gson.JsonObject.get(String)" is null
[04Oct2025 00:24:08.821] [Server thread/WARN] [KubeJS Server/]: Failed to parse recipe 'tconstruct:smeltery/casting/slime/sky/dirt[tconstruct:casting_basin]'! Falling back to vanilla: Cannot invoke "com.google.gson.JsonElement.getAsString()" because the return value of "com.google.gson.JsonObject.get(String)" is null
[04Oct2025 00:24:08.829] [Server thread/WARN] [KubeJS Server/]: Failed to parse recipe 'mekanism:processing/uranium/slurry/clean[mekanism:washing]'! Falling back to vanilla: Cannot invoke "com.google.gson.JsonElement.getAsString()" because the return value of "com.google.gson.JsonObject.get(String)" is null
[04Oct2025 00:24:08.830] [Server thread/WARN] [KubeJS Server/]: Failed to parse recipe 'tconstruct:smeltery/casting/obsidian/block[tconstruct:casting_basin]'! Falling back to vanilla: Cannot invoke "com.google.gson.JsonElement.getAsString()" because the return value of "com.google.gson.JsonObject.get(String)" is null
[04Oct2025 00:24:08.832] [Server thread/WARN] [KubeJS Server/]: Failed to parse recipe 'tconstruct:smeltery/entity_melting/heads/ender_dragon[tconstruct:melting]'! Falling back to vanilla: Cannot invoke "com.google.gson.JsonElement.getAsString()" because the return value of "com.google.gson.JsonObject.get(String)" is null
[04Oct2025 00:24:08.833] [Server thread/WARN] [KubeJS Server/]: Failed to parse recipe 'tconstruct:smeltery/melting/metal/iron/dust[tconstruct:melting]'! Falling back to vanilla: Cannot invoke "com.google.gson.JsonElement.getAsString()" because the return value of "com.google.gson.JsonObject.get(String)" is null
[04Oct2025 00:24:08.834] [Server thread/WARN] [KubeJS Server/]: Failed to parse recipe 'tconstruct:smeltery/melting/metal/invar/ingot[tconstruct:melting]'! Falling back to vanilla: Cannot invoke "com.google.gson.JsonElement.getAsString()" because the return value of "com.google.gson.JsonObject.get(String)" is null
[04Oct2025 00:24:08.837] [Server thread/WARN] [KubeJS Server/]: Failed to parse recipe 'mekanism:reaction/wood_gasification/dusts_wood[mekanism:reaction]'! Falling back to vanilla: Cannot invoke "com.google.gson.JsonElement.getAsString()" because the return value of "com.google.gson.JsonObject.get(String)" is null
[04Oct2025 00:24:08.838] [Server thread/WARN] [KubeJS Server/]: Failed to parse recipe 'mekanism:rotary/uranium_hexafluoride[mekanism:rotary]'! Falling back to vanilla: Cannot invoke "com.google.gson.JsonElement.getAsString()" because the return value of "com.google.gson.JsonObject.get(String)" is null
[04Oct2025 00:24:08.838] [Server thread/WARN] [KubeJS Server/]: Failed to parse recipe 'tconstruct:smeltery/alloys/molten_signalum[tconstruct:alloy]'! Falling back to vanilla: Cannot invoke "com.google.gson.JsonElement.getAsString()" because the return value of "com.google.gson.JsonObject.get(String)" is null
[04Oct2025 00:24:08.841] [Server thread/WARN] [KubeJS Server/]: Failed to parse recipe 'tconstruct:smeltery/casting/metal/refined_glowstone/block[tconstruct:casting_basin]'! Falling back to vanilla: Cannot invoke "com.google.gson.JsonElement.getAsString()" because the return value of "com.google.gson.JsonObject.get(String)" is null
[04Oct2025 00:24:08.842] [Server thread/WARN] [KubeJS Server/]: Failed to parse recipe 'tconstruct:smeltery/melting/metal/iron/bucket[tconstruct:melting]'! Falling back to vanilla: Cannot invoke "com.google.gson.JsonElement.getAsString()" because the return value of "com.google.gson.JsonObject.get(String)" is null
[04Oct2025 00:24:08.843] [Server thread/WARN] [KubeJS Server/]: Failed to parse recipe 'tconstruct:smeltery/casting/emerald/gear_gold_cast[tconstruct:casting_table]'! Falling back to vanilla: Cannot invoke "com.google.gson.JsonElement.getAsString()" because the return value of "com.google.gson.JsonObject.get(String)" is null
[04Oct2025 00:24:08.845] [Server thread/WARN] [KubeJS Server/]: Failed to parse recipe 'tconstruct:smeltery/melting/metal/signalum/dust[tconstruct:melting]'! Falling back to vanilla: Cannot invoke "com.google.gson.JsonElement.getAsString()" because the return value of "com.google.gson.JsonObject.get(String)" is null
[04Oct2025 00:24:08.860] [Server thread/WARN] [KubeJS Server/]: Failed to parse recipe 'tconstruct:smeltery/melting/metal/hepatizon/nugget[tconstruct:melting]'! Falling back to vanilla: Cannot invoke "com.google.gson.JsonElement.getAsString()" because the return value of "com.google.gson.JsonObject.get(String)" is null
[04Oct2025 00:24:08.862] [Server thread/WARN] [KubeJS Server/]: Failed to parse recipe 'mekanism:separator/brine[mekanism:separating]'! Falling back to vanilla: Cannot invoke "com.google.gson.JsonElement.getAsString()" because the return value of "com.google.gson.JsonObject.get(String)" is null
[04Oct2025 00:24:08.863] [Server thread/WARN] [KubeJS Server/]: Failed to parse recipe 'tconstruct:smeltery/casting/metal/uranium/block[tconstruct:casting_basin]'! Falling back to vanilla: Cannot invoke "com.google.gson.JsonElement.getAsString()" because the return value of "com.google.gson.JsonObject.get(String)" is null
[04Oct2025 00:24:08.864] [Server thread/WARN] [KubeJS Server/]: Failed to parse recipe 'tconstruct:smeltery/melting/metal/tin/block[tconstruct:melting]'! Falling back to vanilla: Cannot invoke "com.google.gson.JsonElement.getAsString()" because the return value of "com.google.gson.JsonObject.get(String)" is null
[04Oct2025 00:24:08.865] [Server thread/WARN] [KubeJS Server/]: Failed to parse recipe 'tconstruct:smeltery/melting/metal/uranium/block[tconstruct:melting]'! Falling back to vanilla: Cannot invoke "com.google.gson.JsonElement.getAsString()" because the return value of "com.google.gson.JsonObject.get(String)" is null
[04Oct2025 00:24:08.866] [Server thread/WARN] [KubeJS Server/]: Failed to parse recipe 'tconstruct:smeltery/melting/metal/uranium/nugget[tconstruct:melting]'! Falling back to vanilla: Cannot invoke "com.google.gson.JsonElement.getAsString()" because the return value of "com.google.gson.JsonObject.get(String)" is null
[04Oct2025 00:24:08.867] [Server thread/WARN] [KubeJS Server/]: Failed to parse recipe 'mekanism:processing/iron/slurry/clean[mekanism:washing]'! Falling back to vanilla: Cannot invoke "com.google.gson.JsonElement.getAsString()" because the return value of "com.google.gson.JsonObject.get(String)" is null
[04Oct2025 00:24:08.876] [Server thread/WARN] [KubeJS Server/]: Failed to parse recipe 'tconstruct:smeltery/casting/slime/earth/roots[tconstruct:casting_basin]'! Falling back to vanilla: Cannot invoke "com.google.gson.JsonElement.getAsString()" because the return value of "com.google.gson.JsonObject.get(String)" is null
[04Oct2025 00:24:08.877] [Server thread/WARN] [KubeJS Server/]: Failed to parse recipe 'tconstruct:smeltery/melting/metal/netherite/lodestone[tconstruct:melting]'! Falling back to vanilla: Cannot invoke "com.google.gson.JsonElement.getAsString()" because the return value of "com.google.gson.JsonObject.get(String)" is null
[04Oct2025 00:24:08.877] [Server thread/WARN] [KubeJS Server/]: Failed to parse recipe 'tconstruct:smeltery/casting/seared/cobble/slab[tconstruct:casting_basin]'! Falling back to vanilla: Cannot invoke "com.google.gson.JsonElement.getAsString()" because the return value of "com.google.gson.JsonObject.get(String)" is null
[04Oct2025 00:24:08.878] [Server thread/WARN] [KubeJS Server/]: Failed to parse recipe 'mekanism:evaporating/brine[mekanism:evaporating]'! Falling back to vanilla: Cannot invoke "com.google.gson.JsonElement.getAsString()" because the return value of "com.google.gson.JsonObject.get(String)" is null
[04Oct2025 00:24:08.879] [Server thread/WARN] [KubeJS Server/]: Failed to parse recipe 'tconstruct:tools/armor/slime_skull/copper[tconstruct:casting_basin]'! Falling back to vanilla: Cannot invoke "com.google.gson.JsonElement.getAsString()" because the return value of "com.google.gson.JsonObject.get(String)" is null
[04Oct2025 00:24:08.879] [Server thread/WARN] [KubeJS Server/]: Failed to parse recipe 'tconstruct:compat/create/andesite_alloy_iron[tconstruct:casting_basin]'! Falling back to vanilla: Cannot invoke "com.google.gson.JsonElement.getAsString()" because the return value of "com.google.gson.JsonObject.get(String)" is null
[04Oct2025 00:24:08.880] [Server thread/WARN] [KubeJS Server/]: Failed to parse recipe 'tconstruct:smeltery/melting/metal/nickel/plate[tconstruct:melting]'! Falling back to vanilla: Cannot invoke "com.google.gson.JsonElement.getAsString()" because the return value of "com.google.gson.JsonObject.get(String)" is null
[04Oct2025 00:24:08.882] [Server thread/WARN] [KubeJS Server/]: Failed to parse recipe 'tconstruct:smeltery/casting/metal/manyullyn/nugget_gold_cast[tconstruct:casting_table]'! Falling back to vanilla: Cannot invoke "com.google.gson.JsonElement.getAsString()" because the return value of "com.google.gson.JsonObject.get(String)" is null
[04Oct2025 00:24:08.883] [Server thread/WARN] [KubeJS Server/]: Failed to parse recipe 'tconstruct:smeltery/casting/metal/queens_slime/ingot_gold_cast[tconstruct:casting_table]'! Falling back to vanilla: Cannot invoke "com.google.gson.JsonElement.getAsString()" because the return value of "com.google.gson.JsonObject.get(String)" is null
[04Oct2025 00:24:08.892] [Server thread/WARN] [KubeJS Server/]: Failed to parse recipe 'tconstruct:smeltery/melting/metal/cobalt/platform[tconstruct:melting]'! Falling back to vanilla: Cannot invoke "com.google.gson.JsonElement.getAsString()" because the return value of "com.google.gson.JsonObject.get(String)" is null
[04Oct2025 00:24:08.893] [Server thread/WARN] [KubeJS Server/]: Failed to parse recipe 'tconstruct:smeltery/casting/metal/electrum/coin_gold_cast[tconstruct:casting_table]'! Falling back to vanilla: Cannot invoke "com.google.gson.JsonElement.getAsString()" because the return value of "com.google.gson.JsonObject.get(String)" is null
[04Oct2025 00:24:08.895] [Server thread/WARN] [KubeJS Server/]: Failed to parse recipe 'tconstruct:smeltery/melting/metal/netherite/coin[tconstruct:melting]'! Falling back to vanilla: Cannot invoke "com.google.gson.JsonElement.getAsString()" because the return value of "com.google.gson.JsonObject.get(String)" is null
[04Oct2025 00:24:08.896] [Server thread/WARN] [KubeJS Server/]: Failed to parse recipe 'tconstruct:smeltery/casting/metal/gold/melon[tconstruct:casting_table]'! Falling back to vanilla: Cannot invoke "com.google.gson.JsonElement.getAsString()" because the return value of "com.google.gson.JsonObject.get(String)" is null
[04Oct2025 00:24:08.897] [Server thread/WARN] [KubeJS Server/]: Failed to parse recipe 'tconstruct:tools/armor/slime_skull/rose_gold[tconstruct:casting_basin]'! Falling back to vanilla: Cannot invoke "com.google.gson.JsonElement.getAsString()" because the return value of "com.google.gson.JsonObject.get(String)" is null
[04Oct2025 00:24:08.897] [Server thread/WARN] [KubeJS Server/]: Failed to parse recipe 'mekanism:reaction/substrate/water_ethene[mekanism:reaction]'! Falling back to vanilla: Cannot invoke "com.google.gson.JsonElement.getAsString()" because the return value of "com.google.gson.JsonObject.get(String)" is null
[04Oct2025 00:24:08.898] [Server thread/WARN] [KubeJS Server/]: Failed to parse recipe 'tconstruct:smeltery/casting/metal/constantan/plate_gold_cast[tconstruct:casting_table]'! Falling back to vanilla: Cannot invoke "com.google.gson.JsonElement.getAsString()" because the return value of "com.google.gson.JsonObject.get(String)" is null
[04Oct2025 00:24:08.900] [Server thread/WARN] [KubeJS Server/]: Failed to parse recipe 'tconstruct:smeltery/casting/diamond/gem_sand_cast[tconstruct:casting_table]'! Falling back to vanilla: Cannot invoke "com.google.gson.JsonElement.getAsString()" because the return value of "com.google.gson.JsonObject.get(String)" is null
[04Oct2025 00:24:08.908] [Server thread/WARN] [KubeJS Server/]: Failed to parse recipe 'tconstruct:smeltery/casting/metal/osmium/nugget_sand_cast[tconstruct:casting_table]'! Falling back to vanilla: Cannot invoke "com.google.gson.JsonElement.getAsString()" because the return value of "com.google.gson.JsonObject.get(String)" is null
[04Oct2025 00:24:08.909] [Server thread/WARN] [KubeJS Server/]: Failed to parse recipe 'tconstruct:smeltery/alloys/molten_constantan[tconstruct:alloy]'! Falling back to vanilla: Cannot invoke "com.google.gson.JsonElement.getAsString()" because the return value of "com.google.gson.JsonObject.get(String)" is null
[04Oct2025 00:24:08.909] [Server thread/WARN] [KubeJS Server/]: Failed to parse recipe 'mekanism:rotary/sodium[mekanism:rotary]'! Falling back to vanilla: Cannot invoke "com.google.gson.JsonElement.getAsString()" because the return value of "com.google.gson.JsonObject.get(String)" is null
[04Oct2025 00:24:08.911] [Server thread/WARN] [KubeJS Server/]: Failed to parse recipe 'tconstruct:smeltery/casting/scorched/polished_from_magma[tconstruct:casting_basin]'! Falling back to vanilla: Cannot invoke "com.google.gson.JsonElement.getAsString()" because the return value of "com.google.gson.JsonObject.get(String)" is null
[04Oct2025 00:24:08.912] [Server thread/WARN] [KubeJS Server/]: Failed to parse recipe 'tconstruct:smeltery/casting/metal/netherite/ancient_repair_kit_gold_cast[tconstruct:casting_table]'! Falling back to vanilla: Cannot invoke "com.google.gson.JsonElement.getAsString()" because the return value of "com.google.gson.JsonObject.get(String)" is null
[04Oct2025 00:24:08.913] [Server thread/WARN] [KubeJS Server/]: Failed to parse recipe 'tconstruct:smeltery/melting/metal/constantan/nugget[tconstruct:melting]'! Falling back to vanilla: Cannot invoke "com.google.gson.JsonElement.getAsString()" because the return value of "com.google.gson.JsonObject.get(String)" is null
[04Oct2025 00:24:08.914] [Server thread/WARN] [KubeJS Server/]: Failed to parse recipe 'tconstruct:tools/modifiers/silky_cloth[tconstruct:casting_table]'! Falling back to vanilla: Cannot invoke "com.google.gson.JsonElement.getAsString()" because the return value of "com.google.gson.JsonObject.get(String)" is null
[04Oct2025 00:24:08.914] [Server thread/WARN] [KubeJS Server/]: Failed to parse recipe 'tconstruct:smeltery/casting/metal/gold/coin_sand_cast[tconstruct:casting_table]'! Falling back to vanilla: Cannot invoke "com.google.gson.JsonElement.getAsString()" because the return value of "com.google.gson.JsonObject.get(String)" is null
[04Oct2025 00:24:08.915] [Server thread/WARN] [KubeJS Server/]: Failed to parse recipe 'tconstruct:smeltery/casting/metal/cobalt/ingot_sand_cast[tconstruct:casting_table]'! Falling back to vanilla: Cannot invoke "com.google.gson.JsonElement.getAsString()" because the return value of "com.google.gson.JsonObject.get(String)" is null
[04Oct2025 00:24:08.916] [Server thread/WARN] [KubeJS Server/]: Failed to parse recipe 'mekanism:reaction/wood_gasification/logs[mekanism:reaction]'! Falling back to vanilla: Cannot invoke "com.google.gson.JsonElement.getAsString()" because the return value of "com.google.gson.JsonObject.get(String)" is null
[04Oct2025 00:24:08.917] [Server thread/WARN] [KubeJS Server/]: Failed to parse recipe 'tconstruct:smeltery/melting/metal/enderium/block[tconstruct:melting]'! Falling back to vanilla: Cannot invoke "com.google.gson.JsonElement.getAsString()" because the return value of "com.google.gson.JsonObject.get(String)" is null
[04Oct2025 00:24:08.917] [Server thread/WARN] [KubeJS Server/]: Failed to parse recipe 'tconstruct:smeltery/casting/metal/invar/coin_sand_cast[tconstruct:casting_table]'! Falling back to vanilla: Cannot invoke "com.google.gson.JsonElement.getAsString()" because the return value of "com.google.gson.JsonObject.get(String)" is null
[04Oct2025 00:24:08.926] [Server thread/WARN] [KubeJS Server/]: Failed to parse recipe 'tconstruct:smeltery/casting/metal/lumium/plate_sand_cast[tconstruct:casting_table]'! Falling back to vanilla: Cannot invoke "com.google.gson.JsonElement.getAsString()" because the return value of "com.google.gson.JsonObject.get(String)" is null
[04Oct2025 00:24:08.927] [Server thread/WARN] [KubeJS Server/]: Failed to parse recipe 'tconstruct:smeltery/casts/gold/pick_head[tconstruct:casting_table]'! Falling back to vanilla: Cannot invoke "com.google.gson.JsonElement.getAsString()" because the return value of "com.google.gson.JsonObject.get(String)" is null
[04Oct2025 00:24:08.927] [Server thread/WARN] [KubeJS Server/]: Failed to parse recipe 'tconstruct:smeltery/melting/metal/zinc/ingot[tconstruct:melting]'! Falling back to vanilla: Cannot invoke "com.google.gson.JsonElement.getAsString()" because the return value of "com.google.gson.JsonObject.get(String)" is null
[04Oct2025 00:24:08.929] [Server thread/WARN] [KubeJS Server/]: Failed to parse recipe 'tconstruct:smeltery/melting/metal/cobalt/scorched_duct[tconstruct:melting]'! Falling back to vanilla: Cannot invoke "com.google.gson.JsonElement.getAsString()" because the return value of "com.google.gson.JsonObject.get(String)" is null
[04Oct2025 00:24:08.930] [Server thread/WARN] [KubeJS Server/]: Failed to parse recipe 'tconstruct:smeltery/melting/metal/signalum/block[tconstruct:melting]'! Falling back to vanilla: Cannot invoke "com.google.gson.JsonElement.getAsString()" because the return value of "com.google.gson.JsonObject.get(String)" is null
[04Oct2025 00:24:08.930] [Server thread/WARN] [KubeJS Server/]: Failed to parse recipe 'deeperdarker:resonarium_boots_smithing[minecraft:smithing_transform]'! Falling back to vanilla: Ingredient 'template' can't be empty!
[04Oct2025 00:24:08.931] [Server thread/WARN] [KubeJS Server/]: Failed to parse recipe 'tconstruct:compat/necronium_bone[tconstruct:casting_table]'! Falling back to vanilla: Cannot invoke "com.google.gson.JsonElement.getAsString()" because the return value of "com.google.gson.JsonObject.get(String)" is null
[04Oct2025 00:24:08.932] [Server thread/WARN] [KubeJS Server/]: Failed to parse recipe 'tconstruct:smeltery/melting/slime/earth/congealed[tconstruct:melting]'! Falling back to vanilla: Cannot invoke "com.google.gson.JsonElement.getAsString()" because the return value of "com.google.gson.JsonObject.get(String)" is null
[04Oct2025 00:24:08.934] [Server thread/WARN] [KubeJS Server/]: Failed to parse recipe 'tconstruct:smeltery/casting/metal/lead/coin_gold_cast[tconstruct:casting_table]'! Falling back to vanilla: Cannot invoke "com.google.gson.JsonElement.getAsString()" because the return value of "com.google.gson.JsonObject.get(String)" is null
[04Oct2025 00:24:08.935] [Server thread/WARN] [KubeJS Server/]: Failed to parse recipe 'tconstruct:smeltery/casting/metal/bronze/block[tconstruct:casting_basin]'! Falling back to vanilla: Cannot invoke "com.google.gson.JsonElement.getAsString()" because the return value of "com.google.gson.JsonObject.get(String)" is null
[04Oct2025 00:24:08.936] [Server thread/WARN] [KubeJS Server/]: Failed to parse recipe 'tconstruct:smeltery/casting/metal/refined_glowstone/ingot_sand_cast[tconstruct:casting_table]'! Falling back to vanilla: Cannot invoke "com.google.gson.JsonElement.getAsString()" because the return value of "com.google.gson.JsonObject.get(String)" is null
[04Oct2025 00:24:08.937] [Server thread/WARN] [KubeJS Server/]: Failed to parse recipe 'tconstruct:smeltery/casting/quartz/block[tconstruct:casting_basin]'! Falling back to vanilla: Cannot invoke "com.google.gson.JsonElement.getAsString()" because the return value of "com.google.gson.JsonObject.get(String)" is null
[04Oct2025 00:24:08.939] [Server thread/WARN] [KubeJS Server/]: Failed to parse recipe 'tconstruct:tools/armor/slime_skull/string[tconstruct:casting_basin]'! Falling back to vanilla: Cannot invoke "com.google.gson.JsonElement.getAsString()" because the return value of "com.google.gson.JsonObject.get(String)" is null
[04Oct2025 00:24:08.940] [Server thread/WARN] [KubeJS Server/]: Failed to parse recipe 'tconstruct:smeltery/casting/blaze/rod_gold_cast[tconstruct:casting_table]'! Falling back to vanilla: Cannot invoke "com.google.gson.JsonElement.getAsString()" because the return value of "com.google.gson.JsonObject.get(String)" is null
[04Oct2025 00:24:08.940] [Server thread/WARN] [KubeJS Server/]: Failed to parse recipe 'tconstruct:smeltery/casting/water/mud[tconstruct:casting_basin]'! Falling back to vanilla: Ingredient 'cast' can't be empty!
[04Oct2025 00:24:08.941] [Server thread/WARN] [KubeJS Server/]: Failed to parse recipe 'tconstruct:smeltery/melting/metal/bronze/dust[tconstruct:melting]'! Falling back to vanilla: Cannot invoke "com.google.gson.JsonElement.getAsString()" because the return value of "com.google.gson.JsonObject.get(String)" is null
[04Oct2025 00:24:08.942] [Server thread/WARN] [KubeJS Server/]: Failed to parse recipe 'tconstruct:smeltery/casting/diamond/smithing_template[tconstruct:table_duplication]'! Falling back to vanilla: Cannot invoke "com.google.gson.JsonElement.getAsString()" because the return value of "com.google.gson.JsonObject.get(String)" is null
[04Oct2025 00:24:08.942] [Server thread/WARN] [KubeJS Server/]: Failed to parse recipe 'tconstruct:smeltery/casting/clay/block[tconstruct:casting_basin]'! Falling back to vanilla: Cannot invoke "com.google.gson.JsonElement.getAsString()" because the return value of "com.google.gson.JsonObject.get(String)" is null
[04Oct2025 00:24:08.944] [Server thread/WARN] [KubeJS Server/]: Failed to parse recipe 'tconstruct:tools/modifiers/gold_reinforcement[tconstruct:casting_table]'! Falling back to vanilla: Cannot invoke "com.google.gson.JsonElement.getAsString()" because the return value of "com.google.gson.JsonObject.get(String)" is null
[04Oct2025 00:24:08.945] [Server thread/WARN] [KubeJS Server/]: Failed to parse recipe 'tconstruct:smeltery/casting/seared/glass_pane_soul[tconstruct:casting_table]'! Falling back to vanilla: Cannot invoke "com.google.gson.JsonElement.getAsString()" because the return value of "com.google.gson.JsonObject.get(String)" is null
[04Oct2025 00:24:08.947] [Server thread/WARN] [KubeJS Server/]: Failed to parse recipe 'tconstruct:smeltery/casting/metal/rose_gold/nugget_sand_cast[tconstruct:casting_table]'! Falling back to vanilla: Cannot invoke "com.google.gson.JsonElement.getAsString()" because the return value of "com.google.gson.JsonObject.get(String)" is null
[04Oct2025 00:24:08.948] [Server thread/WARN] [KubeJS Server/]: Failed to parse recipe 'tconstruct:smeltery/casting/seared/stone/block_from_seared[tconstruct:casting_basin]'! Falling back to vanilla: Cannot invoke "com.google.gson.JsonElement.getAsString()" because the return value of "com.google.gson.JsonObject.get(String)" is null
[04Oct2025 00:24:08.949] [Server thread/WARN] [KubeJS Server/]: Failed to parse recipe 'tconstruct:smeltery/casting/metal/iron/coin_gold_cast[tconstruct:casting_table]'! Falling back to vanilla: Cannot invoke "com.google.gson.JsonElement.getAsString()" because the return value of "com.google.gson.JsonObject.get(String)" is null
[04Oct2025 00:24:08.950] [Server thread/WARN] [KubeJS Server/]: Failed to parse recipe 'tconstruct:smeltery/melting/metal/invar/coin[tconstruct:melting]'! Falling back to vanilla: Cannot invoke "com.google.gson.JsonElement.getAsString()" because the return value of "com.google.gson.JsonObject.get(String)" is null
[04Oct2025 00:24:08.952] [Server thread/WARN] [KubeJS Server/]: Failed to parse recipe 'tconstruct:tools/armor/slime_boots[tconstruct:casting_basin]'! Falling back to vanilla: Cannot invoke "com.google.gson.JsonElement.getAsString()" because the return value of "com.google.gson.JsonObject.get(String)" is null
[04Oct2025 00:24:08.952] [Server thread/WARN] [KubeJS Server/]: Failed to parse recipe 'tconstruct:smeltery/melting/metal/copper/can[tconstruct:melting]'! Falling back to vanilla: Cannot invoke "com.google.gson.JsonElement.getAsString()" because the return value of "com.google.gson.JsonObject.get(String)" is null
[04Oct2025 00:24:08.953] [Server thread/WARN] [KubeJS Server/]: Failed to parse recipe 'tconstruct:smeltery/alloys/molten_pig_iron[tconstruct:alloy]'! Falling back to vanilla: Cannot invoke "com.google.gson.JsonElement.getAsString()" because the return value of "com.google.gson.JsonObject.get(String)" is null
[04Oct2025 00:24:08.954] [Server thread/WARN] [KubeJS Server/]: Failed to parse recipe 'tconstruct:smeltery/casting/metal/zinc/nugget_sand_cast[tconstruct:casting_table]'! Falling back to vanilla: Cannot invoke "com.google.gson.JsonElement.getAsString()" because the return value of "com.google.gson.JsonObject.get(String)" is null
[04Oct2025 00:24:08.956] [Server thread/WARN] [KubeJS Server/]: Failed to parse recipe 'tconstruct:smeltery/casts/gold/tough_binding[tconstruct:casting_table]'! Falling back to vanilla: Cannot invoke "com.google.gson.JsonElement.getAsString()" because the return value of "com.google.gson.JsonObject.get(String)" is null
[04Oct2025 00:24:08.956] [Server thread/WARN] [KubeJS Server/]: Failed to parse recipe 'tconstruct:smeltery/casting/water/lingering[tconstruct:casting_table]'! Falling back to vanilla: Cannot invoke "com.google.gson.JsonElement.getAsString()" because the return value of "com.google.gson.JsonObject.get(String)" is null
[04Oct2025 00:24:08.957] [Server thread/WARN] [KubeJS Server/]: Failed to parse recipe 'tconstruct:smeltery/casting/metal/aluminum/nugget_gold_cast[tconstruct:casting_table]'! Falling back to vanilla: Cannot invoke "com.google.gson.JsonElement.getAsString()" because the return value of "com.google.gson.JsonObject.get(String)" is null
[04Oct2025 00:24:08.958] [Server thread/WARN] [KubeJS Server/]: Failed to parse recipe 'tconstruct:compat/create/andesite_alloy_zinc[tconstruct:casting_basin]'! Falling back to vanilla: Cannot invoke "com.google.gson.JsonElement.getAsString()" because the return value of "com.google.gson.JsonObject.get(String)" is null
[04Oct2025 00:24:08.960] [Server thread/WARN] [KubeJS Server/]: Failed to parse recipe 'tconstruct:smeltery/casting/metal/iron/nugget_gold_cast[tconstruct:casting_table]'! Falling back to vanilla: Cannot invoke "com.google.gson.JsonElement.getAsString()" because the return value of "com.google.gson.JsonObject.get(String)" is null
[04Oct2025 00:24:08.963] [Server thread/WARN] [KubeJS Server/]: Failed to parse recipe 'tconstruct:smeltery/melting/metal/nickel/block[tconstruct:melting]'! Falling back to vanilla: Cannot invoke "com.google.gson.JsonElement.getAsString()" because the return value of "com.google.gson.JsonObject.get(String)" is null
[04Oct2025 00:24:08.967] [Server thread/WARN] [KubeJS Server/]: Failed to parse recipe 'tconstruct:smeltery/casting/metal/enderium/plate_sand_cast[tconstruct:casting_table]'! Falling back to vanilla: Cannot invoke "com.google.gson.JsonElement.getAsString()" because the return value of "com.google.gson.JsonObject.get(String)" is null
[04Oct2025 00:24:08.967] [Server thread/WARN] [KubeJS Server/]: Failed to parse recipe 'tconstruct:smeltery/casting/metal/pig_iron/ingot_sand_cast[tconstruct:casting_table]'! Falling back to vanilla: Cannot invoke "com.google.gson.JsonElement.getAsString()" because the return value of "com.google.gson.JsonObject.get(String)" is null
[04Oct2025 00:24:08.968] [Server thread/WARN] [KubeJS Server/]: Failed to parse recipe 'tconstruct:smeltery/casting/metal/gold/plate_sand_cast[tconstruct:casting_table]'! Falling back to vanilla: Cannot invoke "com.google.gson.JsonElement.getAsString()" because the return value of "com.google.gson.JsonObject.get(String)" is null
[04Oct2025 00:24:08.970] [Server thread/WARN] [KubeJS Server/]: Failed to parse recipe 'tconstruct:smeltery/casting/metal/silver/gear_sand_cast[tconstruct:casting_table]'! Falling back to vanilla: Cannot invoke "com.google.gson.JsonElement.getAsString()" because the return value of "com.google.gson.JsonObject.get(String)" is null
[04Oct2025 00:24:08.974] [Server thread/WARN] [KubeJS Server/]: Failed to parse recipe 'tconstruct:smeltery/casting/metal/steel/rod_sand_cast[tconstruct:casting_table]'! Falling back to vanilla: Cannot invoke "com.google.gson.JsonElement.getAsString()" because the return value of "com.google.gson.JsonObject.get(String)" is null
[04Oct2025 00:24:08.975] [Server thread/WARN] [KubeJS Server/]: Failed to parse recipe 'tconstruct:smeltery/melting/slime/earth/crystal[tconstruct:melting]'! Falling back to vanilla: Cannot invoke "com.google.gson.JsonElement.getAsString()" because the return value of "com.google.gson.JsonObject.get(String)" is null
[04Oct2025 00:24:08.975] [Server thread/WARN] [KubeJS Server/]: Failed to parse recipe 'tconstruct:smeltery/casting/metal/manyullyn/ingot_sand_cast[tconstruct:casting_table]'! Falling back to vanilla: Cannot invoke "com.google.gson.JsonElement.getAsString()" because the return value of "com.google.gson.JsonObject.get(String)" is null
[04Oct2025 00:24:08.976] [Server thread/WARN] [KubeJS Server/]: Failed to parse recipe 'tconstruct:smeltery/casting/metal/copper/nugget_gold_cast[tconstruct:casting_table]'! Falling back to vanilla: Cannot invoke "com.google.gson.JsonElement.getAsString()" because the return value of "com.google.gson.JsonObject.get(String)" is null
[04Oct2025 00:24:08.976] [Server thread/WARN] [KubeJS Server/]: Failed to parse recipe 'tconstruct:smeltery/melting/metal/copper/decorative_block[tconstruct:melting]'! Falling back to vanilla: Cannot invoke "com.google.gson.JsonElement.getAsString()" because the return value of "com.google.gson.JsonObject.get(String)" is null
[04Oct2025 00:24:08.977] [Server thread/WARN] [KubeJS Server/]: Failed to parse recipe 'tconstruct:smeltery/alloys/molten_netherite[tconstruct:alloy]'! Falling back to vanilla: Cannot invoke "com.google.gson.JsonElement.getAsString()" because the return value of "com.google.gson.JsonObject.get(String)" is null
[04Oct2025 00:24:08.978] [Server thread/WARN] [KubeJS Server/]: Failed to parse recipe 'tconstruct:smeltery/casting/metal/iron/lantern[tconstruct:casting_table]'! Falling back to vanilla: Cannot invoke "com.google.gson.JsonElement.getAsString()" because the return value of "com.google.gson.JsonObject.get(String)" is null
[04Oct2025 00:24:08.979] [Server thread/WARN] [KubeJS Server/]: Failed to parse recipe 'tconstruct:smeltery/casting/glass/block[tconstruct:casting_basin]'! Falling back to vanilla: Cannot invoke "com.google.gson.JsonElement.getAsString()" because the return value of "com.google.gson.JsonObject.get(String)" is null
[04Oct2025 00:24:08.980] [Server thread/WARN] [KubeJS Server/]: Failed to parse recipe 'tconstruct:common/mighty_smelting[tconstruct:casting_table]'! Falling back to vanilla: Cannot invoke "com.google.gson.JsonElement.getAsString()" because the return value of "com.google.gson.JsonObject.get(String)" is null
[04Oct2025 00:24:08.982] [Server thread/WARN] [KubeJS Server/]: Failed to parse recipe 'tconstruct:smeltery/melting/metal/netherite/plate[tconstruct:melting]'! Falling back to vanilla: Cannot invoke "com.google.gson.JsonElement.getAsString()" because the return value of "com.google.gson.JsonObject.get(String)" is null
[04Oct2025 00:24:08.982] [Server thread/WARN] [KubeJS Server/]: Failed to parse recipe 'tconstruct:smeltery/casting/metal/rose_gold/ingot_gold_cast[tconstruct:casting_table]'! Falling back to vanilla: Cannot invoke "com.google.gson.JsonElement.getAsString()" because the return value of "com.google.gson.JsonObject.get(String)" is null
[04Oct2025 00:24:08.983] [Server thread/WARN] [KubeJS Server/]: Failed to parse recipe 'tconstruct:smeltery/entity_melting/heads/enderman[tconstruct:melting]'! Falling back to vanilla: Cannot invoke "com.google.gson.JsonElement.getAsString()" because the return value of "com.google.gson.JsonObject.get(String)" is null
[04Oct2025 00:24:08.984] [Server thread/WARN] [KubeJS Server/]: Failed to parse recipe 'tconstruct:smeltery/casting/metal/netherite/coin_sand_cast[tconstruct:casting_table]'! Falling back to vanilla: Cannot invoke "com.google.gson.JsonElement.getAsString()" because the return value of "com.google.gson.JsonObject.get(String)" is null
[04Oct2025 00:24:08.985] [Server thread/WARN] [KubeJS Server/]: Failed to parse recipe 'tconstruct:smeltery/casting/metal/nickel/nugget_gold_cast[tconstruct:casting_table]'! Falling back to vanilla: Cannot invoke "com.google.gson.JsonElement.getAsString()" because the return value of "com.google.gson.JsonObject.get(String)" is null
[04Oct2025 00:24:08.986] [Server thread/WARN] [KubeJS Server/]: Failed to parse recipe 'tconstruct:smeltery/casting/seared/stone/stairs[tconstruct:casting_basin]'! Falling back to vanilla: Cannot invoke "com.google.gson.JsonElement.getAsString()" because the return value of "com.google.gson.JsonObject.get(String)" is null
[04Oct2025 00:24:08.987] [Server thread/WARN] [KubeJS Server/]: Failed to parse recipe 'tconstruct:smeltery/casting/metal/invar/block[tconstruct:casting_basin]'! Falling back to vanilla: Cannot invoke "com.google.gson.JsonElement.getAsString()" because the return value of "com.google.gson.JsonObject.get(String)" is null
[04Oct2025 00:24:08.988] [Server thread/WARN] [KubeJS Server/]: Failed to parse recipe 'tconstruct:smeltery/alloys/molten_lumium[tconstruct:alloy]'! Falling back to vanilla: Cannot invoke "com.google.gson.JsonElement.getAsString()" because the return value of "com.google.gson.JsonObject.get(String)" is null
[04Oct2025 00:24:08.990] [Server thread/WARN] [KubeJS Server/]: Failed to parse recipe 'tconstruct:smeltery/melting/slime/magma/ball[tconstruct:melting]'! Falling back to vanilla: Cannot invoke "com.google.gson.JsonElement.getAsString()" because the return value of "com.google.gson.JsonObject.get(String)" is null
[04Oct2025 00:24:08.991] [Server thread/WARN] [KubeJS Server/]: Failed to parse recipe 'tconstruct:smeltery/casting/metal/queens_slime/block[tconstruct:casting_basin]'! Falling back to vanilla: Cannot invoke "com.google.gson.JsonElement.getAsString()" because the return value of "com.google.gson.JsonObject.get(String)" is null
[04Oct2025 00:24:08.991] [Server thread/WARN] [KubeJS Server/]: Failed to parse recipe 'tconstruct:smeltery/casts/gold/tool_binding[tconstruct:casting_table]'! Falling back to vanilla: Cannot invoke "com.google.gson.JsonElement.getAsString()" because the return value of "com.google.gson.JsonObject.get(String)" is null
[04Oct2025 00:24:08.992] [Server thread/WARN] [KubeJS Server/]: Failed to parse recipe 'tconstruct:smeltery/casting/metal/constantan/gear_sand_cast[tconstruct:casting_table]'! Falling back to vanilla: Cannot invoke "com.google.gson.JsonElement.getAsString()" because the return value of "com.google.gson.JsonObject.get(String)" is null
[04Oct2025 00:24:08.993] [Server thread/WARN] [KubeJS Server/]: Failed to parse recipe 'tconstruct:smeltery/casting/metal/silver/nugget_sand_cast[tconstruct:casting_table]'! Falling back to vanilla: Cannot invoke "com.google.gson.JsonElement.getAsString()" because the return value of "com.google.gson.JsonObject.get(String)" is null
[04Oct2025 00:24:08.995] [Server thread/WARN] [KubeJS Server/]: Failed to parse recipe 'tconstruct:smeltery/casting/venom_bottle[tconstruct:casting_table]'! Falling back to vanilla: Cannot invoke "com.google.gson.JsonElement.getAsString()" because the return value of "com.google.gson.JsonObject.get(String)" is null
[04Oct2025 00:24:08.996] [Server thread/WARN] [KubeJS Server/]: Failed to parse recipe 'tconstruct:smeltery/casting/metal/electrum/nugget_sand_cast[tconstruct:casting_table]'! Falling back to vanilla: Cannot invoke "com.google.gson.JsonElement.getAsString()" because the return value of "com.google.gson.JsonObject.get(String)" is null
[04Oct2025 00:24:08.997] [Server thread/WARN] [KubeJS Server/]: Failed to parse recipe 'tconstruct:smeltery/casting/metal/signalum/plate_gold_cast[tconstruct:casting_table]'! Falling back to vanilla: Cannot invoke "com.google.gson.JsonElement.getAsString()" because the return value of "com.google.gson.JsonObject.get(String)" is null
[04Oct2025 00:24:08.998] [Server thread/WARN] [KubeJS Server/]: Failed to parse recipe 'tconstruct:smeltery/melting/metal/copper/ingot[tconstruct:melting]'! Falling back to vanilla: Cannot invoke "com.google.gson.JsonElement.getAsString()" because the return value of "com.google.gson.JsonObject.get(String)" is null
[04Oct2025 00:24:08.999] [Server thread/WARN] [KubeJS Server/]: Failed to parse recipe 'tconstruct:smeltery/casting/metal/constantan/ingot_sand_cast[tconstruct:casting_table]'! Falling back to vanilla: Cannot invoke "com.google.gson.JsonElement.getAsString()" because the return value of "com.google.gson.JsonObject.get(String)" is null
[04Oct2025 00:24:09.001] [Server thread/WARN] [KubeJS Server/]: Failed to parse recipe 'tconstruct:smeltery/casting/metal/steel/plate_sand_cast[tconstruct:casting_table]'! Falling back to vanilla: Cannot invoke "com.google.gson.JsonElement.getAsString()" because the return value of "com.google.gson.JsonObject.get(String)" is null
[04Oct2025 00:24:09.001] [Server thread/WARN] [KubeJS Server/]: Failed to parse recipe 'tconstruct:smeltery/casting/metal/enderium/block[tconstruct:casting_basin]'! Falling back to vanilla: Cannot invoke "com.google.gson.JsonElement.getAsString()" because the return value of "com.google.gson.JsonObject.get(String)" is null
[04Oct2025 00:24:09.002] [Server thread/WARN] [KubeJS Server/]: Failed to parse recipe 'tconstruct:smeltery/casting/metal/silver/ingot_gold_cast[tconstruct:casting_table]'! Falling back to vanilla: Cannot invoke "com.google.gson.JsonElement.getAsString()" because the return value of "com.google.gson.JsonObject.get(String)" is null
[04Oct2025 00:24:09.003] [Server thread/WARN] [KubeJS Server/]: Failed to parse recipe 'tconstruct:smeltery/casting/metal/constantan/nugget_gold_cast[tconstruct:casting_table]'! Falling back to vanilla: Cannot invoke "com.google.gson.JsonElement.getAsString()" because the return value of "com.google.gson.JsonObject.get(String)" is null
[04Oct2025 00:24:09.004] [Server thread/WARN] [KubeJS Server/]: Failed to parse recipe 'tconstruct:smeltery/melting/metal/enderium/dust[tconstruct:melting]'! Falling back to vanilla: Cannot invoke "com.google.gson.JsonElement.getAsString()" because the return value of "com.google.gson.JsonObject.get(String)" is null
[04Oct2025 00:24:09.005] [Server thread/WARN] [KubeJS Server/]: Failed to parse recipe 'tconstruct:smeltery/casting/metal/enderium/gear_gold_cast[tconstruct:casting_table]'! Falling back to vanilla: Cannot invoke "com.google.gson.JsonElement.getAsString()" because the return value of "com.google.gson.JsonObject.get(String)" is null
[04Oct2025 00:24:09.006] [Server thread/WARN] [KubeJS Server/]: Failed to parse recipe 'tconstruct:smeltery/melting/slime/beetroot_soup[tconstruct:melting]'! Falling back to vanilla: Cannot invoke "com.google.gson.JsonElement.getAsString()" because the return value of "com.google.gson.JsonObject.get(String)" is null
[04Oct2025 00:24:09.007] [Server thread/WARN] [KubeJS Server/]: Failed to parse recipe 'mekanism:processing/tin/slurry/clean[mekanism:washing]'! Falling back to vanilla: Cannot invoke "com.google.gson.JsonElement.getAsString()" because the return value of "com.google.gson.JsonObject.get(String)" is null
[04Oct2025 00:24:09.008] [Server thread/WARN] [KubeJS Server/]: Failed to parse recipe 'tconstruct:smeltery/casting/metal/amethyst_bronze/nugget_gold_cast[tconstruct:casting_table]'! Falling back to vanilla: Cannot invoke "com.google.gson.JsonElement.getAsString()" because the return value of "com.google.gson.JsonObject.get(String)" is null
[04Oct2025 00:24:09.008] [Server thread/WARN] [KubeJS Server/]: Failed to parse recipe 'tconstruct:smeltery/casting/slime/magma_block[tconstruct:casting_basin]'! Falling back to vanilla: Cannot invoke "com.google.gson.JsonElement.getAsString()" because the return value of "com.google.gson.JsonObject.get(String)" is null
[04Oct2025 00:24:09.009] [Server thread/WARN] [KubeJS Server/]: Failed to parse recipe 'tconstruct:smeltery/casting/metal/enderium/nugget_sand_cast[tconstruct:casting_table]'! Falling back to vanilla: Cannot invoke "com.google.gson.JsonElement.getAsString()" because the return value of "com.google.gson.JsonObject.get(String)" is null
[04Oct2025 00:24:09.013] [Server thread/WARN] [KubeJS Server/]: Failed to parse recipe 'tconstruct:smeltery/casting/metal/bronze/gear_sand_cast[tconstruct:casting_table]'! Falling back to vanilla: Cannot invoke "com.google.gson.JsonElement.getAsString()" because the return value of "com.google.gson.JsonObject.get(String)" is null
[04Oct2025 00:24:09.015] [Server thread/WARN] [KubeJS Server/]: Failed to parse recipe 'tconstruct:smeltery/casting/amethyst/gem_gold_cast[tconstruct:casting_table]'! Falling back to vanilla: Cannot invoke "com.google.gson.JsonElement.getAsString()" because the return value of "com.google.gson.JsonObject.get(String)" is null
[04Oct2025 00:24:09.016] [Server thread/WARN] [KubeJS Server/]: Failed to parse recipe 'tconstruct:smeltery/casting/metal/lumium/nugget_gold_cast[tconstruct:casting_table]'! Falling back to vanilla: Cannot invoke "com.google.gson.JsonElement.getAsString()" because the return value of "com.google.gson.JsonObject.get(String)" is null
[04Oct2025 00:24:09.017] [Server thread/WARN] [KubeJS Server/]: Failed to parse recipe 'tconstruct:smeltery/casting/metal/iron/compass[tconstruct:casting_table]'! Falling back to vanilla: Cannot invoke "com.google.gson.JsonElement.getAsString()" because the return value of "com.google.gson.JsonObject.get(String)" is null
[04Oct2025 00:24:09.017] [Server thread/WARN] [KubeJS Server/]: Failed to parse recipe 'tconstruct:smeltery/melting/ender/end_crystal[tconstruct:melting]'! Falling back to vanilla: Cannot invoke "com.google.gson.JsonElement.getAsString()" because the return value of "com.google.gson.JsonObject.get(String)" is null
[04Oct2025 00:24:09.018] [Server thread/WARN] [KubeJS Server/]: Failed to parse recipe 'tconstruct:smeltery/casting/metal/tin/coin_gold_cast[tconstruct:casting_table]'! Falling back to vanilla: Cannot invoke "com.google.gson.JsonElement.getAsString()" because the return value of "com.google.gson.JsonObject.get(String)" is null
[04Oct2025 00:24:09.019] [Server thread/WARN] [KubeJS Server/]: Failed to parse recipe 'tconstruct:smeltery/melting/metal/electrum/gear[tconstruct:melting]'! Falling back to vanilla: Cannot invoke "com.google.gson.JsonElement.getAsString()" because the return value of "com.google.gson.JsonObject.get(String)" is null
[04Oct2025 00:24:09.021] [Server thread/WARN] [KubeJS Server/]: Failed to parse recipe 'tconstruct:smeltery/melting/metal/bronze/coin[tconstruct:melting]'! Falling back to vanilla: Cannot invoke "com.google.gson.JsonElement.getAsString()" because the return value of "com.google.gson.JsonObject.get(String)" is null
[04Oct2025 00:24:09.036] [Server thread/INFO] [KubeJS Server/]: Found 14253 recipes in 1.283 s
[04Oct2025 00:24:09.157] [KubeJS Recipe Event Worker 0/WARN] [com.simibubi.create.Create/]: Your custom createaddition:rolling/electrum_ingot recipe (createaddition:rolling/electrum_ingot) specified a duration. Durations have no impact on this type of recipe.
[04Oct2025 00:24:09.357] [KubeJS Recipe Event Worker 0/WARN] [com.simibubi.create.Create/]: Your custom createaddition:rolling/iron_ingot recipe (createaddition:rolling/iron_ingot) specified a duration. Durations have no impact on this type of recipe.
[04Oct2025 00:24:09.460] [KubeJS Recipe Event Worker 0/WARN] [com.simibubi.create.Create/]: Your custom createaddition:rolling/gold_ingot recipe (createaddition:rolling/gold_ingot) specified a duration. Durations have no impact on this type of recipe.
[04Oct2025 00:24:09.462] [KubeJS Recipe Event Worker 0/WARN] [com.simibubi.create.Create/]: Your custom createaddition:rolling/straw recipe (createaddition:rolling/straw) specified a duration. Durations have no impact on this type of recipe.
[04Oct2025 00:24:09.682] [KubeJS Recipe Event Worker 0/WARN] [com.simibubi.create.Create/]: Your custom createaddition:rolling/copper_plate recipe (createaddition:rolling/copper_plate) specified a duration. Durations have no impact on this type of recipe.
[04Oct2025 00:24:09.818] [KubeJS Recipe Event Worker 0/WARN] [com.simibubi.create.Create/]: Your custom createaddition:rolling/electrum_plate recipe (createaddition:rolling/electrum_plate) specified a duration. Durations have no impact on this type of recipe.
[04Oct2025 00:24:09.889] [KubeJS Recipe Event Worker 0/WARN] [com.simibubi.create.Create/]: Your custom createaddition:rolling/iron_plate recipe (createaddition:rolling/iron_plate) specified a duration. Durations have no impact on this type of recipe.
[04Oct2025 00:24:09.935] [KubeJS Recipe Event Worker 0/WARN] [com.simibubi.create.Create/]: Your custom createaddition:rolling/gold_plate recipe (createaddition:rolling/gold_plate) specified a duration. Durations have no impact on this type of recipe.
[04Oct2025 00:24:10.065] [KubeJS Recipe Event Worker 0/WARN] [com.simibubi.create.Create/]: Your custom createaddition:rolling/brass_ingot recipe (createaddition:rolling/brass_ingot) specified a duration. Durations have no impact on this type of recipe.
[04Oct2025 00:24:10.113] [KubeJS Recipe Event Worker 0/WARN] [com.simibubi.create.Create/]: Your custom createaddition:rolling/copper_ingot recipe (createaddition:rolling/copper_ingot) specified a duration. Durations have no impact on this type of recipe.
[04Oct2025 00:24:12.094] [Server thread/INFO] [KubeJS Server/]: Posted recipe events in 3.057 s
[04Oct2025 00:24:12.154] [KubeJS Recipe Event Worker 0/WARN] [com.simibubi.create.Create/]: Your custom create:compacting recipe (create_ultimate_factory:compacting_coalblock) has more item inputs (12) than supported (9).
[04Oct2025 00:24:12.193] [KubeJS Recipe Event Worker 0/WARN] [com.simibubi.create.Create/]: Your custom create:mixing recipe (createaddition:compat/tconstruct/pig_iron_2) has more item inputs (13) than supported (9).
[04Oct2025 00:24:12.249] [KubeJS Recipe Event Worker 0/WARN] [com.simibubi.create.Create/]: Your custom create:compacting recipe (create_ultimate_factory:compacting_tuff) has more item inputs (16) than supported (9).
[04Oct2025 00:24:12.389] [KubeJS Recipe Event Worker 0/WARN] [com.simibubi.create.Create/]: Your custom create:compacting recipe (create_ultimate_factory:f_compacting_veridium) has more item inputs (17) than supported (9).
[04Oct2025 00:24:12.536] [Server thread/INFO] [Extended Crafting/]: Loaded 19 singularity type(s) in 1 ms
[04Oct2025 00:24:12.537] [Server thread/INFO] [Cucumber Library/]: Registered 19 recipes in 2 ms (KubeJS mode)
[04Oct2025 00:24:12.558] [Server thread/INFO] [KubeJS Server/]: Added 752 recipes, removed 831 recipes, modified 40 recipes, with 0 failed recipes in 454.0 ms
[04Oct2025 00:24:12.561] [Server thread/INFO] [ModernFix/]: Clearing KubeJS recipe lists...
[04Oct2025 00:24:12.973] [Server thread/INFO] [net.minecraft.advancements.AdvancementList/]: Loaded 6513 advancements
[04Oct2025 00:24:12.980] [Server thread/INFO] [net.minecraft.advancements.AdvancementList/]: Loaded 6525 advancements
[04Oct2025 00:24:12.991] [Server thread/INFO] [placebo/]: Registered 0 additional recipes.
[04Oct2025 00:24:12.991] [Server thread/INFO] [atomicstryker.dynamiclights.server.ItemLightLevels/]: Clearing item tag to light level mapping cache
[04Oct2025 00:24:13.002] [Server thread/INFO] [twilightforest/]: Loaded 9 Stalactite configs!
[04Oct2025 00:24:13.005] [Server thread/INFO] [top.theillusivec4.curios.Curios/]: Loaded 13 curio slots
[04Oct2025 00:24:13.015] [Server thread/INFO] [top.theillusivec4.curios.Curios/]: Loaded 1 curio entities
[04Oct2025 00:24:13.057] [Server thread/INFO] [slimeknights.tconstruct.library.materials.definition.MaterialManager/]: Loaded 68 materials in 12.982801 ms
[04Oct2025 00:24:13.067] [Server thread/INFO] [slimeknights.tconstruct.library.materials.definition.MaterialManager/]: Loaded 9 material tags for 52 materials in 10.154615 ms
[04Oct2025 00:24:13.089] [Server thread/INFO] [slimeknights.tconstruct.library.materials.stats.MaterialStatsManager/]: 412 stats loaded for 69 materials in 21.89998 ms
[04Oct2025 00:24:13.111] [Server thread/INFO] [slimeknights.tconstruct.library.materials.traits.MaterialTraitsManager/]: 229 traits loaded for 69 materials in 21.027397 ms
[04Oct2025 00:24:13.141] [Server thread/INFO] [slimeknights.tconstruct.library.modifiers.ModifierManager/]: Loaded 154 dynamic modifiers and 4 modifier redirects in 28.562601 ms
[04Oct2025 00:24:13.151] [Server thread/INFO] [slimeknights.tconstruct.library.modifiers.ModifierManager/]: Loaded 42 modifier tags for 142 modifiers in 10.233489 ms
[04Oct2025 00:24:13.152] [Server thread/INFO] [slimeknights.tconstruct.library.modifiers.ModifierManager/]: Loaded 50 enchantment to modifier mappings in 1.343587 ms
[04Oct2025 00:24:13.157] [Server thread/INFO] [tconstruct/]: Loaded 68 spilling fluids in 3.937006 ms
[04Oct2025 00:24:13.158] [Server thread/INFO] [enderio/]: Data loader for eio_soul/spawner loaded 73 jsons
[04Oct2025 00:24:13.159] [Server thread/INFO] [enderio/]: Data loader for eio_soul/engine loaded 5 jsons
[04Oct2025 00:24:13.160] [Server thread/INFO] [slimeknights.mantle.fluid.transfer.FluidContainerTransferManager/]: Loaded 25 dynamic modifiers in 0.770164 ms
[04Oct2025 00:24:13.164] [Server thread/INFO] [placebo/]: Registered 4 gear_sets.
[04Oct2025 00:24:13.176] [Server thread/INFO] [Gateways to Eternity/]: Registered 7 gateways.
[04Oct2025 00:24:13.185] [Server thread/INFO] [slimeknights.tconstruct.library.tools.definition.ToolDefinitionLoader/]: Loaded 38 tool definitions in 7.536208 ms
[04Oct2025 00:24:13.191] [Server thread/INFO] [slimeknights.tconstruct.library.tools.layout.StationSlotLayoutLoader/]: Loaded 19 station slot layouts in 4.959344 ms
[04Oct2025 00:24:13.658] [Server thread/INFO] [Cucumber Library/]: Loaded cucumber-tags.json in 2 ms
[04Oct2025 00:24:14.055] [Server thread/INFO] [MEGA Cells/]: (Re-)initialised bulk cell compression.
[04Oct2025 00:24:14.210] [Server thread/INFO] [net.minecraft.server.MinecraftServer/]: KubeJS errors found [1]! Run '/kubejs errors server' for more info
[04Oct2025 00:24:14.224] [Server thread/INFO] [KubeJS Server/]: Server resource reload complete!
[04Oct2025 00:24:14.226] [Server thread/WARN] [net.minecraft.server.MinecraftServer/]: Can't keep up! Is the server overloaded? Running 12752ms or 255 ticks behind
